--2025-11-07 12:56:21--  http://127.0.0.1:8000/
Connecting to 127.0.0.1:8000... connected.
HTTP request sent, awaiting response... 
  HTTP/1.1 200 OK
  Host: 127.0.0.1:8000
  Date: Fri, 07 Nov 2025 12:56:21 GMT
  Connection: close
  X-Powered-By: PHP/8.2.29
  Content-type: text/html; charset=UTF-8
Length: unspecified [text/html]
Saving to: 'docs/index.html'

     0K ....                                                   12.8M=0s

Last-modified header missing -- time-stamps turned off.
2025-11-07 12:56:21 (12.8 MB/s) - 'docs/index.html' saved [4616]

Loading robots.txt; please ignore errors.
--2025-11-07 12:56:21--  http://127.0.0.1:8000/robots.txt
Connecting to 127.0.0.1:8000... connected.
HTTP request sent, awaiting response... 
  HTTP/1.1 200 OK
  Host: 127.0.0.1:8000
  Date: Fri, 07 Nov 2025 12:56:21 GMT
  Connection: close
  Content-Type: text/plain; charset=UTF-8
  Content-Length: 24
Length: 24 [text/plain]
Saving to: 'docs/robots.txt'

     0K                                                       100% 5.91M=0s

2025-11-07 12:56:21 (5.91 MB/s) - 'docs/robots.txt' saved [24/24]

--2025-11-07 12:56:21--  http://127.0.0.1:8000/image/frontpage/shim.gif
Connecting to 127.0.0.1:8000... connected.
HTTP request sent, awaiting response... 
  HTTP/1.1 200 OK
  Host: 127.0.0.1:8000
  Date: Fri, 07 Nov 2025 12:56:21 GMT
  Connection: close
  Content-Type: image/gif
  Content-Length: 43
Length: 43 [image/gif]
Saving to: 'docs/frontpage/shim.gif'

     0K                                                       100% 11.3M=0s

Last-modified header missing -- time-stamps turned off.
2025-11-07 12:56:21 (11.3 MB/s) - 'docs/frontpage/shim.gif' saved [43/43]

--2025-11-07 12:56:21--  http://127.0.0.1:8000/image/frontpage/frontpage_r1_c1.jpg
Connecting to 127.0.0.1:8000... connected.
HTTP request sent, awaiting response... 
  HTTP/1.1 200 OK
  Host: 127.0.0.1:8000
  Date: Fri, 07 Nov 2025 12:56:21 GMT
  Connection: close
  Content-Type: image/jpeg
  Content-Length: 26021
Length: 26021 (25K) [image/jpeg]
Saving to: 'docs/frontpage/frontpage_r1_c1.jpg'

     0K .......... .......... .....                           100%  538M=0s

Last-modified header missing -- time-stamps turned off.
2025-11-07 12:56:21 (538 MB/s) - 'docs/frontpage/frontpage_r1_c1.jpg' saved [26021/26021]

--2025-11-07 12:56:21--  http://127.0.0.1:8000/image/frontpage/frontpage_r2_c1.jpg
Connecting to 127.0.0.1:8000... connected.
HTTP request sent, awaiting response... 
  HTTP/1.1 200 OK
  Host: 127.0.0.1:8000
  Date: Fri, 07 Nov 2025 12:56:21 GMT
  Connection: close
  Content-Type: image/jpeg
  Content-Length: 4712
Length: 4712 (4.6K) [image/jpeg]
Saving to: 'docs/frontpage/frontpage_r2_c1.jpg'

     0K ....                                                  100% 1.11G=0s

Last-modified header missing -- time-stamps turned off.
2025-11-07 12:56:21 (1.11 GB/s) - 'docs/frontpage/frontpage_r2_c1.jpg' saved [4712/4712]

--2025-11-07 12:56:21--  http://127.0.0.1:8000/big5/index.html
Connecting to 127.0.0.1:8000... connected.
HTTP request sent, awaiting response... 
  HTTP/1.1 200 OK
  Host: 127.0.0.1:8000
  Date: Fri, 07 Nov 2025 12:56:21 GMT
  Connection: close
  Content-Type: text/html; charset=UTF-8
  Content-Length: 1697
Length: 1697 (1.7K) [text/html]
Saving to: 'docs/index.html'

     0K .                                                     100%  324M=0s

Last-modified header missing -- time-stamps turned off.
2025-11-07 12:56:21 (324 MB/s) - 'docs/index.html' saved [1697/1697]

--2025-11-07 12:56:21--  http://127.0.0.1:8000/image/frontpage/frontpage_r2_c2.jpg
Connecting to 127.0.0.1:8000... connected.
HTTP request sent, awaiting response... 
  HTTP/1.1 200 OK
  Host: 127.0.0.1:8000
  Date: Fri, 07 Nov 2025 12:56:21 GMT
  Connection: close
  Content-Type: image/jpeg
  Content-Length: 3110
Length: 3110 (3.0K) [image/jpeg]
Saving to: 'docs/frontpage/frontpage_r2_c2.jpg'

     0K ...                                                   100%  791M=0s

Last-modified header missing -- time-stamps turned off.
2025-11-07 12:56:21 (791 MB/s) - 'docs/frontpage/frontpage_r2_c2.jpg' saved [3110/3110]

--2025-11-07 12:56:21--  http://127.0.0.1:8000/image/frontpage/frontpage_r2_c3.jpg
Connecting to 127.0.0.1:8000... connected.
HTTP request sent, awaiting response... 
  HTTP/1.1 200 OK
  Host: 127.0.0.1:8000
  Date: Fri, 07 Nov 2025 12:56:21 GMT
  Connection: close
  Content-Type: image/jpeg
  Content-Length: 13256
Length: 13256 (13K) [image/jpeg]
Saving to: 'docs/frontpage/frontpage_r2_c3.jpg'

     0K .......... ..                                         100% 2.80G=0s

Last-modified header missing -- time-stamps turned off.
2025-11-07 12:56:21 (2.80 GB/s) - 'docs/frontpage/frontpage_r2_c3.jpg' saved [13256/13256]

--2025-11-07 12:56:21--  http://127.0.0.1:8000/image/frontpage/frontpage_r3_c2.jpg
Connecting to 127.0.0.1:8000... connected.
HTTP request sent, awaiting response... 
  HTTP/1.1 200 OK
  Host: 127.0.0.1:8000
  Date: Fri, 07 Nov 2025 12:56:21 GMT
  Connection: close
  Content-Type: image/jpeg
  Content-Length: 781
Length: 781 [image/jpeg]
Saving to: 'docs/frontpage/frontpage_r3_c2.jpg'

     0K                                                       100%  218M=0s

Last-modified header missing -- time-stamps turned off.
2025-11-07 12:56:21 (218 MB/s) - 'docs/frontpage/frontpage_r3_c2.jpg' saved [781/781]

--2025-11-07 12:56:21--  http://127.0.0.1:8000/image/counter/1.gif
Connecting to 127.0.0.1:8000... connected.
HTTP request sent, awaiting response... 
  HTTP/1.1 200 OK
  Host: 127.0.0.1:8000
  Date: Fri, 07 Nov 2025 12:56:21 GMT
  Connection: close
  Content-Type: image/gif
  Content-Length: 166
Length: 166 [image/gif]
Saving to: 'docs/counter/1.gif'

     0K                                                       100% 57.6M=0s

Last-modified header missing -- time-stamps turned off.
2025-11-07 12:56:21 (57.6 MB/s) - 'docs/counter/1.gif' saved [166/166]

--2025-11-07 12:56:21--  http://127.0.0.1:8000/image/counter/0.gif
Connecting to 127.0.0.1:8000... connected.
HTTP request sent, awaiting response... 
  HTTP/1.1 200 OK
  Host: 127.0.0.1:8000
  Date: Fri, 07 Nov 2025 12:56:21 GMT
  Connection: close
  Content-Type: image/gif
  Content-Length: 287
Length: 287 [image/gif]
Saving to: 'docs/counter/0.gif'

     0K                                                       100%  106M=0s

Last-modified header missing -- time-stamps turned off.
2025-11-07 12:56:21 (106 MB/s) - 'docs/counter/0.gif' saved [287/287]

--2025-11-07 12:56:21--  http://127.0.0.1:8000/image/counter/9.gif
Connecting to 127.0.0.1:8000... connected.
HTTP request sent, awaiting response... 
  HTTP/1.1 200 OK
  Host: 127.0.0.1:8000
  Date: Fri, 07 Nov 2025 12:56:21 GMT
  Connection: close
  Content-Type: image/gif
  Content-Length: 290
Length: 290 [image/gif]
Saving to: 'docs/counter/9.gif'

     0K                                                       100%  105M=0s

Last-modified header missing -- time-stamps turned off.
2025-11-07 12:56:21 (105 MB/s) - 'docs/counter/9.gif' saved [290/290]

--2025-11-07 12:56:21--  http://127.0.0.1:8000/big5/corner.htm
Connecting to 127.0.0.1:8000... connected.
HTTP request sent, awaiting response... 
  HTTP/1.1 200 OK
  Host: 127.0.0.1:8000
  Date: Fri, 07 Nov 2025 12:56:21 GMT
  Connection: close
  Content-Type: text/html; charset=UTF-8
  Content-Length: 867
Length: 867 [text/html]
Saving to: 'docs/corner.htm'

     0K                                                       100%  280M=0s

Last-modified header missing -- time-stamps turned off.
2025-11-07 12:56:21 (280 MB/s) - 'docs/corner.htm' saved [867/867]

--2025-11-07 12:56:21--  http://127.0.0.1:8000/big5/leftframe.htm
Connecting to 127.0.0.1:8000... connected.
HTTP request sent, awaiting response... 
  HTTP/1.1 200 OK
  Host: 127.0.0.1:8000
  Date: Fri, 07 Nov 2025 12:56:21 GMT
  Connection: close
  Content-Type: text/html; charset=UTF-8
  Content-Length: 571
Length: 571 [text/html]
Saving to: 'docs/leftframe.htm'

     0K                                                       100% 20.4M=0s

Last-modified header missing -- time-stamps turned off.
2025-11-07 12:56:21 (20.4 MB/s) - 'docs/leftframe.htm' saved [571/571]

--2025-11-07 12:56:21--  http://127.0.0.1:8000/big5/left.htm
Connecting to 127.0.0.1:8000... connected.
HTTP request sent, awaiting response... 
  HTTP/1.1 200 OK
  Host: 127.0.0.1:8000
  Date: Fri, 07 Nov 2025 12:56:21 GMT
  Connection: close
  Content-Type: text/html; charset=UTF-8
  Content-Length: 2170
Length: 2170 (2.1K) [text/html]
Saving to: 'docs/left.htm'

     0K ..                                                    100% 61.4M=0s

Last-modified header missing -- time-stamps turned off.
2025-11-07 12:56:21 (61.4 MB/s) - 'docs/left.htm' saved [2170/2170]

--2025-11-07 12:56:21--  http://127.0.0.1:8000/big5/right.htm
Connecting to 127.0.0.1:8000... connected.
HTTP request sent, awaiting response... 
  HTTP/1.1 200 OK
  Host: 127.0.0.1:8000
  Date: Fri, 07 Nov 2025 12:56:21 GMT
  Connection: close
  Content-Type: text/html; charset=UTF-8
  Content-Length: 571
Length: 571 [text/html]
Saving to: 'docs/right.htm'

     0K                                                       100% 19.8M=0s

Last-modified header missing -- time-stamps turned off.
2025-11-07 12:56:21 (19.8 MB/s) - 'docs/right.htm' saved [571/571]

--2025-11-07 12:56:21--  http://127.0.0.1:8000/big5/top.htm
Connecting to 127.0.0.1:8000... connected.
HTTP request sent, awaiting response... 
  HTTP/1.1 200 OK
  Host: 127.0.0.1:8000
  Date: Fri, 07 Nov 2025 12:56:21 GMT
  Connection: close
  Content-Type: text/html; charset=UTF-8
  Content-Length: 582
Length: 582 [text/html]
Saving to: 'docs/top.htm'

     0K                                                       100% 20.9M=0s

Last-modified header missing -- time-stamps turned off.
2025-11-07 12:56:21 (20.9 MB/s) - 'docs/top.htm' saved [582/582]

--2025-11-07 12:56:21--  http://127.0.0.1:8000/big5/main.htm
Connecting to 127.0.0.1:8000... connected.
HTTP request sent, awaiting response... 
  HTTP/1.1 200 OK
  Host: 127.0.0.1:8000
  Date: Fri, 07 Nov 2025 12:56:21 GMT
  Connection: close
  Content-Type: text/html; charset=UTF-8
  Content-Length: 12760
Length: 12760 (12K) [text/html]
Saving to: 'docs/main.htm'

     0K .......... ..                                         100%  219M=0s

Last-modified header missing -- time-stamps turned off.
2025-11-07 12:56:21 (219 MB/s) - 'docs/main.htm' saved [12760/12760]

--2025-11-07 12:56:21--  http://127.0.0.1:8000/image/theme00_corner.jpg
Connecting to 127.0.0.1:8000... connected.
HTTP request sent, awaiting response... 
  HTTP/1.1 200 OK
  Host: 127.0.0.1:8000
  Date: Fri, 07 Nov 2025 12:56:21 GMT
  Connection: close
  Content-Type: image/jpeg
  Content-Length: 7149
Length: 7149 (7.0K) [image/jpeg]
Saving to: 'docs/theme00_corner.jpg'

     0K ......                                                100% 1.86G=0s

Last-modified header missing -- time-stamps turned off.
2025-11-07 12:56:21 (1.86 GB/s) - 'docs/theme00_corner.jpg' saved [7149/7149]

--2025-11-07 12:56:21--  http://127.0.0.1:8000/image/theme00_left.jpg
Connecting to 127.0.0.1:8000... connected.
HTTP request sent, awaiting response... 
  HTTP/1.1 200 OK
  Host: 127.0.0.1:8000
  Date: Fri, 07 Nov 2025 12:56:21 GMT
  Connection: close
  Content-Type: image/jpeg
  Content-Length: 4121
Length: 4121 (4.0K) [image/jpeg]
Saving to: 'docs/theme00_left.jpg'

     0K ....                                                  100%  907M=0s

Last-modified header missing -- time-stamps turned off.
2025-11-07 12:56:21 (907 MB/s) - 'docs/theme00_left.jpg' saved [4121/4121]

--2025-11-07 12:56:21--  http://127.0.0.1:8000/big5/author/index.html
Connecting to 127.0.0.1:8000... connected.
HTTP request sent, awaiting response... 
  HTTP/1.1 200 OK
  Host: 127.0.0.1:8000
  Date: Fri, 07 Nov 2025 12:56:21 GMT
  Connection: close
  Content-Type: text/html; charset=UTF-8
  Content-Length: 1736
Length: 1736 (1.7K) [text/html]
Saving to: 'docs/author/index.html'

     0K .                                                     100%  441M=0s

Last-modified header missing -- time-stamps turned off.
2025-11-07 12:56:21 (441 MB/s) - 'docs/author/index.html' saved [1736/1736]

--2025-11-07 12:56:21--  http://127.0.0.1:8000/big5/book01/index.html
Connecting to 127.0.0.1:8000... connected.
HTTP request sent, awaiting response... 
  HTTP/1.1 200 OK
  Host: 127.0.0.1:8000
  Date: Fri, 07 Nov 2025 12:56:21 GMT
  Connection: close
  Content-Type: text/html; charset=UTF-8
  Content-Length: 1736
Length: 1736 (1.7K) [text/html]
Saving to: 'docs/book01/index.html'

     0K .                                                     100%  427M=0s

Last-modified header missing -- time-stamps turned off.
2025-11-07 12:56:21 (427 MB/s) - 'docs/book01/index.html' saved [1736/1736]

--2025-11-07 12:56:21--  http://127.0.0.1:8000/big5/book02/index.html
Connecting to 127.0.0.1:8000... connected.
HTTP request sent, awaiting response... 
  HTTP/1.1 200 OK
  Host: 127.0.0.1:8000
  Date: Fri, 07 Nov 2025 12:56:21 GMT
  Connection: close
  Content-Type: text/html; charset=UTF-8
  Content-Length: 1736
Length: 1736 (1.7K) [text/html]
Saving to: 'docs/book02/index.html'

     0K .                                                     100%  441M=0s

Last-modified header missing -- time-stamps turned off.
2025-11-07 12:56:21 (441 MB/s) - 'docs/book02/index.html' saved [1736/1736]

--2025-11-07 12:56:21--  http://127.0.0.1:8000/big5/book03/index.html
Connecting to 127.0.0.1:8000... connected.
HTTP request sent, awaiting response... 
  HTTP/1.1 200 OK
  Host: 127.0.0.1:8000
  Date: Fri, 07 Nov 2025 12:56:21 GMT
  Connection: close
  Content-Type: text/html; charset=UTF-8
  Content-Length: 1736
Length: 1736 (1.7K) [text/html]
Saving to: 'docs/book03/index.html'

     0K .                                                     100%  197M=0s

Last-modified header missing -- time-stamps turned off.
2025-11-07 12:56:21 (197 MB/s) - 'docs/book03/index.html' saved [1736/1736]

--2025-11-07 12:56:21--  http://127.0.0.1:8000/big5/book04/index.html
Connecting to 127.0.0.1:8000... connected.
HTTP request sent, awaiting response... 
  HTTP/1.1 200 OK
  Host: 127.0.0.1:8000
  Date: Fri, 07 Nov 2025 12:56:21 GMT
  Connection: close
  Content-Type: text/html; charset=UTF-8
  Content-Length: 1736
Length: 1736 (1.7K) [text/html]
Saving to: 'docs/book04/index.html'

     0K .                                                     100%  345M=0s

Last-modified header missing -- time-stamps turned off.
2025-11-07 12:56:21 (345 MB/s) - 'docs/book04/index.html' saved [1736/1736]

--2025-11-07 12:56:21--  http://127.0.0.1:8000/big5/book05/index.html
Connecting to 127.0.0.1:8000... connected.
HTTP request sent, awaiting response... 
  HTTP/1.1 200 OK
  Host: 127.0.0.1:8000
  Date: Fri, 07 Nov 2025 12:56:21 GMT
  Connection: close
  Content-Type: text/html; charset=UTF-8
  Content-Length: 1791
Length: 1791 (1.7K) [text/html]
Saving to: 'docs/book05/index.html'

     0K .                                                     100%  455M=0s

Last-modified header missing -- time-stamps turned off.
2025-11-07 12:56:21 (455 MB/s) - 'docs/book05/index.html' saved [1791/1791]

--2025-11-07 12:56:21--  http://127.0.0.1:8000/big5/book06/index.html
Connecting to 127.0.0.1:8000... connected.
HTTP request sent, awaiting response... 
  HTTP/1.1 200 OK
  Host: 127.0.0.1:8000
  Date: Fri, 07 Nov 2025 12:56:21 GMT
  Connection: close
  Content-Type: text/html; charset=UTF-8
  Content-Length: 1736
Length: 1736 (1.7K) [text/html]
Saving to: 'docs/book06/index.html'

     0K .                                                     100%  462M=0s

Last-modified header missing -- time-stamps turned off.
2025-11-07 12:56:21 (462 MB/s) - 'docs/book06/index.html' saved [1736/1736]

--2025-11-07 12:56:21--  http://127.0.0.1:8000/big5/book07/index.html
Connecting to 127.0.0.1:8000... connected.
HTTP request sent, awaiting response... 
  HTTP/1.1 200 OK
  Host: 127.0.0.1:8000
  Date: Fri, 07 Nov 2025 12:56:21 GMT
  Connection: close
  Content-Type: text/html; charset=UTF-8
  Content-Length: 1736
Length: 1736 (1.7K) [text/html]
Saving to: 'docs/book07/index.html'

     0K .                                                     100%  651M=0s

Last-modified header missing -- time-stamps turned off.
2025-11-07 12:56:21 (651 MB/s) - 'docs/book07/index.html' saved [1736/1736]

--2025-11-07 12:56:21--  http://127.0.0.1:8000/big5/book08/index.html
Connecting to 127.0.0.1:8000... connected.
HTTP request sent, awaiting response... 
  HTTP/1.1 200 OK
  Host: 127.0.0.1:8000
  Date: Fri, 07 Nov 2025 12:56:21 GMT
  Connection: close
  Content-Type: text/html; charset=UTF-8
  Content-Length: 1736
Length: 1736 (1.7K) [text/html]
Saving to: 'docs/book08/index.html'

     0K .                                                     100%  568M=0s

Last-modified header missing -- time-stamps turned off.
2025-11-07 12:56:21 (568 MB/s) - 'docs/book08/index.html' saved [1736/1736]

--2025-11-07 12:56:21--  http://127.0.0.1:8000/big5/book09/index.html
Connecting to 127.0.0.1:8000... connected.
HTTP request sent, awaiting response... 
  HTTP/1.1 200 OK
  Host: 127.0.0.1:8000
  Date: Fri, 07 Nov 2025 12:56:21 GMT
  Connection: close
  Content-Type: text/html; charset=UTF-8
  Content-Length: 1736
Length: 1736 (1.7K) [text/html]
Saving to: 'docs/book09/index.html'

     0K .                                                     100%  386M=0s

Last-modified header missing -- time-stamps turned off.
2025-11-07 12:56:21 (386 MB/s) - 'docs/book09/index.html' saved [1736/1736]

--2025-11-07 12:56:21--  http://127.0.0.1:8000/big5/book10/index.html
Connecting to 127.0.0.1:8000... connected.
HTTP request sent, awaiting response... 
  HTTP/1.1 200 OK
  Host: 127.0.0.1:8000
  Date: Fri, 07 Nov 2025 12:56:21 GMT
  Connection: close
  Content-Type: text/html; charset=UTF-8
  Content-Length: 1736
Length: 1736 (1.7K) [text/html]
Saving to: 'docs/book10/index.html'

     0K .                                                     100%  509M=0s

Last-modified header missing -- time-stamps turned off.
2025-11-07 12:56:21 (509 MB/s) - 'docs/book10/index.html' saved [1736/1736]

--2025-11-07 12:56:21--  http://127.0.0.1:8000/gb2312/index.html
Connecting to 127.0.0.1:8000... connected.
HTTP request sent, awaiting response... 
  HTTP/1.1 200 OK
  Host: 127.0.0.1:8000
  Date: Fri, 07 Nov 2025 12:56:21 GMT
  Connection: close
  Content-Type: text/html; charset=UTF-8
  Content-Length: 1859
Length: 1859 (1.8K) [text/html]
Saving to: 'docs/index.html'

     0K .                                                     100%  774M=0s

Last-modified header missing -- time-stamps turned off.
2025-11-07 12:56:21 (774 MB/s) - 'docs/index.html' saved [1859/1859]

--2025-11-07 12:56:21--  http://127.0.0.1:8000/image/simplify.gif
Connecting to 127.0.0.1:8000... connected.
HTTP request sent, awaiting response... 
  HTTP/1.1 200 OK
  Host: 127.0.0.1:8000
  Date: Fri, 07 Nov 2025 12:56:21 GMT
  Connection: close
  Content-Type: image/gif
  Content-Length: 138
Length: 138 [image/gif]
Saving to: 'docs/simplify.gif'

     0K                                                       100% 60.7M=0s

Last-modified header missing -- time-stamps turned off.
2025-11-07 12:56:21 (60.7 MB/s) - 'docs/simplify.gif' saved [138/138]

--2025-11-07 12:56:21--  http://127.0.0.1:8000/big5/link/index.html
Connecting to 127.0.0.1:8000... connected.
HTTP request sent, awaiting response... 
  HTTP/1.1 200 OK
  Host: 127.0.0.1:8000
  Date: Fri, 07 Nov 2025 12:56:21 GMT
  Connection: close
  Content-Type: text/html; charset=UTF-8
  Content-Length: 1736
Length: 1736 (1.7K) [text/html]
Saving to: 'docs/link/index.html'

     0K .                                                     100%  523M=0s

Last-modified header missing -- time-stamps turned off.
2025-11-07 12:56:21 (523 MB/s) - 'docs/link/index.html' saved [1736/1736]

--2025-11-07 12:56:21--  http://127.0.0.1:8000/index.php?counter=no
Connecting to 127.0.0.1:8000... connected.
HTTP request sent, awaiting response... 
  HTTP/1.1 200 OK
  Host: 127.0.0.1:8000
  Date: Fri, 07 Nov 2025 12:56:21 GMT
  Connection: close
  X-Powered-By: PHP/8.2.29
  Content-type: text/html; charset=UTF-8
Length: unspecified [text/html]
Saving to: 'docs/index.php?counter=no.html'

     0K ....                                                   12.9M=0s

Last-modified header missing -- time-stamps turned off.
2025-11-07 12:56:21 (12.9 MB/s) - 'docs/index.php?counter=no.html' saved [4616]

--2025-11-07 12:56:21--  http://127.0.0.1:8000/image/theme00_top.jpg
Connecting to 127.0.0.1:8000... connected.
HTTP request sent, awaiting response... 
  HTTP/1.1 200 OK
  Host: 127.0.0.1:8000
  Date: Fri, 07 Nov 2025 12:56:21 GMT
  Connection: close
  Content-Type: image/jpeg
  Content-Length: 9353
Length: 9353 (9.1K) [image/jpeg]
Saving to: 'docs/theme00_top.jpg'

     0K .........                                             100%  241M=0s

Last-modified header missing -- time-stamps turned off.
2025-11-07 12:56:21 (241 MB/s) - 'docs/theme00_top.jpg' saved [9353/9353]

--2025-11-07 12:56:21--  http://127.0.0.1:8000/image/theme00_main.jpg
Connecting to 127.0.0.1:8000... connected.
HTTP request sent, awaiting response... 
  HTTP/1.1 200 OK
  Host: 127.0.0.1:8000
  Date: Fri, 07 Nov 2025 12:56:21 GMT
  Connection: close
  Content-Type: image/jpeg
  Content-Length: 12450
Length: 12450 (12K) [image/jpeg]
Saving to: 'docs/theme00_main.jpg'

     0K .......... ..                                         100% 2.51G=0s

Last-modified header missing -- time-stamps turned off.
2025-11-07 12:56:21 (2.51 GB/s) - 'docs/theme00_main.jpg' saved [12450/12450]

--2025-11-07 12:56:21--  http://127.0.0.1:8000/big5/author/corner.htm
Connecting to 127.0.0.1:8000... connected.
HTTP request sent, awaiting response... 
  HTTP/1.1 200 OK
  Host: 127.0.0.1:8000
  Date: Fri, 07 Nov 2025 12:56:21 GMT
  Connection: close
  Content-Type: text/html; charset=UTF-8
  Content-Length: 878
Length: 878 [text/html]
Saving to: 'docs/author/corner.htm'

     0K                                                       100%  402M=0s

Last-modified header missing -- time-stamps turned off.
2025-11-07 12:56:21 (402 MB/s) - 'docs/author/corner.htm' saved [878/878]

--2025-11-07 12:56:21--  http://127.0.0.1:8000/big5/author/leftframe.htm
Connecting to 127.0.0.1:8000... connected.
HTTP request sent, awaiting response... 
  HTTP/1.1 200 OK
  Host: 127.0.0.1:8000
  Date: Fri, 07 Nov 2025 12:56:21 GMT
  Connection: close
  Content-Type: text/html; charset=UTF-8
  Content-Length: 571
Length: 571 [text/html]
Saving to: 'docs/author/leftframe.htm'

     0K                                                       100% 24.9M=0s

Last-modified header missing -- time-stamps turned off.
2025-11-07 12:56:21 (24.9 MB/s) - 'docs/author/leftframe.htm' saved [571/571]

--2025-11-07 12:56:21--  http://127.0.0.1:8000/big5/author/left.htm
Connecting to 127.0.0.1:8000... connected.
HTTP request sent, awaiting response... 
  HTTP/1.1 200 OK
  Host: 127.0.0.1:8000
  Date: Fri, 07 Nov 2025 12:56:21 GMT
  Connection: close
  Content-Type: text/html; charset=UTF-8
  Content-Length: 2223
Length: 2223 (2.2K) [text/html]
Saving to: 'docs/author/left.htm'

     0K ..                                                    100% 99.4M=0s

Last-modified header missing -- time-stamps turned off.
2025-11-07 12:56:21 (99.4 MB/s) - 'docs/author/left.htm' saved [2223/2223]

--2025-11-07 12:56:21--  http://127.0.0.1:8000/big5/author/right.htm
Connecting to 127.0.0.1:8000... connected.
HTTP request sent, awaiting response... 
  HTTP/1.1 200 OK
  Host: 127.0.0.1:8000
  Date: Fri, 07 Nov 2025 12:56:21 GMT
  Connection: close
  Content-Type: text/html; charset=UTF-8
  Content-Length: 801
Length: 801 [text/html]
Saving to: 'docs/author/right.htm'

     0K                                                       100% 38.8M=0s

Last-modified header missing -- time-stamps turned off.
2025-11-07 12:56:21 (38.8 MB/s) - 'docs/author/right.htm' saved [801/801]

--2025-11-07 12:56:21--  http://127.0.0.1:8000/big5/author/top.htm
Connecting to 127.0.0.1:8000... connected.
HTTP request sent, awaiting response... 
  HTTP/1.1 200 OK
  Host: 127.0.0.1:8000
  Date: Fri, 07 Nov 2025 12:56:21 GMT
  Connection: close
  Content-Type: text/html; charset=UTF-8
  Content-Length: 827
Length: 827 [text/html]
Saving to: 'docs/author/top.htm'

     0K                                                       100% 20.1M=0s

Last-modified header missing -- time-stamps turned off.
2025-11-07 12:56:21 (20.1 MB/s) - 'docs/author/top.htm' saved [827/827]

--2025-11-07 12:56:21--  http://127.0.0.1:8000/big5/author/main.htm
Connecting to 127.0.0.1:8000... connected.
HTTP request sent, awaiting response... 
  HTTP/1.1 200 OK
  Host: 127.0.0.1:8000
  Date: Fri, 07 Nov 2025 12:56:21 GMT
  Connection: close
  Content-Type: text/html; charset=UTF-8
  Content-Length: 6633
Length: 6633 (6.5K) [text/html]
Saving to: 'docs/author/main.htm'

     0K ......                                                100% 1.98G=0s

Last-modified header missing -- time-stamps turned off.
2025-11-07 12:56:21 (1.98 GB/s) - 'docs/author/main.htm' saved [6633/6633]

--2025-11-07 12:56:21--  http://127.0.0.1:8000/big5/book01/corner.htm
Connecting to 127.0.0.1:8000... connected.
HTTP request sent, awaiting response... 
  HTTP/1.1 200 OK
  Host: 127.0.0.1:8000
  Date: Fri, 07 Nov 2025 12:56:21 GMT
  Connection: close
  Content-Type: text/html; charset=UTF-8
  Content-Length: 877
Length: 877 [text/html]
Saving to: 'docs/book01/corner.htm'

     0K                                                       100% 29.3M=0s

Last-modified header missing -- time-stamps turned off.
2025-11-07 12:56:21 (29.3 MB/s) - 'docs/book01/corner.htm' saved [877/877]

--2025-11-07 12:56:21--  http://127.0.0.1:8000/big5/book01/leftframe.htm
Connecting to 127.0.0.1:8000... connected.
HTTP request sent, awaiting response... 
  HTTP/1.1 200 OK
  Host: 127.0.0.1:8000
  Date: Fri, 07 Nov 2025 12:56:21 GMT
  Connection: close
  Content-Type: text/html; charset=UTF-8
  Content-Length: 571
Length: 571 [text/html]
Saving to: 'docs/book01/leftframe.htm'

     0K                                                       100%  290M=0s

Last-modified header missing -- time-stamps turned off.
2025-11-07 12:56:21 (290 MB/s) - 'docs/book01/leftframe.htm' saved [571/571]

--2025-11-07 12:56:21--  http://127.0.0.1:8000/big5/book01/left.htm
Connecting to 127.0.0.1:8000... connected.
HTTP request sent, awaiting response... 
  HTTP/1.1 200 OK
  Host: 127.0.0.1:8000
  Date: Fri, 07 Nov 2025 12:56:21 GMT
  Connection: close
  Content-Type: text/html; charset=UTF-8
  Content-Length: 2223
Length: 2223 (2.2K) [text/html]
Saving to: 'docs/book01/left.htm'

     0K ..                                                    100% 98.4M=0s

Last-modified header missing -- time-stamps turned off.
2025-11-07 12:56:21 (98.4 MB/s) - 'docs/book01/left.htm' saved [2223/2223]

--2025-11-07 12:56:21--  http://127.0.0.1:8000/big5/book01/right.htm
Connecting to 127.0.0.1:8000... connected.
HTTP request sent, awaiting response... 
  HTTP/1.1 200 OK
  Host: 127.0.0.1:8000
  Date: Fri, 07 Nov 2025 12:56:21 GMT
  Connection: close
  Content-Type: text/html; charset=UTF-8
  Content-Length: 801
Length: 801 [text/html]
Saving to: 'docs/book01/right.htm'

     0K                                                       100% 37.3M=0s

Last-modified header missing -- time-stamps turned off.
2025-11-07 12:56:21 (37.3 MB/s) - 'docs/book01/right.htm' saved [801/801]

--2025-11-07 12:56:21--  http://127.0.0.1:8000/big5/book01/top.htm
Connecting to 127.0.0.1:8000... connected.
HTTP request sent, awaiting response... 
  HTTP/1.1 200 OK
  Host: 127.0.0.1:8000
  Date: Fri, 07 Nov 2025 12:56:21 GMT
  Connection: close
  Content-Type: text/html; charset=UTF-8
  Content-Length: 598
Length: 598 [text/html]
Saving to: 'docs/book01/top.htm'

     0K                                                       100% 27.9M=0s

Last-modified header missing -- time-stamps turned off.
2025-11-07 12:56:21 (27.9 MB/s) - 'docs/book01/top.htm' saved [598/598]

--2025-11-07 12:56:21--  http://127.0.0.1:8000/big5/book01/main.htm
Connecting to 127.0.0.1:8000... connected.
HTTP request sent, awaiting response... 
  HTTP/1.1 200 OK
  Host: 127.0.0.1:8000
  Date: Fri, 07 Nov 2025 12:56:21 GMT
  Connection: close
  Content-Type: text/html; charset=UTF-8
  Content-Length: 2521
Length: 2521 (2.5K) [text/html]
Saving to: 'docs/book01/main.htm'

     0K ..                                                    100%  144M=0s

Last-modified header missing -- time-stamps turned off.
2025-11-07 12:56:21 (144 MB/s) - 'docs/book01/main.htm' saved [2521/2521]

--2025-11-07 12:56:21--  http://127.0.0.1:8000/big5/book02/corner.htm
Connecting to 127.0.0.1:8000... connected.
HTTP request sent, awaiting response... 
  HTTP/1.1 200 OK
  Host: 127.0.0.1:8000
  Date: Fri, 07 Nov 2025 12:56:21 GMT
  Connection: close
  Content-Type: text/html; charset=UTF-8
  Content-Length: 877
Length: 877 [text/html]
Saving to: 'docs/book02/corner.htm'

     0K                                                       100% 41.4M=0s

Last-modified header missing -- time-stamps turned off.
2025-11-07 12:56:21 (41.4 MB/s) - 'docs/book02/corner.htm' saved [877/877]

--2025-11-07 12:56:21--  http://127.0.0.1:8000/big5/book02/leftframe.htm
Connecting to 127.0.0.1:8000... connected.
HTTP request sent, awaiting response... 
  HTTP/1.1 200 OK
  Host: 127.0.0.1:8000
  Date: Fri, 07 Nov 2025 12:56:21 GMT
  Connection: close
  Content-Type: text/html; charset=UTF-8
  Content-Length: 571
Length: 571 [text/html]
Saving to: 'docs/book02/leftframe.htm'

     0K                                                       100% 33.8M=0s

Last-modified header missing -- time-stamps turned off.
2025-11-07 12:56:21 (33.8 MB/s) - 'docs/book02/leftframe.htm' saved [571/571]

--2025-11-07 12:56:21--  http://127.0.0.1:8000/big5/book02/left.htm
Connecting to 127.0.0.1:8000... connected.
HTTP request sent, awaiting response... 
  HTTP/1.1 200 OK
  Host: 127.0.0.1:8000
  Date: Fri, 07 Nov 2025 12:56:21 GMT
  Connection: close
  Content-Type: text/html; charset=UTF-8
  Content-Length: 2223
Length: 2223 (2.2K) [text/html]
Saving to: 'docs/book02/left.htm'

     0K ..                                                    100%  114M=0s

Last-modified header missing -- time-stamps turned off.
2025-11-07 12:56:21 (114 MB/s) - 'docs/book02/left.htm' saved [2223/2223]

--2025-11-07 12:56:21--  http://127.0.0.1:8000/big5/book02/right.htm
Connecting to 127.0.0.1:8000... connected.
HTTP request sent, awaiting response... 
  HTTP/1.1 200 OK
  Host: 127.0.0.1:8000
  Date: Fri, 07 Nov 2025 12:56:21 GMT
  Connection: close
  Content-Type: text/html; charset=UTF-8
  Content-Length: 801
Length: 801 [text/html]
Saving to: 'docs/book02/right.htm'

     0K                                                       100% 42.8M=0s

Last-modified header missing -- time-stamps turned off.
2025-11-07 12:56:21 (42.8 MB/s) - 'docs/book02/right.htm' saved [801/801]

--2025-11-07 12:56:21--  http://127.0.0.1:8000/big5/book02/top.htm
Connecting to 127.0.0.1:8000... connected.
HTTP request sent, awaiting response... 
  HTTP/1.1 200 OK
  Host: 127.0.0.1:8000
  Date: Fri, 07 Nov 2025 12:56:21 GMT
  Connection: close
  Content-Type: text/html; charset=UTF-8
  Content-Length: 598
Length: 598 [text/html]
Saving to: 'docs/book02/top.htm'

     0K                                                       100% 27.8M=0s

Last-modified header missing -- time-stamps turned off.
2025-11-07 12:56:21 (27.8 MB/s) - 'docs/book02/top.htm' saved [598/598]

--2025-11-07 12:56:21--  http://127.0.0.1:8000/big5/book02/main.htm
Connecting to 127.0.0.1:8000... connected.
HTTP request sent, awaiting response... 
  HTTP/1.1 200 OK
  Host: 127.0.0.1:8000
  Date: Fri, 07 Nov 2025 12:56:21 GMT
  Connection: close
  Content-Type: text/html; charset=UTF-8
  Content-Length: 3282
Length: 3282 (3.2K) [text/html]
Saving to: 'docs/book02/main.htm'

     0K ...                                                   100% 48.5M=0s

Last-modified header missing -- time-stamps turned off.
2025-11-07 12:56:21 (48.5 MB/s) - 'docs/book02/main.htm' saved [3282/3282]

--2025-11-07 12:56:21--  http://127.0.0.1:8000/big5/book03/corner.htm
Connecting to 127.0.0.1:8000... connected.
HTTP request sent, awaiting response... 
  HTTP/1.1 200 OK
  Host: 127.0.0.1:8000
  Date: Fri, 07 Nov 2025 12:56:21 GMT
  Connection: close
  Content-Type: text/html; charset=UTF-8
  Content-Length: 877
Length: 877 [text/html]
Saving to: 'docs/book03/corner.htm'

     0K                                                       100% 21.4M=0s

Last-modified header missing -- time-stamps turned off.
2025-11-07 12:56:21 (21.4 MB/s) - 'docs/book03/corner.htm' saved [877/877]

--2025-11-07 12:56:21--  http://127.0.0.1:8000/big5/book03/leftframe.htm
Connecting to 127.0.0.1:8000... connected.
HTTP request sent, awaiting response... 
  HTTP/1.1 200 OK
  Host: 127.0.0.1:8000
  Date: Fri, 07 Nov 2025 12:56:21 GMT
  Connection: close
  Content-Type: text/html; charset=UTF-8
  Content-Length: 571
Length: 571 [text/html]
Saving to: 'docs/book03/leftframe.htm'

     0K                                                       100% 28.4M=0s

Last-modified header missing -- time-stamps turned off.
2025-11-07 12:56:21 (28.4 MB/s) - 'docs/book03/leftframe.htm' saved [571/571]

--2025-11-07 12:56:21--  http://127.0.0.1:8000/big5/book03/left.htm
Connecting to 127.0.0.1:8000... connected.
HTTP request sent, awaiting response... 
  HTTP/1.1 200 OK
  Host: 127.0.0.1:8000
  Date: Fri, 07 Nov 2025 12:56:21 GMT
  Connection: close
  Content-Type: text/html; charset=UTF-8
  Content-Length: 2223
Length: 2223 (2.2K) [text/html]
Saving to: 'docs/book03/left.htm'

     0K ..                                                    100%  142M=0s

Last-modified header missing -- time-stamps turned off.
2025-11-07 12:56:21 (142 MB/s) - 'docs/book03/left.htm' saved [2223/2223]

--2025-11-07 12:56:21--  http://127.0.0.1:8000/big5/book03/right.htm
Connecting to 127.0.0.1:8000... connected.
HTTP request sent, awaiting response... 
  HTTP/1.1 200 OK
  Host: 127.0.0.1:8000
  Date: Fri, 07 Nov 2025 12:56:21 GMT
  Connection: close
  Content-Type: text/html; charset=UTF-8
  Content-Length: 801
Length: 801 [text/html]
Saving to: 'docs/book03/right.htm'

     0K                                                       100%  470M=0s

Last-modified header missing -- time-stamps turned off.
2025-11-07 12:56:21 (470 MB/s) - 'docs/book03/right.htm' saved [801/801]

--2025-11-07 12:56:21--  http://127.0.0.1:8000/big5/book03/top.htm
Connecting to 127.0.0.1:8000... connected.
HTTP request sent, awaiting response... 
  HTTP/1.1 200 OK
  Host: 127.0.0.1:8000
  Date: Fri, 07 Nov 2025 12:56:21 GMT
  Connection: close
  Content-Type: text/html; charset=UTF-8
  Content-Length: 598
Length: 598 [text/html]
Saving to: 'docs/book03/top.htm'

     0K                                                       100%  380M=0s

Last-modified header missing -- time-stamps turned off.
2025-11-07 12:56:21 (380 MB/s) - 'docs/book03/top.htm' saved [598/598]

--2025-11-07 12:56:21--  http://127.0.0.1:8000/big5/book03/main.htm
Connecting to 127.0.0.1:8000... connected.
HTTP request sent, awaiting response... 
  HTTP/1.1 200 OK
  Host: 127.0.0.1:8000
  Date: Fri, 07 Nov 2025 12:56:21 GMT
  Connection: close
  Content-Type: text/html; charset=UTF-8
  Content-Length: 3904
Length: 3904 (3.8K) [text/html]
Saving to: 'docs/book03/main.htm'

     0K ...                                                   100%  199M=0s

Last-modified header missing -- time-stamps turned off.
2025-11-07 12:56:21 (199 MB/s) - 'docs/book03/main.htm' saved [3904/3904]

--2025-11-07 12:56:21--  http://127.0.0.1:8000/big5/book04/corner.htm
Connecting to 127.0.0.1:8000... connected.
HTTP request sent, awaiting response... 
  HTTP/1.1 200 OK
  Host: 127.0.0.1:8000
  Date: Fri, 07 Nov 2025 12:56:21 GMT
  Connection: close
  Content-Type: text/html; charset=UTF-8
  Content-Length: 878
Length: 878 [text/html]
Saving to: 'docs/book04/corner.htm'

     0K                                                       100% 50.1M=0s

Last-modified header missing -- time-stamps turned off.
2025-11-07 12:56:21 (50.1 MB/s) - 'docs/book04/corner.htm' saved [878/878]

--2025-11-07 12:56:21--  http://127.0.0.1:8000/big5/book04/leftframe.htm
Connecting to 127.0.0.1:8000... connected.
HTTP request sent, awaiting response... 
  HTTP/1.1 200 OK
  Host: 127.0.0.1:8000
  Date: Fri, 07 Nov 2025 12:56:21 GMT
  Connection: close
  Content-Type: text/html; charset=UTF-8
  Content-Length: 571
Length: 571 [text/html]
Saving to: 'docs/book04/leftframe.htm'

     0K                                                       100% 34.4M=0s

Last-modified header missing -- time-stamps turned off.
2025-11-07 12:56:21 (34.4 MB/s) - 'docs/book04/leftframe.htm' saved [571/571]

--2025-11-07 12:56:21--  http://127.0.0.1:8000/big5/book04/left.htm
Connecting to 127.0.0.1:8000... connected.
HTTP request sent, awaiting response... 
  HTTP/1.1 200 OK
  Host: 127.0.0.1:8000
  Date: Fri, 07 Nov 2025 12:56:21 GMT
  Connection: close
  Content-Type: text/html; charset=UTF-8
  Content-Length: 2223
Length: 2223 (2.2K) [text/html]
Saving to: 'docs/book04/left.htm'

     0K ..                                                    100%  108M=0s

Last-modified header missing -- time-stamps turned off.
2025-11-07 12:56:21 (108 MB/s) - 'docs/book04/left.htm' saved [2223/2223]

--2025-11-07 12:56:21--  http://127.0.0.1:8000/big5/book04/right.htm
Connecting to 127.0.0.1:8000... connected.
HTTP request sent, awaiting response... 
  HTTP/1.1 200 OK
  Host: 127.0.0.1:8000
  Date: Fri, 07 Nov 2025 12:56:21 GMT
  Connection: close
  Content-Type: text/html; charset=UTF-8
  Content-Length: 801
Length: 801 [text/html]
Saving to: 'docs/book04/right.htm'

     0K                                                       100% 50.5M=0s

Last-modified header missing -- time-stamps turned off.
2025-11-07 12:56:21 (50.5 MB/s) - 'docs/book04/right.htm' saved [801/801]

--2025-11-07 12:56:21--  http://127.0.0.1:8000/big5/book04/top.htm
Connecting to 127.0.0.1:8000... connected.
HTTP request sent, awaiting response... 
  HTTP/1.1 200 OK
  Host: 127.0.0.1:8000
  Date: Fri, 07 Nov 2025 12:56:21 GMT
  Connection: close
  Content-Type: text/html; charset=UTF-8
  Content-Length: 598
Length: 598 [text/html]
Saving to: 'docs/book04/top.htm'

     0K                                                       100% 36.7M=0s

Last-modified header missing -- time-stamps turned off.
2025-11-07 12:56:21 (36.7 MB/s) - 'docs/book04/top.htm' saved [598/598]

--2025-11-07 12:56:21--  http://127.0.0.1:8000/big5/book04/main.htm
Connecting to 127.0.0.1:8000... connected.
HTTP request sent, awaiting response... 
  HTTP/1.1 200 OK
  Host: 127.0.0.1:8000
  Date: Fri, 07 Nov 2025 12:56:21 GMT
  Connection: close
  Content-Type: text/html; charset=UTF-8
  Content-Length: 3841
Length: 3841 (3.8K) [text/html]
Saving to: 'docs/book04/main.htm'

     0K ...                                                   100%  233M=0s

Last-modified header missing -- time-stamps turned off.
2025-11-07 12:56:21 (233 MB/s) - 'docs/book04/main.htm' saved [3841/3841]

--2025-11-07 12:56:21--  http://127.0.0.1:8000/big5/book05/corner.htm
Connecting to 127.0.0.1:8000... connected.
HTTP request sent, awaiting response... 
  HTTP/1.1 200 OK
  Host: 127.0.0.1:8000
  Date: Fri, 07 Nov 2025 12:56:21 GMT
  Connection: close
  Content-Type: text/html; charset=UTF-8
  Content-Length: 878
Length: 878 [text/html]
Saving to: 'docs/book05/corner.htm'

     0K                                                       100%  543M=0s

Last-modified header missing -- time-stamps turned off.
2025-11-07 12:56:21 (543 MB/s) - 'docs/book05/corner.htm' saved [878/878]

--2025-11-07 12:56:21--  http://127.0.0.1:8000/big5/book05/leftframe.htm
Connecting to 127.0.0.1:8000... connected.
HTTP request sent, awaiting response... 
  HTTP/1.1 200 OK
  Host: 127.0.0.1:8000
  Date: Fri, 07 Nov 2025 12:56:21 GMT
  Connection: close
  Content-Type: text/html; charset=UTF-8
  Content-Length: 571
Length: 571 [text/html]
Saving to: 'docs/book05/leftframe.htm'

     0K                                                       100% 34.0M=0s

Last-modified header missing -- time-stamps turned off.
2025-11-07 12:56:21 (34.0 MB/s) - 'docs/book05/leftframe.htm' saved [571/571]

--2025-11-07 12:56:21--  http://127.0.0.1:8000/big5/book05/left.htm
Connecting to 127.0.0.1:8000... connected.
HTTP request sent, awaiting response... 
  HTTP/1.1 200 OK
  Host: 127.0.0.1:8000
  Date: Fri, 07 Nov 2025 12:56:21 GMT
  Connection: close
  Content-Type: text/html; charset=UTF-8
  Content-Length: 2223
Length: 2223 (2.2K) [text/html]
Saving to: 'docs/book05/left.htm'

     0K ..                                                    100% 73.5M=0s

Last-modified header missing -- time-stamps turned off.
2025-11-07 12:56:21 (73.5 MB/s) - 'docs/book05/left.htm' saved [2223/2223]

--2025-11-07 12:56:21--  http://127.0.0.1:8000/big5/book05/right.htm
Connecting to 127.0.0.1:8000... connected.
HTTP request sent, awaiting response... 
  HTTP/1.1 200 OK
  Host: 127.0.0.1:8000
  Date: Fri, 07 Nov 2025 12:56:21 GMT
  Connection: close
  Content-Type: text/html; charset=UTF-8
  Content-Length: 801
Length: 801 [text/html]
Saving to: 'docs/book05/right.htm'

     0K                                                       100% 34.9M=0s

Last-modified header missing -- time-stamps turned off.
2025-11-07 12:56:21 (34.9 MB/s) - 'docs/book05/right.htm' saved [801/801]

--2025-11-07 12:56:21--  http://127.0.0.1:8000/big5/book05/top.htm
Connecting to 127.0.0.1:8000... connected.
HTTP request sent, awaiting response... 
  HTTP/1.1 200 OK
  Host: 127.0.0.1:8000
  Date: Fri, 07 Nov 2025 12:56:21 GMT
  Connection: close
  Content-Type: text/html; charset=UTF-8
  Content-Length: 598
Length: 598 [text/html]
Saving to: 'docs/book05/top.htm'

     0K                                                       100% 34.9M=0s

Last-modified header missing -- time-stamps turned off.
2025-11-07 12:56:21 (34.9 MB/s) - 'docs/book05/top.htm' saved [598/598]

--2025-11-07 12:56:21--  http://127.0.0.1:8000/big5/book05/main.htm
Connecting to 127.0.0.1:8000... connected.
HTTP request sent, awaiting response... 
  HTTP/1.1 200 OK
  Host: 127.0.0.1:8000
  Date: Fri, 07 Nov 2025 12:56:21 GMT
  Connection: close
  Content-Type: text/html; charset=UTF-8
  Content-Length: 3694
Length: 3694 (3.6K) [text/html]
Saving to: 'docs/book05/main.htm'

     0K ...                                                   100%  214M=0s

Last-modified header missing -- time-stamps turned off.
2025-11-07 12:56:21 (214 MB/s) - 'docs/book05/main.htm' saved [3694/3694]

--2025-11-07 12:56:21--  http://127.0.0.1:8000/big5/book06/corner.htm
Connecting to 127.0.0.1:8000... connected.
HTTP request sent, awaiting response... 
  HTTP/1.1 200 OK
  Host: 127.0.0.1:8000
  Date: Fri, 07 Nov 2025 12:56:21 GMT
  Connection: close
  Content-Type: text/html; charset=UTF-8
  Content-Length: 877
Length: 877 [text/html]
Saving to: 'docs/book06/corner.htm'

     0K                                                       100% 53.5M=0s

Last-modified header missing -- time-stamps turned off.
2025-11-07 12:56:21 (53.5 MB/s) - 'docs/book06/corner.htm' saved [877/877]

--2025-11-07 12:56:21--  http://127.0.0.1:8000/big5/book06/leftframe.htm
Connecting to 127.0.0.1:8000... connected.
HTTP request sent, awaiting response... 
  HTTP/1.1 200 OK
  Host: 127.0.0.1:8000
  Date: Fri, 07 Nov 2025 12:56:21 GMT
  Connection: close
  Content-Type: text/html; charset=UTF-8
  Content-Length: 571
Length: 571 [text/html]
Saving to: 'docs/book06/leftframe.htm'

     0K                                                       100% 28.4M=0s

Last-modified header missing -- time-stamps turned off.
2025-11-07 12:56:21 (28.4 MB/s) - 'docs/book06/leftframe.htm' saved [571/571]

--2025-11-07 12:56:21--  http://127.0.0.1:8000/big5/book06/left.htm
Connecting to 127.0.0.1:8000... connected.
HTTP request sent, awaiting response... 
  HTTP/1.1 200 OK
  Host: 127.0.0.1:8000
  Date: Fri, 07 Nov 2025 12:56:21 GMT
  Connection: close
  Content-Type: text/html; charset=UTF-8
  Content-Length: 2223
Length: 2223 (2.2K) [text/html]
Saving to: 'docs/book06/left.htm'

     0K ..                                                    100% 1.21G=0s

Last-modified header missing -- time-stamps turned off.
2025-11-07 12:56:21 (1.21 GB/s) - 'docs/book06/left.htm' saved [2223/2223]

--2025-11-07 12:56:21--  http://127.0.0.1:8000/big5/book06/right.htm
Connecting to 127.0.0.1:8000... connected.
HTTP request sent, awaiting response... 
  HTTP/1.1 200 OK
  Host: 127.0.0.1:8000
  Date: Fri, 07 Nov 2025 12:56:21 GMT
  Connection: close
  Content-Type: text/html; charset=UTF-8
  Content-Length: 801
Length: 801 [text/html]
Saving to: 'docs/book06/right.htm'

     0K                                                       100% 52.1M=0s

Last-modified header missing -- time-stamps turned off.
2025-11-07 12:56:21 (52.1 MB/s) - 'docs/book06/right.htm' saved [801/801]

--2025-11-07 12:56:21--  http://127.0.0.1:8000/big5/book06/top.htm
Connecting to 127.0.0.1:8000... connected.
HTTP request sent, awaiting response... 
  HTTP/1.1 200 OK
  Host: 127.0.0.1:8000
  Date: Fri, 07 Nov 2025 12:56:21 GMT
  Connection: close
  Content-Type: text/html; charset=UTF-8
  Content-Length: 598
Length: 598 [text/html]
Saving to: 'docs/book06/top.htm'

     0K                                                       100% 40.1M=0s

Last-modified header missing -- time-stamps turned off.
2025-11-07 12:56:21 (40.1 MB/s) - 'docs/book06/top.htm' saved [598/598]

--2025-11-07 12:56:21--  http://127.0.0.1:8000/big5/book06/main.htm
Connecting to 127.0.0.1:8000... connected.
HTTP request sent, awaiting response... 
  HTTP/1.1 200 OK
  Host: 127.0.0.1:8000
  Date: Fri, 07 Nov 2025 12:56:21 GMT
  Connection: close
  Content-Type: text/html; charset=UTF-8
  Content-Length: 4407
Length: 4407 (4.3K) [text/html]
Saving to: 'docs/book06/main.htm'

     0K ....                                                  100%  273M=0s

Last-modified header missing -- time-stamps turned off.
2025-11-07 12:56:21 (273 MB/s) - 'docs/book06/main.htm' saved [4407/4407]

--2025-11-07 12:56:21--  http://127.0.0.1:8000/big5/book07/corner.htm
Connecting to 127.0.0.1:8000... connected.
HTTP request sent, awaiting response... 
  HTTP/1.1 200 OK
  Host: 127.0.0.1:8000
  Date: Fri, 07 Nov 2025 12:56:21 GMT
  Connection: close
  Content-Type: text/html; charset=UTF-8
  Content-Length: 877
Length: 877 [text/html]
Saving to: 'docs/book07/corner.htm'

     0K                                                       100%  528M=0s

Last-modified header missing -- time-stamps turned off.
2025-11-07 12:56:21 (528 MB/s) - 'docs/book07/corner.htm' saved [877/877]

--2025-11-07 12:56:21--  http://127.0.0.1:8000/big5/book07/leftframe.htm
Connecting to 127.0.0.1:8000... connected.
HTTP request sent, awaiting response... 
  HTTP/1.1 200 OK
  Host: 127.0.0.1:8000
  Date: Fri, 07 Nov 2025 12:56:21 GMT
  Connection: close
  Content-Type: text/html; charset=UTF-8
  Content-Length: 571
Length: 571 [text/html]
Saving to: 'docs/book07/leftframe.htm'

     0K                                                       100%  344M=0s

Last-modified header missing -- time-stamps turned off.
2025-11-07 12:56:21 (344 MB/s) - 'docs/book07/leftframe.htm' saved [571/571]

--2025-11-07 12:56:21--  http://127.0.0.1:8000/big5/book07/left.htm
Connecting to 127.0.0.1:8000... connected.
HTTP request sent, awaiting response... 
  HTTP/1.1 200 OK
  Host: 127.0.0.1:8000
  Date: Fri, 07 Nov 2025 12:56:21 GMT
  Connection: close
  Content-Type: text/html; charset=UTF-8
  Content-Length: 2223
Length: 2223 (2.2K) [text/html]
Saving to: 'docs/book07/left.htm'

     0K ..                                                    100%  145M=0s

Last-modified header missing -- time-stamps turned off.
2025-11-07 12:56:21 (145 MB/s) - 'docs/book07/left.htm' saved [2223/2223]

--2025-11-07 12:56:21--  http://127.0.0.1:8000/big5/book07/right.htm
Connecting to 127.0.0.1:8000... connected.
HTTP request sent, awaiting response... 
  HTTP/1.1 200 OK
  Host: 127.0.0.1:8000
  Date: Fri, 07 Nov 2025 12:56:21 GMT
  Connection: close
  Content-Type: text/html; charset=UTF-8
  Content-Length: 801
Length: 801 [text/html]
Saving to: 'docs/book07/right.htm'

     0K                                                       100% 49.5M=0s

Last-modified header missing -- time-stamps turned off.
2025-11-07 12:56:21 (49.5 MB/s) - 'docs/book07/right.htm' saved [801/801]

--2025-11-07 12:56:21--  http://127.0.0.1:8000/big5/book07/top.htm
Connecting to 127.0.0.1:8000... connected.
HTTP request sent, awaiting response... 
  HTTP/1.1 200 OK
  Host: 127.0.0.1:8000
  Date: Fri, 07 Nov 2025 12:56:21 GMT
  Connection: close
  Content-Type: text/html; charset=UTF-8
  Content-Length: 598
Length: 598 [text/html]
Saving to: 'docs/book07/top.htm'

     0K                                                       100% 38.9M=0s

Last-modified header missing -- time-stamps turned off.
2025-11-07 12:56:21 (38.9 MB/s) - 'docs/book07/top.htm' saved [598/598]

--2025-11-07 12:56:21--  http://127.0.0.1:8000/big5/book07/main.htm
Connecting to 127.0.0.1:8000... connected.
HTTP request sent, awaiting response... 
  HTTP/1.1 200 OK
  Host: 127.0.0.1:8000
  Date: Fri, 07 Nov 2025 12:56:21 GMT
  Connection: close
  Content-Type: text/html; charset=UTF-8
  Content-Length: 3890
Length: 3890 (3.8K) [text/html]
Saving to: 'docs/book07/main.htm'

     0K ...                                                   100% 1023M=0s

Last-modified header missing -- time-stamps turned off.
2025-11-07 12:56:21 (1023 MB/s) - 'docs/book07/main.htm' saved [3890/3890]

--2025-11-07 12:56:21--  http://127.0.0.1:8000/big5/book08/corner.htm
Connecting to 127.0.0.1:8000... connected.
HTTP request sent, awaiting response... 
  HTTP/1.1 200 OK
  Host: 127.0.0.1:8000
  Date: Fri, 07 Nov 2025 12:56:21 GMT
  Connection: close
  Content-Type: text/html; charset=UTF-8
  Content-Length: 877
Length: 877 [text/html]
Saving to: 'docs/book08/corner.htm'

     0K                                                       100% 55.8M=0s

Last-modified header missing -- time-stamps turned off.
2025-11-07 12:56:21 (55.8 MB/s) - 'docs/book08/corner.htm' saved [877/877]

--2025-11-07 12:56:21--  http://127.0.0.1:8000/big5/book08/leftframe.htm
Connecting to 127.0.0.1:8000... connected.
HTTP request sent, awaiting response... 
  HTTP/1.1 200 OK
  Host: 127.0.0.1:8000
  Date: Fri, 07 Nov 2025 12:56:21 GMT
  Connection: close
  Content-Type: text/html; charset=UTF-8
  Content-Length: 571
Length: 571 [text/html]
Saving to: 'docs/book08/leftframe.htm'

     0K                                                       100% 35.2M=0s

Last-modified header missing -- time-stamps turned off.
2025-11-07 12:56:21 (35.2 MB/s) - 'docs/book08/leftframe.htm' saved [571/571]

--2025-11-07 12:56:21--  http://127.0.0.1:8000/big5/book08/left.htm
Connecting to 127.0.0.1:8000... connected.
HTTP request sent, awaiting response... 
  HTTP/1.1 200 OK
  Host: 127.0.0.1:8000
  Date: Fri, 07 Nov 2025 12:56:21 GMT
  Connection: close
  Content-Type: text/html; charset=UTF-8
  Content-Length: 2223
Length: 2223 (2.2K) [text/html]
Saving to: 'docs/book08/left.htm'

     0K ..                                                    100% 65.2M=0s

Last-modified header missing -- time-stamps turned off.
2025-11-07 12:56:21 (65.2 MB/s) - 'docs/book08/left.htm' saved [2223/2223]

--2025-11-07 12:56:21--  http://127.0.0.1:8000/big5/book08/right.htm
Connecting to 127.0.0.1:8000... connected.
HTTP request sent, awaiting response... 
  HTTP/1.1 200 OK
  Host: 127.0.0.1:8000
  Date: Fri, 07 Nov 2025 12:56:21 GMT
  Connection: close
  Content-Type: text/html; charset=UTF-8
  Content-Length: 801
Length: 801 [text/html]
Saving to: 'docs/book08/right.htm'

     0K                                                       100%  374M=0s

Last-modified header missing -- time-stamps turned off.
2025-11-07 12:56:21 (374 MB/s) - 'docs/book08/right.htm' saved [801/801]

--2025-11-07 12:56:21--  http://127.0.0.1:8000/big5/book08/top.htm
Connecting to 127.0.0.1:8000... connected.
HTTP request sent, awaiting response... 
  HTTP/1.1 200 OK
  Host: 127.0.0.1:8000
  Date: Fri, 07 Nov 2025 12:56:21 GMT
  Connection: close
  Content-Type: text/html; charset=UTF-8
  Content-Length: 598
Length: 598 [text/html]
Saving to: 'docs/book08/top.htm'

     0K                                                       100% 30.6M=0s

Last-modified header missing -- time-stamps turned off.
2025-11-07 12:56:21 (30.6 MB/s) - 'docs/book08/top.htm' saved [598/598]

--2025-11-07 12:56:21--  http://127.0.0.1:8000/big5/book08/main.htm
Connecting to 127.0.0.1:8000... connected.
HTTP request sent, awaiting response... 
  HTTP/1.1 200 OK
  Host: 127.0.0.1:8000
  Date: Fri, 07 Nov 2025 12:56:21 GMT
  Connection: close
  Content-Type: text/html; charset=UTF-8
  Content-Length: 2683
Length: 2683 (2.6K) [text/html]
Saving to: 'docs/book08/main.htm'

     0K ..                                                    100%  139M=0s

Last-modified header missing -- time-stamps turned off.
2025-11-07 12:56:21 (139 MB/s) - 'docs/book08/main.htm' saved [2683/2683]

--2025-11-07 12:56:21--  http://127.0.0.1:8000/big5/book09/corner.htm
Connecting to 127.0.0.1:8000... connected.
HTTP request sent, awaiting response... 
  HTTP/1.1 200 OK
  Host: 127.0.0.1:8000
  Date: Fri, 07 Nov 2025 12:56:21 GMT
  Connection: close
  Content-Type: text/html; charset=UTF-8
  Content-Length: 885
Length: 885 [text/html]
Saving to: 'docs/book09/corner.htm'

     0K                                                       100% 51.8M=0s

Last-modified header missing -- time-stamps turned off.
2025-11-07 12:56:21 (51.8 MB/s) - 'docs/book09/corner.htm' saved [885/885]

--2025-11-07 12:56:21--  http://127.0.0.1:8000/big5/book09/leftframe.htm
Connecting to 127.0.0.1:8000... connected.
HTTP request sent, awaiting response... 
  HTTP/1.1 200 OK
  Host: 127.0.0.1:8000
  Date: Fri, 07 Nov 2025 12:56:21 GMT
  Connection: close
  Content-Type: text/html; charset=UTF-8
  Content-Length: 571
Length: 571 [text/html]
Saving to: 'docs/book09/leftframe.htm'

     0K                                                       100% 25.3M=0s

Last-modified header missing -- time-stamps turned off.
2025-11-07 12:56:21 (25.3 MB/s) - 'docs/book09/leftframe.htm' saved [571/571]

--2025-11-07 12:56:21--  http://127.0.0.1:8000/big5/book09/left.htm
Connecting to 127.0.0.1:8000... connected.
HTTP request sent, awaiting response... 
  HTTP/1.1 200 OK
  Host: 127.0.0.1:8000
  Date: Fri, 07 Nov 2025 12:56:21 GMT
  Connection: close
  Content-Type: text/html; charset=UTF-8
  Content-Length: 2223
Length: 2223 (2.2K) [text/html]
Saving to: 'docs/book09/left.htm'

     0K ..                                                    100%  112M=0s

Last-modified header missing -- time-stamps turned off.
2025-11-07 12:56:21 (112 MB/s) - 'docs/book09/left.htm' saved [2223/2223]

--2025-11-07 12:56:21--  http://127.0.0.1:8000/big5/book09/right.htm
Connecting to 127.0.0.1:8000... connected.
HTTP request sent, awaiting response... 
  HTTP/1.1 200 OK
  Host: 127.0.0.1:8000
  Date: Fri, 07 Nov 2025 12:56:21 GMT
  Connection: close
  Content-Type: text/html; charset=UTF-8
  Content-Length: 801
Length: 801 [text/html]
Saving to: 'docs/book09/right.htm'

     0K                                                       100% 41.7M=0s

Last-modified header missing -- time-stamps turned off.
2025-11-07 12:56:21 (41.7 MB/s) - 'docs/book09/right.htm' saved [801/801]

--2025-11-07 12:56:21--  http://127.0.0.1:8000/big5/book09/top.htm
Connecting to 127.0.0.1:8000... connected.
HTTP request sent, awaiting response... 
  HTTP/1.1 200 OK
  Host: 127.0.0.1:8000
  Date: Fri, 07 Nov 2025 12:56:21 GMT
  Connection: close
  Content-Type: text/html; charset=UTF-8
  Content-Length: 598
Length: 598 [text/html]
Saving to: 'docs/book09/top.htm'

     0K                                                       100%  196M=0s

Last-modified header missing -- time-stamps turned off.
2025-11-07 12:56:21 (196 MB/s) - 'docs/book09/top.htm' saved [598/598]

--2025-11-07 12:56:21--  http://127.0.0.1:8000/big5/book09/main.htm
Connecting to 127.0.0.1:8000... connected.
HTTP request sent, awaiting response... 
  HTTP/1.1 200 OK
  Host: 127.0.0.1:8000
  Date: Fri, 07 Nov 2025 12:56:21 GMT
  Connection: close
  Content-Type: text/html; charset=UTF-8
  Content-Length: 2218
Length: 2218 (2.2K) [text/html]
Saving to: 'docs/book09/main.htm'

     0K ..                                                    100%  923M=0s

Last-modified header missing -- time-stamps turned off.
2025-11-07 12:56:21 (923 MB/s) - 'docs/book09/main.htm' saved [2218/2218]

--2025-11-07 12:56:21--  http://127.0.0.1:8000/big5/book10/corner.htm
Connecting to 127.0.0.1:8000... connected.
HTTP request sent, awaiting response... 
  HTTP/1.1 200 OK
  Host: 127.0.0.1:8000
  Date: Fri, 07 Nov 2025 12:56:21 GMT
  Connection: close
  Content-Type: text/html; charset=UTF-8
  Content-Length: 878
Length: 878 [text/html]
Saving to: 'docs/book10/corner.htm'

     0K                                                       100%  248M=0s

Last-modified header missing -- time-stamps turned off.
2025-11-07 12:56:21 (248 MB/s) - 'docs/book10/corner.htm' saved [878/878]

--2025-11-07 12:56:21--  http://127.0.0.1:8000/big5/book10/leftframe.htm
Connecting to 127.0.0.1:8000... connected.
HTTP request sent, awaiting response... 
  HTTP/1.1 200 OK
  Host: 127.0.0.1:8000
  Date: Fri, 07 Nov 2025 12:56:21 GMT
  Connection: close
  Content-Type: text/html; charset=UTF-8
  Content-Length: 571
Length: 571 [text/html]
Saving to: 'docs/book10/leftframe.htm'

     0K                                                       100% 2.71M=0s

Last-modified header missing -- time-stamps turned off.
2025-11-07 12:56:21 (2.71 MB/s) - 'docs/book10/leftframe.htm' saved [571/571]

--2025-11-07 12:56:21--  http://127.0.0.1:8000/big5/book10/left.htm
Connecting to 127.0.0.1:8000... connected.
HTTP request sent, awaiting response... 
  HTTP/1.1 200 OK
  Host: 127.0.0.1:8000
  Date: Fri, 07 Nov 2025 12:56:21 GMT
  Connection: close
  Content-Type: text/html; charset=UTF-8
  Content-Length: 2225
Length: 2225 (2.2K) [text/html]
Saving to: 'docs/book10/left.htm'

     0K ..                                                    100%  225M=0s

Last-modified header missing -- time-stamps turned off.
2025-11-07 12:56:21 (225 MB/s) - 'docs/book10/left.htm' saved [2225/2225]

--2025-11-07 12:56:21--  http://127.0.0.1:8000/big5/book10/right.htm
Connecting to 127.0.0.1:8000... connected.
HTTP request sent, awaiting response... 
  HTTP/1.1 200 OK
  Host: 127.0.0.1:8000
  Date: Fri, 07 Nov 2025 12:56:21 GMT
  Connection: close
  Content-Type: text/html; charset=UTF-8
  Content-Length: 801
Length: 801 [text/html]
Saving to: 'docs/book10/right.htm'

     0K                                                       100%  255M=0s

Last-modified header missing -- time-stamps turned off.
2025-11-07 12:56:21 (255 MB/s) - 'docs/book10/right.htm' saved [801/801]

--2025-11-07 12:56:21--  http://127.0.0.1:8000/big5/book10/top.htm
Connecting to 127.0.0.1:8000... connected.
HTTP request sent, awaiting response... 
  HTTP/1.1 200 OK
  Host: 127.0.0.1:8000
  Date: Fri, 07 Nov 2025 12:56:21 GMT
  Connection: close
  Content-Type: text/html; charset=UTF-8
  Content-Length: 598
Length: 598 [text/html]
Saving to: 'docs/book10/top.htm'

     0K                                                       100%  326M=0s

Last-modified header missing -- time-stamps turned off.
2025-11-07 12:56:21 (326 MB/s) - 'docs/book10/top.htm' saved [598/598]

--2025-11-07 12:56:21--  http://127.0.0.1:8000/big5/book10/main.htm
Connecting to 127.0.0.1:8000... connected.
HTTP request sent, awaiting response... 
  HTTP/1.1 200 OK
  Host: 127.0.0.1:8000
  Date: Fri, 07 Nov 2025 12:56:21 GMT
  Connection: close
  Content-Type: text/html; charset=UTF-8
  Content-Length: 2009
Length: 2009 (2.0K) [text/html]
Saving to: 'docs/book10/main.htm'

     0K .                                                     100% 73.8M=0s

Last-modified header missing -- time-stamps turned off.
2025-11-07 12:56:21 (73.8 MB/s) - 'docs/book10/main.htm' saved [2009/2009]

--2025-11-07 12:56:21--  http://127.0.0.1:8000/gb2312/corner.htm
Connecting to 127.0.0.1:8000... connected.
HTTP request sent, awaiting response... 
  HTTP/1.1 200 OK
  Host: 127.0.0.1:8000
  Date: Fri, 07 Nov 2025 12:56:21 GMT
  Connection: close
  Content-Type: text/html; charset=UTF-8
  Content-Length: 1029
Length: 1029 (1.0K) [text/html]
Saving to: 'docs/corner.htm'

     0K .                                                     100% 12.3M=0s

Last-modified header missing -- time-stamps turned off.
2025-11-07 12:56:21 (12.3 MB/s) - 'docs/corner.htm' saved [1029/1029]

--2025-11-07 12:56:21--  http://127.0.0.1:8000/gb2312/leftframe.htm
Connecting to 127.0.0.1:8000... connected.
HTTP request sent, awaiting response... 
  HTTP/1.1 200 OK
  Host: 127.0.0.1:8000
  Date: Fri, 07 Nov 2025 12:56:21 GMT
  Connection: close
  Content-Type: text/html; charset=UTF-8
  Content-Length: 733
Length: 733 [text/html]
Saving to: 'docs/leftframe.htm'

     0K                                                       100%  305M=0s

Last-modified header missing -- time-stamps turned off.
2025-11-07 12:56:21 (305 MB/s) - 'docs/leftframe.htm' saved [733/733]

--2025-11-07 12:56:21--  http://127.0.0.1:8000/gb2312/left.htm
Connecting to 127.0.0.1:8000... connected.
HTTP request sent, awaiting response... 
  HTTP/1.1 200 OK
  Host: 127.0.0.1:8000
  Date: Fri, 07 Nov 2025 12:56:21 GMT
  Connection: close
  Content-Type: text/html; charset=UTF-8
  Content-Length: 2174
Length: 2174 (2.1K) [text/html]
Saving to: 'docs/left.htm'

     0K ..                                                    100% 65.0M=0s

Last-modified header missing -- time-stamps turned off.
2025-11-07 12:56:21 (65.0 MB/s) - 'docs/left.htm' saved [2174/2174]

--2025-11-07 12:56:21--  http://127.0.0.1:8000/gb2312/right.htm
Connecting to 127.0.0.1:8000... connected.
HTTP request sent, awaiting response... 
  HTTP/1.1 200 OK
  Host: 127.0.0.1:8000
  Date: Fri, 07 Nov 2025 12:56:21 GMT
  Connection: close
  Content-Type: text/html; charset=UTF-8
  Content-Length: 733
Length: 733 [text/html]
Saving to: 'docs/right.htm'

     0K                                                       100% 24.7M=0s

Last-modified header missing -- time-stamps turned off.
2025-11-07 12:56:21 (24.7 MB/s) - 'docs/right.htm' saved [733/733]

--2025-11-07 12:56:21--  http://127.0.0.1:8000/gb2312/top.htm
Connecting to 127.0.0.1:8000... connected.
HTTP request sent, awaiting response... 
  HTTP/1.1 200 OK
  Host: 127.0.0.1:8000
  Date: Fri, 07 Nov 2025 12:56:21 GMT
  Connection: close
  Content-Type: text/html; charset=UTF-8
  Content-Length: 754
Length: 754 [text/html]
Saving to: 'docs/top.htm'

     0K                                                       100% 23.0M=0s

Last-modified header missing -- time-stamps turned off.
2025-11-07 12:56:21 (23.0 MB/s) - 'docs/top.htm' saved [754/754]

--2025-11-07 12:56:21--  http://127.0.0.1:8000/gb2312/main.htm
Connecting to 127.0.0.1:8000... connected.
HTTP request sent, awaiting response... 
  HTTP/1.1 200 OK
  Host: 127.0.0.1:8000
  Date: Fri, 07 Nov 2025 12:56:21 GMT
  Connection: close
  Content-Type: text/html; charset=UTF-8
  Content-Length: 12762
Length: 12762 (12K) [text/html]
Saving to: 'docs/main.htm'

     0K .......... ..                                         100%  195M=0s

Last-modified header missing -- time-stamps turned off.
2025-11-07 12:56:21 (195 MB/s) - 'docs/main.htm' saved [12762/12762]

--2025-11-07 12:56:21--  http://127.0.0.1:8000/big5/link/corner.htm
Connecting to 127.0.0.1:8000... connected.
HTTP request sent, awaiting response... 
  HTTP/1.1 200 OK
  Host: 127.0.0.1:8000
  Date: Fri, 07 Nov 2025 12:56:21 GMT
  Connection: close
  Content-Type: text/html; charset=UTF-8
  Content-Length: 878
Length: 878 [text/html]
Saving to: 'docs/link/corner.htm'

     0K                                                       100%  236M=0s

Last-modified header missing -- time-stamps turned off.
2025-11-07 12:56:21 (236 MB/s) - 'docs/link/corner.htm' saved [878/878]

--2025-11-07 12:56:21--  http://127.0.0.1:8000/big5/link/leftframe.htm
Connecting to 127.0.0.1:8000... connected.
HTTP request sent, awaiting response... 
  HTTP/1.1 200 OK
  Host: 127.0.0.1:8000
  Date: Fri, 07 Nov 2025 12:56:21 GMT
  Connection: close
  Content-Type: text/html; charset=UTF-8
  Content-Length: 571
Length: 571 [text/html]
Saving to: 'docs/link/leftframe.htm'

     0K                                                       100%  229M=0s

Last-modified header missing -- time-stamps turned off.
2025-11-07 12:56:21 (229 MB/s) - 'docs/link/leftframe.htm' saved [571/571]

--2025-11-07 12:56:21--  http://127.0.0.1:8000/big5/link/left.htm
Connecting to 127.0.0.1:8000... connected.
HTTP request sent, awaiting response... 
  HTTP/1.1 200 OK
  Host: 127.0.0.1:8000
  Date: Fri, 07 Nov 2025 12:56:21 GMT
  Connection: close
  Content-Type: text/html; charset=UTF-8
  Content-Length: 2223
Length: 2223 (2.2K) [text/html]
Saving to: 'docs/link/left.htm'

     0K ..                                                    100%  771M=0s

Last-modified header missing -- time-stamps turned off.
2025-11-07 12:56:21 (771 MB/s) - 'docs/link/left.htm' saved [2223/2223]

--2025-11-07 12:56:21--  http://127.0.0.1:8000/big5/link/right.htm
Connecting to 127.0.0.1:8000... connected.
HTTP request sent, awaiting response... 
  HTTP/1.1 200 OK
  Host: 127.0.0.1:8000
  Date: Fri, 07 Nov 2025 12:56:21 GMT
  Connection: close
  Content-Type: text/html; charset=UTF-8
  Content-Length: 801
Length: 801 [text/html]
Saving to: 'docs/link/right.htm'

     0K                                                       100% 17.8M=0s

Last-modified header missing -- time-stamps turned off.
2025-11-07 12:56:21 (17.8 MB/s) - 'docs/link/right.htm' saved [801/801]

--2025-11-07 12:56:21--  http://127.0.0.1:8000/big5/link/top.htm
Connecting to 127.0.0.1:8000... connected.
HTTP request sent, awaiting response... 
  HTTP/1.1 200 OK
  Host: 127.0.0.1:8000
  Date: Fri, 07 Nov 2025 12:56:21 GMT
  Connection: close
  Content-Type: text/html; charset=UTF-8
  Content-Length: 598
Length: 598 [text/html]
Saving to: 'docs/link/top.htm'

     0K                                                       100%  193M=0s

Last-modified header missing -- time-stamps turned off.
2025-11-07 12:56:21 (193 MB/s) - 'docs/link/top.htm' saved [598/598]

--2025-11-07 12:56:21--  http://127.0.0.1:8000/big5/link/main.htm
Connecting to 127.0.0.1:8000... connected.
HTTP request sent, awaiting response... 
  HTTP/1.1 200 OK
  Host: 127.0.0.1:8000
  Date: Fri, 07 Nov 2025 12:56:21 GMT
  Connection: close
  Content-Type: text/html; charset=UTF-8
  Content-Length: 4527
Length: 4527 (4.4K) [text/html]
Saving to: 'docs/link/main.htm'

     0K ....                                                  100% 87.1M=0s

Last-modified header missing -- time-stamps turned off.
2025-11-07 12:56:21 (87.1 MB/s) - 'docs/link/main.htm' saved [4527/4527]

--2025-11-07 12:56:21--  http://127.0.0.1:8000/image/theme01_corner.jpg
Connecting to 127.0.0.1:8000... connected.
HTTP request sent, awaiting response... 
  HTTP/1.1 200 OK
  Host: 127.0.0.1:8000
  Date: Fri, 07 Nov 2025 12:56:21 GMT
  Connection: close
  Content-Type: image/jpeg
  Content-Length: 11268
Length: 11268 (11K) [image/jpeg]
Saving to: 'docs/theme01_corner.jpg'

     0K .......... .                                          100%  169M=0s

Last-modified header missing -- time-stamps turned off.
2025-11-07 12:56:21 (169 MB/s) - 'docs/theme01_corner.jpg' saved [11268/11268]

--2025-11-07 12:56:21--  http://127.0.0.1:8000/image/theme01_left.jpg
Connecting to 127.0.0.1:8000... connected.
HTTP request sent, awaiting response... 
  HTTP/1.1 200 OK
  Host: 127.0.0.1:8000
  Date: Fri, 07 Nov 2025 12:56:21 GMT
  Connection: close
  Content-Type: image/jpeg
  Content-Length: 4975
Length: 4975 (4.9K) [image/jpeg]
Saving to: 'docs/theme01_left.jpg'

     0K ....                                                  100%  185M=0s

Last-modified header missing -- time-stamps turned off.
2025-11-07 12:56:21 (185 MB/s) - 'docs/theme01_left.jpg' saved [4975/4975]

--2025-11-07 12:56:21--  http://127.0.0.1:8000/image/theme01_top.jpg
Connecting to 127.0.0.1:8000... connected.
HTTP request sent, awaiting response... 
  HTTP/1.1 200 OK
  Host: 127.0.0.1:8000
  Date: Fri, 07 Nov 2025 12:56:21 GMT
  Connection: close
  Content-Type: image/jpeg
  Content-Length: 8361
Length: 8361 (8.2K) [image/jpeg]
Saving to: 'docs/theme01_top.jpg'

     0K ........                                              100%  259M=0s

Last-modified header missing -- time-stamps turned off.
2025-11-07 12:56:21 (259 MB/s) - 'docs/theme01_top.jpg' saved [8361/8361]

--2025-11-07 12:56:21--  http://127.0.0.1:8000/image/theme01_main.jpg
Connecting to 127.0.0.1:8000... connected.
HTTP request sent, awaiting response... 
  HTTP/1.1 200 OK
  Host: 127.0.0.1:8000
  Date: Fri, 07 Nov 2025 12:56:21 GMT
  Connection: close
  Content-Type: image/jpeg
  Content-Length: 22491
Length: 22491 (22K) [image/jpeg]
Saving to: 'docs/theme01_main.jpg'

     0K .......... .......... .                               100%  921M=0s

Last-modified header missing -- time-stamps turned off.
2025-11-07 12:56:21 (921 MB/s) - 'docs/theme01_main.jpg' saved [22491/22491]

--2025-11-07 12:56:21--  http://127.0.0.1:8000/big5/book01/chapter01.htm
Connecting to 127.0.0.1:8000... connected.
HTTP request sent, awaiting response... 
  HTTP/1.1 200 OK
  Host: 127.0.0.1:8000
  Date: Fri, 07 Nov 2025 12:56:21 GMT
  Connection: close
  Content-Type: text/html; charset=UTF-8
  Content-Length: 7625
Length: 7625 (7.4K) [text/html]
Saving to: 'docs/book01/chapter01.htm'

     0K .......                                               100% 2.94G=0s

Last-modified header missing -- time-stamps turned off.
2025-11-07 12:56:21 (2.94 GB/s) - 'docs/book01/chapter01.htm' saved [7625/7625]

--2025-11-07 12:56:21--  http://127.0.0.1:8000/big5/book01/chapter02.htm
Connecting to 127.0.0.1:8000... connected.
HTTP request sent, awaiting response... 
  HTTP/1.1 200 OK
  Host: 127.0.0.1:8000
  Date: Fri, 07 Nov 2025 12:56:21 GMT
  Connection: close
  Content-Type: text/html; charset=UTF-8
  Content-Length: 21540
Length: 21540 (21K) [text/html]
Saving to: 'docs/book01/chapter02.htm'

     0K .......... .......... .                               100%  399M=0s

Last-modified header missing -- time-stamps turned off.
2025-11-07 12:56:21 (399 MB/s) - 'docs/book01/chapter02.htm' saved [21540/21540]

--2025-11-07 12:56:21--  http://127.0.0.1:8000/big5/book01/chapter03.htm
Connecting to 127.0.0.1:8000... connected.
HTTP request sent, awaiting response... 
  HTTP/1.1 200 OK
  Host: 127.0.0.1:8000
  Date: Fri, 07 Nov 2025 12:56:21 GMT
  Connection: close
  Content-Type: text/html; charset=UTF-8
  Content-Length: 14322
Length: 14322 (14K) [text/html]
Saving to: 'docs/book01/chapter03.htm'

     0K .......... ...                                        100%  635M=0s

Last-modified header missing -- time-stamps turned off.
2025-11-07 12:56:21 (635 MB/s) - 'docs/book01/chapter03.htm' saved [14322/14322]

--2025-11-07 12:56:21--  http://127.0.0.1:8000/big5/book01/chapter04.htm
Connecting to 127.0.0.1:8000... connected.
HTTP request sent, awaiting response... 
  HTTP/1.1 200 OK
  Host: 127.0.0.1:8000
  Date: Fri, 07 Nov 2025 12:56:21 GMT
  Connection: close
  Content-Type: text/html; charset=UTF-8
  Content-Length: 8742
Length: 8742 (8.5K) [text/html]
Saving to: 'docs/book01/chapter04.htm'

     0K ........                                              100% 3.91G=0s

Last-modified header missing -- time-stamps turned off.
2025-11-07 12:56:21 (3.91 GB/s) - 'docs/book01/chapter04.htm' saved [8742/8742]

--2025-11-07 12:56:21--  http://127.0.0.1:8000/big5/book01/chapter05.htm
Connecting to 127.0.0.1:8000... connected.
HTTP request sent, awaiting response... 
  HTTP/1.1 200 OK
  Host: 127.0.0.1:8000
  Date: Fri, 07 Nov 2025 12:56:21 GMT
  Connection: close
  Content-Type: text/html; charset=UTF-8
  Content-Length: 6431
Length: 6431 (6.3K) [text/html]
Saving to: 'docs/book01/chapter05.htm'

     0K ......                                                100%  104M=0s

Last-modified header missing -- time-stamps turned off.
2025-11-07 12:56:21 (104 MB/s) - 'docs/book01/chapter05.htm' saved [6431/6431]

--2025-11-07 12:56:21--  http://127.0.0.1:8000/big5/book01/chapter06.htm
Connecting to 127.0.0.1:8000... connected.
HTTP request sent, awaiting response... 
  HTTP/1.1 200 OK
  Host: 127.0.0.1:8000
  Date: Fri, 07 Nov 2025 12:56:21 GMT
  Connection: close
  Content-Type: text/html; charset=UTF-8
  Content-Length: 10944
Length: 10944 (11K) [text/html]
Saving to: 'docs/book01/chapter06.htm'

     0K ..........                                            100%  331M=0s

Last-modified header missing -- time-stamps turned off.
2025-11-07 12:56:21 (331 MB/s) - 'docs/book01/chapter06.htm' saved [10944/10944]

--2025-11-07 12:56:21--  http://127.0.0.1:8000/big5/book01/chapter07.htm
Connecting to 127.0.0.1:8000... connected.
HTTP request sent, awaiting response... 
  HTTP/1.1 200 OK
  Host: 127.0.0.1:8000
  Date: Fri, 07 Nov 2025 12:56:21 GMT
  Connection: close
  Content-Type: text/html; charset=UTF-8
  Content-Length: 15194
Length: 15194 (15K) [text/html]
Saving to: 'docs/book01/chapter07.htm'

     0K .......... ....                                       100% 1.89G=0s

Last-modified header missing -- time-stamps turned off.
2025-11-07 12:56:21 (1.89 GB/s) - 'docs/book01/chapter07.htm' saved [15194/15194]

--2025-11-07 12:56:21--  http://127.0.0.1:8000/big5/book01/chapter08.htm
Connecting to 127.0.0.1:8000... connected.
HTTP request sent, awaiting response... 
  HTTP/1.1 200 OK
  Host: 127.0.0.1:8000
  Date: Fri, 07 Nov 2025 12:56:21 GMT
  Connection: close
  Content-Type: text/html; charset=UTF-8
  Content-Length: 9869
Length: 9869 (9.6K) [text/html]
Saving to: 'docs/book01/chapter08.htm'

     0K .........                                             100%  397M=0s

Last-modified header missing -- time-stamps turned off.
2025-11-07 12:56:21 (397 MB/s) - 'docs/book01/chapter08.htm' saved [9869/9869]

--2025-11-07 12:56:21--  http://127.0.0.1:8000/big5/book01/chapter09.htm
Connecting to 127.0.0.1:8000... connected.
HTTP request sent, awaiting response... 
  HTTP/1.1 200 OK
  Host: 127.0.0.1:8000
  Date: Fri, 07 Nov 2025 12:56:21 GMT
  Connection: close
  Content-Type: text/html; charset=UTF-8
  Content-Length: 4992
Length: 4992 (4.9K) [text/html]
Saving to: 'docs/book01/chapter09.htm'

     0K ....                                                  100%  106M=0s

Last-modified header missing -- time-stamps turned off.
2025-11-07 12:56:21 (106 MB/s) - 'docs/book01/chapter09.htm' saved [4992/4992]

--2025-11-07 12:56:21--  http://127.0.0.1:8000/big5/book01/chapter10.htm
Connecting to 127.0.0.1:8000... connected.
HTTP request sent, awaiting response... 
  HTTP/1.1 200 OK
  Host: 127.0.0.1:8000
  Date: Fri, 07 Nov 2025 12:56:21 GMT
  Connection: close
  Content-Type: text/html; charset=UTF-8
  Content-Length: 6303
Length: 6303 (6.2K) [text/html]
Saving to: 'docs/book01/chapter10.htm'

     0K ......                                                100%  215M=0s

Last-modified header missing -- time-stamps turned off.
2025-11-07 12:56:21 (215 MB/s) - 'docs/book01/chapter10.htm' saved [6303/6303]

--2025-11-07 12:56:21--  http://127.0.0.1:8000/big5/book01/chapter11.htm
Connecting to 127.0.0.1:8000... connected.
HTTP request sent, awaiting response... 
  HTTP/1.1 200 OK
  Host: 127.0.0.1:8000
  Date: Fri, 07 Nov 2025 12:56:21 GMT
  Connection: close
  Content-Type: text/html; charset=UTF-8
  Content-Length: 5034
Length: 5034 (4.9K) [text/html]
Saving to: 'docs/book01/chapter11.htm'

     0K ....                                                  100% 1.73G=0s

Last-modified header missing -- time-stamps turned off.
2025-11-07 12:56:21 (1.73 GB/s) - 'docs/book01/chapter11.htm' saved [5034/5034]

--2025-11-07 12:56:21--  http://127.0.0.1:8000/big5/book01/chapter12.htm
Connecting to 127.0.0.1:8000... connected.
HTTP request sent, awaiting response... 
  HTTP/1.1 200 OK
  Host: 127.0.0.1:8000
  Date: Fri, 07 Nov 2025 12:56:21 GMT
  Connection: close
  Content-Type: text/html; charset=UTF-8
  Content-Length: 6841
Length: 6841 (6.7K) [text/html]
Saving to: 'docs/book01/chapter12.htm'

     0K ......                                                100% 1.76G=0s

Last-modified header missing -- time-stamps turned off.
2025-11-07 12:56:21 (1.76 GB/s) - 'docs/book01/chapter12.htm' saved [6841/6841]

--2025-11-07 12:56:21--  http://127.0.0.1:8000/big5/book01/chapter13.htm
Connecting to 127.0.0.1:8000... connected.
HTTP request sent, awaiting response... 
  HTTP/1.1 200 OK
  Host: 127.0.0.1:8000
  Date: Fri, 07 Nov 2025 12:56:21 GMT
  Connection: close
  Content-Type: text/html; charset=UTF-8
  Content-Length: 13438
Length: 13438 (13K) [text/html]
Saving to: 'docs/book01/chapter13.htm'

     0K .......... ...                                        100%  239M=0s

Last-modified header missing -- time-stamps turned off.
2025-11-07 12:56:21 (239 MB/s) - 'docs/book01/chapter13.htm' saved [13438/13438]

--2025-11-07 12:56:21--  http://127.0.0.1:8000/image/theme02_corner.jpg
Connecting to 127.0.0.1:8000... connected.
HTTP request sent, awaiting response... 
  HTTP/1.1 200 OK
  Host: 127.0.0.1:8000
  Date: Fri, 07 Nov 2025 12:56:21 GMT
  Connection: close
  Content-Type: image/jpeg
  Content-Length: 10006
Length: 10006 (9.8K) [image/jpeg]
Saving to: 'docs/theme02_corner.jpg'

     0K .........                                             100%  194M=0s

Last-modified header missing -- time-stamps turned off.
2025-11-07 12:56:21 (194 MB/s) - 'docs/theme02_corner.jpg' saved [10006/10006]

--2025-11-07 12:56:21--  http://127.0.0.1:8000/image/theme02_left.jpg
Connecting to 127.0.0.1:8000... connected.
HTTP request sent, awaiting response... 
  HTTP/1.1 200 OK
  Host: 127.0.0.1:8000
  Date: Fri, 07 Nov 2025 12:56:21 GMT
  Connection: close
  Content-Type: image/jpeg
  Content-Length: 4832
Length: 4832 (4.7K) [image/jpeg]
Saving to: 'docs/theme02_left.jpg'

     0K ....                                                  100% 1.89G=0s

Last-modified header missing -- time-stamps turned off.
2025-11-07 12:56:21 (1.89 GB/s) - 'docs/theme02_left.jpg' saved [4832/4832]

--2025-11-07 12:56:21--  http://127.0.0.1:8000/image/theme02_top.jpg
Connecting to 127.0.0.1:8000... connected.
HTTP request sent, awaiting response... 
  HTTP/1.1 200 OK
  Host: 127.0.0.1:8000
  Date: Fri, 07 Nov 2025 12:56:21 GMT
  Connection: close
  Content-Type: image/jpeg
  Content-Length: 9206
Length: 9206 (9.0K) [image/jpeg]
Saving to: 'docs/theme02_top.jpg'

     0K ........                                              100% 2.31G=0s

Last-modified header missing -- time-stamps turned off.
2025-11-07 12:56:21 (2.31 GB/s) - 'docs/theme02_top.jpg' saved [9206/9206]

--2025-11-07 12:56:21--  http://127.0.0.1:8000/image/theme02_main.jpg
Connecting to 127.0.0.1:8000... connected.
HTTP request sent, awaiting response... 
  HTTP/1.1 200 OK
  Host: 127.0.0.1:8000
  Date: Fri, 07 Nov 2025 12:56:21 GMT
  Connection: close
  Content-Type: image/jpeg
  Content-Length: 23831
Length: 23831 (23K) [image/jpeg]
Saving to: 'docs/theme02_main.jpg'

     0K .......... .......... ...                             100%  929M=0s

Last-modified header missing -- time-stamps turned off.
2025-11-07 12:56:21 (929 MB/s) - 'docs/theme02_main.jpg' saved [23831/23831]

--2025-11-07 12:56:21--  http://127.0.0.1:8000/big5/book02/chapter00.htm
Connecting to 127.0.0.1:8000... connected.
HTTP request sent, awaiting response... 
  HTTP/1.1 200 OK
  Host: 127.0.0.1:8000
  Date: Fri, 07 Nov 2025 12:56:21 GMT
  Connection: close
  Content-Type: text/html; charset=UTF-8
  Content-Length: 1912
Length: 1912 (1.9K) [text/html]
Saving to: 'docs/book02/chapter00.htm'

     0K .                                                     100%  994M=0s

Last-modified header missing -- time-stamps turned off.
2025-11-07 12:56:21 (994 MB/s) - 'docs/book02/chapter00.htm' saved [1912/1912]

--2025-11-07 12:56:21--  http://127.0.0.1:8000/big5/book02/chapter01.htm
Connecting to 127.0.0.1:8000... connected.
HTTP request sent, awaiting response... 
  HTTP/1.1 200 OK
  Host: 127.0.0.1:8000
  Date: Fri, 07 Nov 2025 12:56:21 GMT
  Connection: close
  Content-Type: text/html; charset=UTF-8
  Content-Length: 10681
Length: 10681 (10K) [text/html]
Saving to: 'docs/book02/chapter01.htm'

     0K ..........                                            100%  505M=0s

Last-modified header missing -- time-stamps turned off.
2025-11-07 12:56:21 (505 MB/s) - 'docs/book02/chapter01.htm' saved [10681/10681]

--2025-11-07 12:56:21--  http://127.0.0.1:8000/big5/book02/chapter02.htm
Connecting to 127.0.0.1:8000... connected.
HTTP request sent, awaiting response... 
  HTTP/1.1 200 OK
  Host: 127.0.0.1:8000
  Date: Fri, 07 Nov 2025 12:56:21 GMT
  Connection: close
  Content-Type: text/html; charset=UTF-8
  Content-Length: 5730
Length: 5730 (5.6K) [text/html]
Saving to: 'docs/book02/chapter02.htm'

     0K .....                                                 100% 2.79G=0s

Last-modified header missing -- time-stamps turned off.
2025-11-07 12:56:21 (2.79 GB/s) - 'docs/book02/chapter02.htm' saved [5730/5730]

--2025-11-07 12:56:21--  http://127.0.0.1:8000/big5/book02/chapter03.htm
Connecting to 127.0.0.1:8000... connected.
HTTP request sent, awaiting response... 
  HTTP/1.1 200 OK
  Host: 127.0.0.1:8000
  Date: Fri, 07 Nov 2025 12:56:21 GMT
  Connection: close
  Content-Type: text/html; charset=UTF-8
  Content-Length: 4812
Length: 4812 (4.7K) [text/html]
Saving to: 'docs/book02/chapter03.htm'

     0K ....                                                  100%  209M=0s

Last-modified header missing -- time-stamps turned off.
2025-11-07 12:56:21 (209 MB/s) - 'docs/book02/chapter03.htm' saved [4812/4812]

--2025-11-07 12:56:21--  http://127.0.0.1:8000/big5/book02/chapter04.htm
Connecting to 127.0.0.1:8000... connected.
HTTP request sent, awaiting response... 
  HTTP/1.1 200 OK
  Host: 127.0.0.1:8000
  Date: Fri, 07 Nov 2025 12:56:21 GMT
  Connection: close
  Content-Type: text/html; charset=UTF-8
  Content-Length: 4647
Length: 4647 (4.5K) [text/html]
Saving to: 'docs/book02/chapter04.htm'

     0K ....                                                  100%  249M=0s

Last-modified header missing -- time-stamps turned off.
2025-11-07 12:56:21 (249 MB/s) - 'docs/book02/chapter04.htm' saved [4647/4647]

--2025-11-07 12:56:21--  http://127.0.0.1:8000/big5/book02/chapter05.htm
Connecting to 127.0.0.1:8000... connected.
HTTP request sent, awaiting response... 
  HTTP/1.1 200 OK
  Host: 127.0.0.1:8000
  Date: Fri, 07 Nov 2025 12:56:21 GMT
  Connection: close
  Content-Type: text/html; charset=UTF-8
  Content-Length: 6711
Length: 6711 (6.6K) [text/html]
Saving to: 'docs/book02/chapter05.htm'

     0K ......                                                100%  417M=0s

Last-modified header missing -- time-stamps turned off.
2025-11-07 12:56:21 (417 MB/s) - 'docs/book02/chapter05.htm' saved [6711/6711]

--2025-11-07 12:56:21--  http://127.0.0.1:8000/big5/book02/chapter06.htm
Connecting to 127.0.0.1:8000... connected.
HTTP request sent, awaiting response... 
  HTTP/1.1 200 OK
  Host: 127.0.0.1:8000
  Date: Fri, 07 Nov 2025 12:56:21 GMT
  Connection: close
  Content-Type: text/html; charset=UTF-8
  Content-Length: 5372
Length: 5372 (5.2K) [text/html]
Saving to: 'docs/book02/chapter06.htm'

     0K .....                                                 100% 92.3M=0s

Last-modified header missing -- time-stamps turned off.
2025-11-07 12:56:21 (92.3 MB/s) - 'docs/book02/chapter06.htm' saved [5372/5372]

--2025-11-07 12:56:21--  http://127.0.0.1:8000/big5/book02/chapter07.htm
Connecting to 127.0.0.1:8000... connected.
HTTP request sent, awaiting response... 
  HTTP/1.1 200 OK
  Host: 127.0.0.1:8000
  Date: Fri, 07 Nov 2025 12:56:21 GMT
  Connection: close
  Content-Type: text/html; charset=UTF-8
  Content-Length: 2478
Length: 2478 (2.4K) [text/html]
Saving to: 'docs/book02/chapter07.htm'

     0K ..                                                    100% 74.4M=0s

Last-modified header missing -- time-stamps turned off.
2025-11-07 12:56:21 (74.4 MB/s) - 'docs/book02/chapter07.htm' saved [2478/2478]

--2025-11-07 12:56:21--  http://127.0.0.1:8000/big5/book02/chapter08.htm
Connecting to 127.0.0.1:8000... connected.
HTTP request sent, awaiting response... 
  HTTP/1.1 200 OK
  Host: 127.0.0.1:8000
  Date: Fri, 07 Nov 2025 12:56:21 GMT
  Connection: close
  Content-Type: text/html; charset=UTF-8
  Content-Length: 2445
Length: 2445 (2.4K) [text/html]
Saving to: 'docs/book02/chapter08.htm'

     0K ..                                                    100%  152M=0s

Last-modified header missing -- time-stamps turned off.
2025-11-07 12:56:21 (152 MB/s) - 'docs/book02/chapter08.htm' saved [2445/2445]

--2025-11-07 12:56:21--  http://127.0.0.1:8000/big5/book02/chapter09.htm
Connecting to 127.0.0.1:8000... connected.
HTTP request sent, awaiting response... 
  HTTP/1.1 200 OK
  Host: 127.0.0.1:8000
  Date: Fri, 07 Nov 2025 12:56:21 GMT
  Connection: close
  Content-Type: text/html; charset=UTF-8
  Content-Length: 3656
Length: 3656 (3.6K) [text/html]
Saving to: 'docs/book02/chapter09.htm'

     0K ...                                                   100%  229M=0s

Last-modified header missing -- time-stamps turned off.
2025-11-07 12:56:21 (229 MB/s) - 'docs/book02/chapter09.htm' saved [3656/3656]

--2025-11-07 12:56:21--  http://127.0.0.1:8000/big5/book02/chapter10.htm
Connecting to 127.0.0.1:8000... connected.
HTTP request sent, awaiting response... 
  HTTP/1.1 200 OK
  Host: 127.0.0.1:8000
  Date: Fri, 07 Nov 2025 12:56:21 GMT
  Connection: close
  Content-Type: text/html; charset=UTF-8
  Content-Length: 6859
Length: 6859 (6.7K) [text/html]
Saving to: 'docs/book02/chapter10.htm'

     0K ......                                                100%  431M=0s

Last-modified header missing -- time-stamps turned off.
2025-11-07 12:56:21 (431 MB/s) - 'docs/book02/chapter10.htm' saved [6859/6859]

--2025-11-07 12:56:21--  http://127.0.0.1:8000/big5/book02/chapter11.htm
Connecting to 127.0.0.1:8000... connected.
HTTP request sent, awaiting response... 
  HTTP/1.1 200 OK
  Host: 127.0.0.1:8000
  Date: Fri, 07 Nov 2025 12:56:21 GMT
  Connection: close
  Content-Type: text/html; charset=UTF-8
  Content-Length: 4929
Length: 4929 (4.8K) [text/html]
Saving to: 'docs/book02/chapter11.htm'

     0K ....                                                  100% 2.20G=0s

Last-modified header missing -- time-stamps turned off.
2025-11-07 12:56:21 (2.20 GB/s) - 'docs/book02/chapter11.htm' saved [4929/4929]

--2025-11-07 12:56:21--  http://127.0.0.1:8000/big5/book02/chapter12.htm
Connecting to 127.0.0.1:8000... connected.
HTTP request sent, awaiting response... 
  HTTP/1.1 200 OK
  Host: 127.0.0.1:8000
  Date: Fri, 07 Nov 2025 12:56:21 GMT
  Connection: close
  Content-Type: text/html; charset=UTF-8
  Content-Length: 2443
Length: 2443 (2.4K) [text/html]
Saving to: 'docs/book02/chapter12.htm'

     0K ..                                                    100% 1.48G=0s

Last-modified header missing -- time-stamps turned off.
2025-11-07 12:56:21 (1.48 GB/s) - 'docs/book02/chapter12.htm' saved [2443/2443]

--2025-11-07 12:56:21--  http://127.0.0.1:8000/big5/book02/chapter13.htm
Connecting to 127.0.0.1:8000... connected.
HTTP request sent, awaiting response... 
  HTTP/1.1 200 OK
  Host: 127.0.0.1:8000
  Date: Fri, 07 Nov 2025 12:56:21 GMT
  Connection: close
  Content-Type: text/html; charset=UTF-8
  Content-Length: 8652
Length: 8652 (8.4K) [text/html]
Saving to: 'docs/book02/chapter13.htm'

     0K ........                                              100%  259M=0s

Last-modified header missing -- time-stamps turned off.
2025-11-07 12:56:21 (259 MB/s) - 'docs/book02/chapter13.htm' saved [8652/8652]

--2025-11-07 12:56:21--  http://127.0.0.1:8000/big5/book02/chapter14.htm
Connecting to 127.0.0.1:8000... connected.
HTTP request sent, awaiting response... 
  HTTP/1.1 200 OK
  Host: 127.0.0.1:8000
  Date: Fri, 07 Nov 2025 12:56:21 GMT
  Connection: close
  Content-Type: text/html; charset=UTF-8
  Content-Length: 5050
Length: 5050 (4.9K) [text/html]
Saving to: 'docs/book02/chapter14.htm'

     0K ....                                                  100% 1.82G=0s

Last-modified header missing -- time-stamps turned off.
2025-11-07 12:56:21 (1.82 GB/s) - 'docs/book02/chapter14.htm' saved [5050/5050]

--2025-11-07 12:56:21--  http://127.0.0.1:8000/big5/book02/chapter15.htm
Connecting to 127.0.0.1:8000... connected.
HTTP request sent, awaiting response... 
  HTTP/1.1 200 OK
  Host: 127.0.0.1:8000
  Date: Fri, 07 Nov 2025 12:56:21 GMT
  Connection: close
  Content-Type: text/html; charset=UTF-8
  Content-Length: 3713
Length: 3713 (3.6K) [text/html]
Saving to: 'docs/book02/chapter15.htm'

     0K ...                                                   100%  171M=0s

Last-modified header missing -- time-stamps turned off.
2025-11-07 12:56:21 (171 MB/s) - 'docs/book02/chapter15.htm' saved [3713/3713]

--2025-11-07 12:56:21--  http://127.0.0.1:8000/big5/book02/chapter16.htm
Connecting to 127.0.0.1:8000... connected.
HTTP request sent, awaiting response... 
  HTTP/1.1 200 OK
  Host: 127.0.0.1:8000
  Date: Fri, 07 Nov 2025 12:56:21 GMT
  Connection: close
  Content-Type: text/html; charset=UTF-8
  Content-Length: 2489
Length: 2489 (2.4K) [text/html]
Saving to: 'docs/book02/chapter16.htm'

     0K ..                                                    100% 1.09G=0s

Last-modified header missing -- time-stamps turned off.
2025-11-07 12:56:21 (1.09 GB/s) - 'docs/book02/chapter16.htm' saved [2489/2489]

--2025-11-07 12:56:21--  http://127.0.0.1:8000/big5/book02/chapter17.htm
Connecting to 127.0.0.1:8000... connected.
HTTP request sent, awaiting response... 
  HTTP/1.1 200 OK
  Host: 127.0.0.1:8000
  Date: Fri, 07 Nov 2025 12:56:21 GMT
  Connection: close
  Content-Type: text/html; charset=UTF-8
  Content-Length: 10731
Length: 10731 (10K) [text/html]
Saving to: 'docs/book02/chapter17.htm'

     0K ..........                                            100%  414M=0s

Last-modified header missing -- time-stamps turned off.
2025-11-07 12:56:21 (414 MB/s) - 'docs/book02/chapter17.htm' saved [10731/10731]

--2025-11-07 12:56:21--  http://127.0.0.1:8000/big5/book02/chapter18.htm
Connecting to 127.0.0.1:8000... connected.
HTTP request sent, awaiting response... 
  HTTP/1.1 200 OK
  Host: 127.0.0.1:8000
  Date: Fri, 07 Nov 2025 12:56:21 GMT
  Connection: close
  Content-Type: text/html; charset=UTF-8
  Content-Length: 7642
Length: 7642 (7.5K) [text/html]
Saving to: 'docs/book02/chapter18.htm'

     0K .......                                               100% 4.07G=0s

Last-modified header missing -- time-stamps turned off.
2025-11-07 12:56:21 (4.07 GB/s) - 'docs/book02/chapter18.htm' saved [7642/7642]

--2025-11-07 12:56:21--  http://127.0.0.1:8000/big5/book02/chapter19.htm
Connecting to 127.0.0.1:8000... connected.
HTTP request sent, awaiting response... 
  HTTP/1.1 200 OK
  Host: 127.0.0.1:8000
  Date: Fri, 07 Nov 2025 12:56:21 GMT
  Connection: close
  Content-Type: text/html; charset=UTF-8
  Content-Length: 3744
Length: 3744 (3.7K) [text/html]
Saving to: 'docs/book02/chapter19.htm'

     0K ...                                                   100%  165M=0s

Last-modified header missing -- time-stamps turned off.
2025-11-07 12:56:21 (165 MB/s) - 'docs/book02/chapter19.htm' saved [3744/3744]

--2025-11-07 12:56:21--  http://127.0.0.1:8000/big5/book02/chapter20.htm
Connecting to 127.0.0.1:8000... connected.
HTTP request sent, awaiting response... 
  HTTP/1.1 200 OK
  Host: 127.0.0.1:8000
  Date: Fri, 07 Nov 2025 12:56:21 GMT
  Connection: close
  Content-Type: text/html; charset=UTF-8
  Content-Length: 4425
Length: 4425 (4.3K) [text/html]
Saving to: 'docs/book02/chapter20.htm'

     0K ....                                                  100%  201M=0s

Last-modified header missing -- time-stamps turned off.
2025-11-07 12:56:21 (201 MB/s) - 'docs/book02/chapter20.htm' saved [4425/4425]

--2025-11-07 12:56:21--  http://127.0.0.1:8000/big5/book02/chapter21.htm
Connecting to 127.0.0.1:8000... connected.
HTTP request sent, awaiting response... 
  HTTP/1.1 200 OK
  Host: 127.0.0.1:8000
  Date: Fri, 07 Nov 2025 12:56:21 GMT
  Connection: close
  Content-Type: text/html; charset=UTF-8
  Content-Length: 2546
Length: 2546 (2.5K) [text/html]
Saving to: 'docs/book02/chapter21.htm'

     0K ..                                                    100% 1.46G=0s

Last-modified header missing -- time-stamps turned off.
2025-11-07 12:56:21 (1.46 GB/s) - 'docs/book02/chapter21.htm' saved [2546/2546]

--2025-11-07 12:56:21--  http://127.0.0.1:8000/big5/book02/chapter22.htm
Connecting to 127.0.0.1:8000... connected.
HTTP request sent, awaiting response... 
  HTTP/1.1 200 OK
  Host: 127.0.0.1:8000
  Date: Fri, 07 Nov 2025 12:56:21 GMT
  Connection: close
  Content-Type: text/html; charset=UTF-8
  Content-Length: 6664
Length: 6664 (6.5K) [text/html]
Saving to: 'docs/book02/chapter22.htm'

     0K ......                                                100% 2.26G=0s

Last-modified header missing -- time-stamps turned off.
2025-11-07 12:56:21 (2.26 GB/s) - 'docs/book02/chapter22.htm' saved [6664/6664]

--2025-11-07 12:56:21--  http://127.0.0.1:8000/big5/book02/chapter23.htm
Connecting to 127.0.0.1:8000... connected.
HTTP request sent, awaiting response... 
  HTTP/1.1 200 OK
  Host: 127.0.0.1:8000
  Date: Fri, 07 Nov 2025 12:56:21 GMT
  Connection: close
  Content-Type: text/html; charset=UTF-8
  Content-Length: 13849
Length: 13849 (14K) [text/html]
Saving to: 'docs/book02/chapter23.htm'

     0K .......... ...                                        100% 4.49G=0s

Last-modified header missing -- time-stamps turned off.
2025-11-07 12:56:21 (4.49 GB/s) - 'docs/book02/chapter23.htm' saved [13849/13849]

--2025-11-07 12:56:21--  http://127.0.0.1:8000/big5/book02/chapter24.htm
Connecting to 127.0.0.1:8000... connected.
HTTP request sent, awaiting response... 
  HTTP/1.1 200 OK
  Host: 127.0.0.1:8000
  Date: Fri, 07 Nov 2025 12:56:21 GMT
  Connection: close
  Content-Type: text/html; charset=UTF-8
  Content-Length: 1623
Length: 1623 (1.6K) [text/html]
Saving to: 'docs/book02/chapter24.htm'

     0K .                                                     100% 77.1M=0s

Last-modified header missing -- time-stamps turned off.
2025-11-07 12:56:21 (77.1 MB/s) - 'docs/book02/chapter24.htm' saved [1623/1623]

--2025-11-07 12:56:21--  http://127.0.0.1:8000/big5/book02/chapter25.htm
Connecting to 127.0.0.1:8000... connected.
HTTP request sent, awaiting response... 
  HTTP/1.1 200 OK
  Host: 127.0.0.1:8000
  Date: Fri, 07 Nov 2025 12:56:21 GMT
  Connection: close
  Content-Type: text/html; charset=UTF-8
  Content-Length: 9746
Length: 9746 (9.5K) [text/html]
Saving to: 'docs/book02/chapter25.htm'

     0K .........                                             100%  470M=0s

Last-modified header missing -- time-stamps turned off.
2025-11-07 12:56:21 (470 MB/s) - 'docs/book02/chapter25.htm' saved [9746/9746]

--2025-11-07 12:56:21--  http://127.0.0.1:8000/big5/book02/chapter26.htm
Connecting to 127.0.0.1:8000... connected.
HTTP request sent, awaiting response... 
  HTTP/1.1 200 OK
  Host: 127.0.0.1:8000
  Date: Fri, 07 Nov 2025 12:56:21 GMT
  Connection: close
  Content-Type: text/html; charset=UTF-8
  Content-Length: 3070
Length: 3070 (3.0K) [text/html]
Saving to: 'docs/book02/chapter26.htm'

     0K ..                                                    100%  186M=0s

Last-modified header missing -- time-stamps turned off.
2025-11-07 12:56:21 (186 MB/s) - 'docs/book02/chapter26.htm' saved [3070/3070]

--2025-11-07 12:56:21--  http://127.0.0.1:8000/image/theme03_corner.jpg
Connecting to 127.0.0.1:8000... connected.
HTTP request sent, awaiting response... 
  HTTP/1.1 200 OK
  Host: 127.0.0.1:8000
  Date: Fri, 07 Nov 2025 12:56:21 GMT
  Connection: close
  Content-Type: image/jpeg
  Content-Length: 10517
Length: 10517 (10K) [image/jpeg]
Saving to: 'docs/theme03_corner.jpg'

     0K ..........                                            100%  295M=0s

Last-modified header missing -- time-stamps turned off.
2025-11-07 12:56:21 (295 MB/s) - 'docs/theme03_corner.jpg' saved [10517/10517]

--2025-11-07 12:56:21--  http://127.0.0.1:8000/image/theme03_left.jpg
Connecting to 127.0.0.1:8000... connected.
HTTP request sent, awaiting response... 
  HTTP/1.1 200 OK
  Host: 127.0.0.1:8000
  Date: Fri, 07 Nov 2025 12:56:21 GMT
  Connection: close
  Content-Type: image/jpeg
  Content-Length: 5387
Length: 5387 (5.3K) [image/jpeg]
Saving to: 'docs/theme03_left.jpg'

     0K .....                                                 100% 2.62G=0s

Last-modified header missing -- time-stamps turned off.
2025-11-07 12:56:21 (2.62 GB/s) - 'docs/theme03_left.jpg' saved [5387/5387]

--2025-11-07 12:56:21--  http://127.0.0.1:8000/image/theme03_top.jpg
Connecting to 127.0.0.1:8000... connected.
HTTP request sent, awaiting response... 
  HTTP/1.1 200 OK
  Host: 127.0.0.1:8000
  Date: Fri, 07 Nov 2025 12:56:21 GMT
  Connection: close
  Content-Type: image/jpeg
  Content-Length: 9460
Length: 9460 (9.2K) [image/jpeg]
Saving to: 'docs/theme03_top.jpg'

     0K .........                                             100% 4.60G=0s

Last-modified header missing -- time-stamps turned off.
2025-11-07 12:56:21 (4.60 GB/s) - 'docs/theme03_top.jpg' saved [9460/9460]

--2025-11-07 12:56:21--  http://127.0.0.1:8000/image/theme03_main.jpg
Connecting to 127.0.0.1:8000... connected.
HTTP request sent, awaiting response... 
  HTTP/1.1 200 OK
  Host: 127.0.0.1:8000
  Date: Fri, 07 Nov 2025 12:56:21 GMT
  Connection: close
  Content-Type: image/jpeg
  Content-Length: 22391
Length: 22391 (22K) [image/jpeg]
Saving to: 'docs/theme03_main.jpg'

     0K .......... .......... .                               100% 5.50G=0s

Last-modified header missing -- time-stamps turned off.
2025-11-07 12:56:21 (5.50 GB/s) - 'docs/theme03_main.jpg' saved [22391/22391]

--2025-11-07 12:56:21--  http://127.0.0.1:8000/big5/book03/chapter01.htm
Connecting to 127.0.0.1:8000... connected.
HTTP request sent, awaiting response... 
  HTTP/1.1 200 OK
  Host: 127.0.0.1:8000
  Date: Fri, 07 Nov 2025 12:56:21 GMT
  Connection: close
  Content-Type: text/html; charset=UTF-8
  Content-Length: 4214
Length: 4214 (4.1K) [text/html]
Saving to: 'docs/book03/chapter01.htm'

     0K ....                                                  100% 2.30G=0s

Last-modified header missing -- time-stamps turned off.
2025-11-07 12:56:21 (2.30 GB/s) - 'docs/book03/chapter01.htm' saved [4214/4214]

--2025-11-07 12:56:21--  http://127.0.0.1:8000/big5/book03/chapter02.htm
Connecting to 127.0.0.1:8000... connected.
HTTP request sent, awaiting response... 
  HTTP/1.1 200 OK
  Host: 127.0.0.1:8000
  Date: Fri, 07 Nov 2025 12:56:21 GMT
  Connection: close
  Content-Type: text/html; charset=UTF-8
  Content-Length: 3019
Length: 3019 (2.9K) [text/html]
Saving to: 'docs/book03/chapter02.htm'

     0K ..                                                    100%  142M=0s

Last-modified header missing -- time-stamps turned off.
2025-11-07 12:56:21 (142 MB/s) - 'docs/book03/chapter02.htm' saved [3019/3019]

--2025-11-07 12:56:21--  http://127.0.0.1:8000/big5/book03/chapter03.htm
Connecting to 127.0.0.1:8000... connected.
HTTP request sent, awaiting response... 
  HTTP/1.1 200 OK
  Host: 127.0.0.1:8000
  Date: Fri, 07 Nov 2025 12:56:21 GMT
  Connection: close
  Content-Type: text/html; charset=UTF-8
  Content-Length: 9649
Length: 9649 (9.4K) [text/html]
Saving to: 'docs/book03/chapter03.htm'

     0K .........                                             100% 4.15G=0s

Last-modified header missing -- time-stamps turned off.
2025-11-07 12:56:21 (4.15 GB/s) - 'docs/book03/chapter03.htm' saved [9649/9649]

--2025-11-07 12:56:21--  http://127.0.0.1:8000/big5/book03/chapter04.htm
Connecting to 127.0.0.1:8000... connected.
HTTP request sent, awaiting response... 
  HTTP/1.1 200 OK
  Host: 127.0.0.1:8000
  Date: Fri, 07 Nov 2025 12:56:21 GMT
  Connection: close
  Content-Type: text/html; charset=UTF-8
  Content-Length: 9701
Length: 9701 (9.5K) [text/html]
Saving to: 'docs/book03/chapter04.htm'

     0K .........                                             100%  218M=0s

Last-modified header missing -- time-stamps turned off.
2025-11-07 12:56:21 (218 MB/s) - 'docs/book03/chapter04.htm' saved [9701/9701]

--2025-11-07 12:56:21--  http://127.0.0.1:8000/big5/book03/chapter05.htm
Connecting to 127.0.0.1:8000... connected.
HTTP request sent, awaiting response... 
  HTTP/1.1 200 OK
  Host: 127.0.0.1:8000
  Date: Fri, 07 Nov 2025 12:56:21 GMT
  Connection: close
  Content-Type: text/html; charset=UTF-8
  Content-Length: 4289
Length: 4289 (4.2K) [text/html]
Saving to: 'docs/book03/chapter05.htm'

     0K ....                                                  100%  206M=0s

Last-modified header missing -- time-stamps turned off.
2025-11-07 12:56:21 (206 MB/s) - 'docs/book03/chapter05.htm' saved [4289/4289]

--2025-11-07 12:56:21--  http://127.0.0.1:8000/big5/book03/chapter06.htm
Connecting to 127.0.0.1:8000... connected.
HTTP request sent, awaiting response... 
  HTTP/1.1 200 OK
  Host: 127.0.0.1:8000
  Date: Fri, 07 Nov 2025 12:56:21 GMT
  Connection: close
  Content-Type: text/html; charset=UTF-8
  Content-Length: 11536
Length: 11536 (11K) [text/html]
Saving to: 'docs/book03/chapter06.htm'

     0K .......... .                                          100%  521M=0s

Last-modified header missing -- time-stamps turned off.
2025-11-07 12:56:21 (521 MB/s) - 'docs/book03/chapter06.htm' saved [11536/11536]

--2025-11-07 12:56:21--  http://127.0.0.1:8000/big5/book03/chapter07.htm
Connecting to 127.0.0.1:8000... connected.
HTTP request sent, awaiting response... 
  HTTP/1.1 200 OK
  Host: 127.0.0.1:8000
  Date: Fri, 07 Nov 2025 12:56:21 GMT
  Connection: close
  Content-Type: text/html; charset=UTF-8
  Content-Length: 4959
Length: 4959 (4.8K) [text/html]
Saving to: 'docs/book03/chapter07.htm'

     0K ....                                                  100% 2.84G=0s

Last-modified header missing -- time-stamps turned off.
2025-11-07 12:56:21 (2.84 GB/s) - 'docs/book03/chapter07.htm' saved [4959/4959]

--2025-11-07 12:56:21--  http://127.0.0.1:8000/big5/book03/chapter08.htm
Connecting to 127.0.0.1:8000... connected.
HTTP request sent, awaiting response... 
  HTTP/1.1 200 OK
  Host: 127.0.0.1:8000
  Date: Fri, 07 Nov 2025 12:56:21 GMT
  Connection: close
  Content-Type: text/html; charset=UTF-8
  Content-Length: 5609
Length: 5609 (5.5K) [text/html]
Saving to: 'docs/book03/chapter08.htm'

     0K .....                                                 100%  268M=0s

Last-modified header missing -- time-stamps turned off.
2025-11-07 12:56:21 (268 MB/s) - 'docs/book03/chapter08.htm' saved [5609/5609]

--2025-11-07 12:56:21--  http://127.0.0.1:8000/big5/book03/chapter09.htm
Connecting to 127.0.0.1:8000... connected.
HTTP request sent, awaiting response... 
  HTTP/1.1 200 OK
  Host: 127.0.0.1:8000
  Date: Fri, 07 Nov 2025 12:56:21 GMT
  Connection: close
  Content-Type: text/html; charset=UTF-8
  Content-Length: 4087
Length: 4087 (4.0K) [text/html]
Saving to: 'docs/book03/chapter09.htm'

     0K ...                                                   100%  222M=0s

Last-modified header missing -- time-stamps turned off.
2025-11-07 12:56:21 (222 MB/s) - 'docs/book03/chapter09.htm' saved [4087/4087]

--2025-11-07 12:56:21--  http://127.0.0.1:8000/big5/book03/chapter10.htm
Connecting to 127.0.0.1:8000... connected.
HTTP request sent, awaiting response... 
  HTTP/1.1 200 OK
  Host: 127.0.0.1:8000
  Date: Fri, 07 Nov 2025 12:56:21 GMT
  Connection: close
  Content-Type: text/html; charset=UTF-8
  Content-Length: 6770
Length: 6770 (6.6K) [text/html]
Saving to: 'docs/book03/chapter10.htm'

     0K ......                                                100%  211M=0s

Last-modified header missing -- time-stamps turned off.
2025-11-07 12:56:21 (211 MB/s) - 'docs/book03/chapter10.htm' saved [6770/6770]

--2025-11-07 12:56:21--  http://127.0.0.1:8000/big5/book03/chapter11.htm
Connecting to 127.0.0.1:8000... connected.
HTTP request sent, awaiting response... 
  HTTP/1.1 200 OK
  Host: 127.0.0.1:8000
  Date: Fri, 07 Nov 2025 12:56:21 GMT
  Connection: close
  Content-Type: text/html; charset=UTF-8
  Content-Length: 2151
Length: 2151 (2.1K) [text/html]
Saving to: 'docs/book03/chapter11.htm'

     0K ..                                                    100% 1.27G=0s

Last-modified header missing -- time-stamps turned off.
2025-11-07 12:56:21 (1.27 GB/s) - 'docs/book03/chapter11.htm' saved [2151/2151]

--2025-11-07 12:56:21--  http://127.0.0.1:8000/big5/book03/chapter12.htm
Connecting to 127.0.0.1:8000... connected.
HTTP request sent, awaiting response... 
  HTTP/1.1 200 OK
  Host: 127.0.0.1:8000
  Date: Fri, 07 Nov 2025 12:56:21 GMT
  Connection: close
  Content-Type: text/html; charset=UTF-8
  Content-Length: 1750
Length: 1750 (1.7K) [text/html]
Saving to: 'docs/book03/chapter12.htm'

     0K .                                                     100%  116M=0s

Last-modified header missing -- time-stamps turned off.
2025-11-07 12:56:21 (116 MB/s) - 'docs/book03/chapter12.htm' saved [1750/1750]

--2025-11-07 12:56:21--  http://127.0.0.1:8000/big5/book03/chapter13.htm
Connecting to 127.0.0.1:8000... connected.
HTTP request sent, awaiting response... 
  HTTP/1.1 200 OK
  Host: 127.0.0.1:8000
  Date: Fri, 07 Nov 2025 12:56:21 GMT
  Connection: close
  Content-Type: text/html; charset=UTF-8
  Content-Length: 1788
Length: 1788 (1.7K) [text/html]
Saving to: 'docs/book03/chapter13.htm'

     0K .                                                     100% 74.5M=0s

Last-modified header missing -- time-stamps turned off.
2025-11-07 12:56:21 (74.5 MB/s) - 'docs/book03/chapter13.htm' saved [1788/1788]

--2025-11-07 12:56:21--  http://127.0.0.1:8000/big5/book03/chapter14.htm
Connecting to 127.0.0.1:8000... connected.
HTTP request sent, awaiting response... 
  HTTP/1.1 200 OK
  Host: 127.0.0.1:8000
  Date: Fri, 07 Nov 2025 12:56:21 GMT
  Connection: close
  Content-Type: text/html; charset=UTF-8
  Content-Length: 1751
Length: 1751 (1.7K) [text/html]
Saving to: 'docs/book03/chapter14.htm'

     0K .                                                     100% 42.1M=0s

Last-modified header missing -- time-stamps turned off.
2025-11-07 12:56:21 (42.1 MB/s) - 'docs/book03/chapter14.htm' saved [1751/1751]

--2025-11-07 12:56:21--  http://127.0.0.1:8000/big5/book03/chapter15.htm
Connecting to 127.0.0.1:8000... connected.
HTTP request sent, awaiting response... 
  HTTP/1.1 200 OK
  Host: 127.0.0.1:8000
  Date: Fri, 07 Nov 2025 12:56:21 GMT
  Connection: close
  Content-Type: text/html; charset=UTF-8
  Content-Length: 1831
Length: 1831 (1.8K) [text/html]
Saving to: 'docs/book03/chapter15.htm'

     0K .                                                     100% 91.3M=0s

Last-modified header missing -- time-stamps turned off.
2025-11-07 12:56:21 (91.3 MB/s) - 'docs/book03/chapter15.htm' saved [1831/1831]

--2025-11-07 12:56:21--  http://127.0.0.1:8000/big5/book03/chapter16.htm
Connecting to 127.0.0.1:8000... connected.
HTTP request sent, awaiting response... 
  HTTP/1.1 200 OK
  Host: 127.0.0.1:8000
  Date: Fri, 07 Nov 2025 12:56:21 GMT
  Connection: close
  Content-Type: text/html; charset=UTF-8
  Content-Length: 2305
Length: 2305 (2.3K) [text/html]
Saving to: 'docs/book03/chapter16.htm'

     0K ..                                                    100%  140M=0s

Last-modified header missing -- time-stamps turned off.
2025-11-07 12:56:21 (140 MB/s) - 'docs/book03/chapter16.htm' saved [2305/2305]

--2025-11-07 12:56:21--  http://127.0.0.1:8000/big5/book03/chapter17.htm
Connecting to 127.0.0.1:8000... connected.
HTTP request sent, awaiting response... 
  HTTP/1.1 200 OK
  Host: 127.0.0.1:8000
  Date: Fri, 07 Nov 2025 12:56:21 GMT
  Connection: close
  Content-Type: text/html; charset=UTF-8
  Content-Length: 2353
Length: 2353 (2.3K) [text/html]
Saving to: 'docs/book03/chapter17.htm'

     0K ..                                                    100%  883M=0s

Last-modified header missing -- time-stamps turned off.
2025-11-07 12:56:21 (883 MB/s) - 'docs/book03/chapter17.htm' saved [2353/2353]

--2025-11-07 12:56:21--  http://127.0.0.1:8000/big5/book03/chapter18.htm
Connecting to 127.0.0.1:8000... connected.
HTTP request sent, awaiting response... 
  HTTP/1.1 200 OK
  Host: 127.0.0.1:8000
  Date: Fri, 07 Nov 2025 12:56:21 GMT
  Connection: close
  Content-Type: text/html; charset=UTF-8
  Content-Length: 3192
Length: 3192 (3.1K) [text/html]
Saving to: 'docs/book03/chapter18.htm'

     0K ...                                                   100% 1.74G=0s

Last-modified header missing -- time-stamps turned off.
2025-11-07 12:56:21 (1.74 GB/s) - 'docs/book03/chapter18.htm' saved [3192/3192]

--2025-11-07 12:56:21--  http://127.0.0.1:8000/big5/book03/chapter19.htm
Connecting to 127.0.0.1:8000... connected.
HTTP request sent, awaiting response... 
  HTTP/1.1 200 OK
  Host: 127.0.0.1:8000
  Date: Fri, 07 Nov 2025 12:56:21 GMT
  Connection: close
  Content-Type: text/html; charset=UTF-8
  Content-Length: 1794
Length: 1794 (1.8K) [text/html]
Saving to: 'docs/book03/chapter19.htm'

     0K .                                                     100%  113M=0s

Last-modified header missing -- time-stamps turned off.
2025-11-07 12:56:21 (113 MB/s) - 'docs/book03/chapter19.htm' saved [1794/1794]

--2025-11-07 12:56:21--  http://127.0.0.1:8000/big5/book03/chapter20.htm
Connecting to 127.0.0.1:8000... connected.
HTTP request sent, awaiting response... 
  HTTP/1.1 200 OK
  Host: 127.0.0.1:8000
  Date: Fri, 07 Nov 2025 12:56:21 GMT
  Connection: close
  Content-Type: text/html; charset=UTF-8
  Content-Length: 4609
Length: 4609 (4.5K) [text/html]
Saving to: 'docs/book03/chapter20.htm'

     0K ....                                                  100%  230M=0s

Last-modified header missing -- time-stamps turned off.
2025-11-07 12:56:21 (230 MB/s) - 'docs/book03/chapter20.htm' saved [4609/4609]

--2025-11-07 12:56:21--  http://127.0.0.1:8000/big5/book03/chapter21.htm
Connecting to 127.0.0.1:8000... connected.
HTTP request sent, awaiting response... 
  HTTP/1.1 200 OK
  Host: 127.0.0.1:8000
  Date: Fri, 07 Nov 2025 12:56:21 GMT
  Connection: close
  Content-Type: text/html; charset=UTF-8
  Content-Length: 2149
Length: 2149 (2.1K) [text/html]
Saving to: 'docs/book03/chapter21.htm'

     0K ..                                                    100%  133M=0s

Last-modified header missing -- time-stamps turned off.
2025-11-07 12:56:21 (133 MB/s) - 'docs/book03/chapter21.htm' saved [2149/2149]

--2025-11-07 12:56:21--  http://127.0.0.1:8000/big5/book03/chapter22.htm
Connecting to 127.0.0.1:8000... connected.
HTTP request sent, awaiting response... 
  HTTP/1.1 200 OK
  Host: 127.0.0.1:8000
  Date: Fri, 07 Nov 2025 12:56:21 GMT
  Connection: close
  Content-Type: text/html; charset=UTF-8
  Content-Length: 2116
Length: 2116 (2.1K) [text/html]
Saving to: 'docs/book03/chapter22.htm'

     0K ..                                                    100%  131M=0s

Last-modified header missing -- time-stamps turned off.
2025-11-07 12:56:21 (131 MB/s) - 'docs/book03/chapter22.htm' saved [2116/2116]

--2025-11-07 12:56:21--  http://127.0.0.1:8000/big5/book03/chapter23.htm
Connecting to 127.0.0.1:8000... connected.
HTTP request sent, awaiting response... 
  HTTP/1.1 200 OK
  Host: 127.0.0.1:8000
  Date: Fri, 07 Nov 2025 12:56:21 GMT
  Connection: close
  Content-Type: text/html; charset=UTF-8
  Content-Length: 9220
Length: 9220 (9.0K) [text/html]
Saving to: 'docs/book03/chapter23.htm'

     0K .........                                             100%  224M=0s

Last-modified header missing -- time-stamps turned off.
2025-11-07 12:56:21 (224 MB/s) - 'docs/book03/chapter23.htm' saved [9220/9220]

--2025-11-07 12:56:21--  http://127.0.0.1:8000/big5/book03/chapter24.htm
Connecting to 127.0.0.1:8000... connected.
HTTP request sent, awaiting response... 
  HTTP/1.1 200 OK
  Host: 127.0.0.1:8000
  Date: Fri, 07 Nov 2025 12:56:21 GMT
  Connection: close
  Content-Type: text/html; charset=UTF-8
  Content-Length: 13076
Length: 13076 (13K) [text/html]
Saving to: 'docs/book03/chapter24.htm'

     0K .......... ..                                         100%  500M=0s

Last-modified header missing -- time-stamps turned off.
2025-11-07 12:56:21 (500 MB/s) - 'docs/book03/chapter24.htm' saved [13076/13076]

--2025-11-07 12:56:21--  http://127.0.0.1:8000/big5/book03/chapter25.htm
Connecting to 127.0.0.1:8000... connected.
HTTP request sent, awaiting response... 
  HTTP/1.1 200 OK
  Host: 127.0.0.1:8000
  Date: Fri, 07 Nov 2025 12:56:21 GMT
  Connection: close
  Content-Type: text/html; charset=UTF-8
  Content-Length: 7816
Length: 7816 (7.6K) [text/html]
Saving to: 'docs/book03/chapter25.htm'

     0K .......                                               100% 2.36G=0s

Last-modified header missing -- time-stamps turned off.
2025-11-07 12:56:21 (2.36 GB/s) - 'docs/book03/chapter25.htm' saved [7816/7816]

--2025-11-07 12:56:21--  http://127.0.0.1:8000/big5/book03/chapter26.htm
Connecting to 127.0.0.1:8000... connected.
HTTP request sent, awaiting response... 
  HTTP/1.1 200 OK
  Host: 127.0.0.1:8000
  Date: Fri, 07 Nov 2025 12:56:21 GMT
  Connection: close
  Content-Type: text/html; charset=UTF-8
  Content-Length: 2987
Length: 2987 (2.9K) [text/html]
Saving to: 'docs/book03/chapter26.htm'

     0K ..                                                    100% 1.55G=0s

Last-modified header missing -- time-stamps turned off.
2025-11-07 12:56:21 (1.55 GB/s) - 'docs/book03/chapter26.htm' saved [2987/2987]

--2025-11-07 12:56:21--  http://127.0.0.1:8000/big5/book03/chapter27.htm
Connecting to 127.0.0.1:8000... connected.
HTTP request sent, awaiting response... 
  HTTP/1.1 200 OK
  Host: 127.0.0.1:8000
  Date: Fri, 07 Nov 2025 12:56:21 GMT
  Connection: close
  Content-Type: text/html; charset=UTF-8
  Content-Length: 5159
Length: 5159 (5.0K) [text/html]
Saving to: 'docs/book03/chapter27.htm'

     0K .....                                                 100%  224M=0s

Last-modified header missing -- time-stamps turned off.
2025-11-07 12:56:21 (224 MB/s) - 'docs/book03/chapter27.htm' saved [5159/5159]

--2025-11-07 12:56:21--  http://127.0.0.1:8000/big5/book03/chapter28.htm
Connecting to 127.0.0.1:8000... connected.
HTTP request sent, awaiting response... 
  HTTP/1.1 200 OK
  Host: 127.0.0.1:8000
  Date: Fri, 07 Nov 2025 12:56:21 GMT
  Connection: close
  Content-Type: text/html; charset=UTF-8
  Content-Length: 5106
Length: 5106 (5.0K) [text/html]
Saving to: 'docs/book03/chapter28.htm'

     0K ....                                                  100%  308M=0s

Last-modified header missing -- time-stamps turned off.
2025-11-07 12:56:21 (308 MB/s) - 'docs/book03/chapter28.htm' saved [5106/5106]

--2025-11-07 12:56:21--  http://127.0.0.1:8000/big5/book03/chapter29.htm
Connecting to 127.0.0.1:8000... connected.
HTTP request sent, awaiting response... 
  HTTP/1.1 200 OK
  Host: 127.0.0.1:8000
  Date: Fri, 07 Nov 2025 12:56:21 GMT
  Connection: close
  Content-Type: text/html; charset=UTF-8
  Content-Length: 3988
Length: 3988 (3.9K) [text/html]
Saving to: 'docs/book03/chapter29.htm'

     0K ...                                                   100%  197M=0s

Last-modified header missing -- time-stamps turned off.
2025-11-07 12:56:21 (197 MB/s) - 'docs/book03/chapter29.htm' saved [3988/3988]

--2025-11-07 12:56:21--  http://127.0.0.1:8000/big5/book03/chapter30.htm
Connecting to 127.0.0.1:8000... connected.
HTTP request sent, awaiting response... 
  HTTP/1.1 200 OK
  Host: 127.0.0.1:8000
  Date: Fri, 07 Nov 2025 12:56:21 GMT
  Connection: close
  Content-Type: text/html; charset=UTF-8
  Content-Length: 3568
Length: 3568 (3.5K) [text/html]
Saving to: 'docs/book03/chapter30.htm'

     0K ...                                                   100%  175M=0s

Last-modified header missing -- time-stamps turned off.
2025-11-07 12:56:21 (175 MB/s) - 'docs/book03/chapter30.htm' saved [3568/3568]

--2025-11-07 12:56:21--  http://127.0.0.1:8000/big5/book03/chapter31.htm
Connecting to 127.0.0.1:8000... connected.
HTTP request sent, awaiting response... 
  HTTP/1.1 200 OK
  Host: 127.0.0.1:8000
  Date: Fri, 07 Nov 2025 12:56:21 GMT
  Connection: close
  Content-Type: text/html; charset=UTF-8
  Content-Length: 3714
Length: 3714 (3.6K) [text/html]
Saving to: 'docs/book03/chapter31.htm'

     0K ...                                                   100%  223M=0s

Last-modified header missing -- time-stamps turned off.
2025-11-07 12:56:21 (223 MB/s) - 'docs/book03/chapter31.htm' saved [3714/3714]

--2025-11-07 12:56:21--  http://127.0.0.1:8000/big5/book03/chapter32.htm
Connecting to 127.0.0.1:8000... connected.
HTTP request sent, awaiting response... 
  HTTP/1.1 200 OK
  Host: 127.0.0.1:8000
  Date: Fri, 07 Nov 2025 12:56:21 GMT
  Connection: close
  Content-Type: text/html; charset=UTF-8
  Content-Length: 5127
Length: 5127 (5.0K) [text/html]
Saving to: 'docs/book03/chapter32.htm'

     0K .....                                                 100%  319M=0s

Last-modified header missing -- time-stamps turned off.
2025-11-07 12:56:21 (319 MB/s) - 'docs/book03/chapter32.htm' saved [5127/5127]

--2025-11-07 12:56:21--  http://127.0.0.1:8000/big5/book03/chapter33.htm
Connecting to 127.0.0.1:8000... connected.
HTTP request sent, awaiting response... 
  HTTP/1.1 200 OK
  Host: 127.0.0.1:8000
  Date: Fri, 07 Nov 2025 12:56:21 GMT
  Connection: close
  Content-Type: text/html; charset=UTF-8
  Content-Length: 4260
Length: 4260 (4.2K) [text/html]
Saving to: 'docs/book03/chapter33.htm'

     0K ....                                                  100%  126M=0s

Last-modified header missing -- time-stamps turned off.
2025-11-07 12:56:21 (126 MB/s) - 'docs/book03/chapter33.htm' saved [4260/4260]

--2025-11-07 12:56:21--  http://127.0.0.1:8000/big5/book03/chapter34.htm
Connecting to 127.0.0.1:8000... connected.
HTTP request sent, awaiting response... 
  HTTP/1.1 200 OK
  Host: 127.0.0.1:8000
  Date: Fri, 07 Nov 2025 12:56:21 GMT
  Connection: close
  Content-Type: text/html; charset=UTF-8
  Content-Length: 1735
Length: 1735 (1.7K) [text/html]
Saving to: 'docs/book03/chapter34.htm'

     0K .                                                     100%  945M=0s

Last-modified header missing -- time-stamps turned off.
2025-11-07 12:56:21 (945 MB/s) - 'docs/book03/chapter34.htm' saved [1735/1735]

--2025-11-07 12:56:21--  http://127.0.0.1:8000/big5/book03/chapter35.htm
Connecting to 127.0.0.1:8000... connected.
HTTP request sent, awaiting response... 
  HTTP/1.1 200 OK
  Host: 127.0.0.1:8000
  Date: Fri, 07 Nov 2025 12:56:21 GMT
  Connection: close
  Content-Type: text/html; charset=UTF-8
  Content-Length: 1786
Length: 1786 (1.7K) [text/html]
Saving to: 'docs/book03/chapter35.htm'

     0K .                                                     100%  106M=0s

Last-modified header missing -- time-stamps turned off.
2025-11-07 12:56:21 (106 MB/s) - 'docs/book03/chapter35.htm' saved [1786/1786]

--2025-11-07 12:56:21--  http://127.0.0.1:8000/big5/book03/chapter36.htm
Connecting to 127.0.0.1:8000... connected.
HTTP request sent, awaiting response... 
  HTTP/1.1 200 OK
  Host: 127.0.0.1:8000
  Date: Fri, 07 Nov 2025 12:56:21 GMT
  Connection: close
  Content-Type: text/html; charset=UTF-8
  Content-Length: 8678
Length: 8678 (8.5K) [text/html]
Saving to: 'docs/book03/chapter36.htm'

     0K ........                                              100%  295M=0s

Last-modified header missing -- time-stamps turned off.
2025-11-07 12:56:21 (295 MB/s) - 'docs/book03/chapter36.htm' saved [8678/8678]

--2025-11-07 12:56:21--  http://127.0.0.1:8000/big5/book03/chapter37.htm
Connecting to 127.0.0.1:8000... connected.
HTTP request sent, awaiting response... 
  HTTP/1.1 200 OK
  Host: 127.0.0.1:8000
  Date: Fri, 07 Nov 2025 12:56:21 GMT
  Connection: close
  Content-Type: text/html; charset=UTF-8
  Content-Length: 2912
Length: 2912 (2.8K) [text/html]
Saving to: 'docs/book03/chapter37.htm'

     0K ..                                                    100% 1.59G=0s

Last-modified header missing -- time-stamps turned off.
2025-11-07 12:56:21 (1.59 GB/s) - 'docs/book03/chapter37.htm' saved [2912/2912]

--2025-11-07 12:56:21--  http://127.0.0.1:8000/big5/book03/chapter38.htm
Connecting to 127.0.0.1:8000... connected.
HTTP request sent, awaiting response... 
  HTTP/1.1 200 OK
  Host: 127.0.0.1:8000
  Date: Fri, 07 Nov 2025 12:56:21 GMT
  Connection: close
  Content-Type: text/html; charset=UTF-8
  Content-Length: 3207
Length: 3207 (3.1K) [text/html]
Saving to: 'docs/book03/chapter38.htm'

     0K ...                                                   100% 1.75G=0s

Last-modified header missing -- time-stamps turned off.
2025-11-07 12:56:21 (1.75 GB/s) - 'docs/book03/chapter38.htm' saved [3207/3207]

--2025-11-07 12:56:21--  http://127.0.0.1:8000/big5/book03/chapter39.htm
Connecting to 127.0.0.1:8000... connected.
HTTP request sent, awaiting response... 
  HTTP/1.1 200 OK
  Host: 127.0.0.1:8000
  Date: Fri, 07 Nov 2025 12:56:21 GMT
  Connection: close
  Content-Type: text/html; charset=UTF-8
  Content-Length: 9573
Length: 9573 (9.3K) [text/html]
Saving to: 'docs/book03/chapter39.htm'

     0K .........                                             100%  230M=0s

Last-modified header missing -- time-stamps turned off.
2025-11-07 12:56:21 (230 MB/s) - 'docs/book03/chapter39.htm' saved [9573/9573]

--2025-11-07 12:56:21--  http://127.0.0.1:8000/image/theme04_corner.jpg
Connecting to 127.0.0.1:8000... connected.
HTTP request sent, awaiting response... 
  HTTP/1.1 200 OK
  Host: 127.0.0.1:8000
  Date: Fri, 07 Nov 2025 12:56:21 GMT
  Connection: close
  Content-Type: image/jpeg
  Content-Length: 8923
Length: 8923 (8.7K) [image/jpeg]
Saving to: 'docs/theme04_corner.jpg'

     0K ........                                              100% 4.33G=0s

Last-modified header missing -- time-stamps turned off.
2025-11-07 12:56:21 (4.33 GB/s) - 'docs/theme04_corner.jpg' saved [8923/8923]

--2025-11-07 12:56:21--  http://127.0.0.1:8000/image/theme04_left.jpg
Connecting to 127.0.0.1:8000... connected.
HTTP request sent, awaiting response... 
  HTTP/1.1 200 OK
  Host: 127.0.0.1:8000
  Date: Fri, 07 Nov 2025 12:56:21 GMT
  Connection: close
  Content-Type: image/jpeg
  Content-Length: 4780
Length: 4780 (4.7K) [image/jpeg]
Saving to: 'docs/theme04_left.jpg'

     0K ....                                                  100% 2.27G=0s

Last-modified header missing -- time-stamps turned off.
2025-11-07 12:56:21 (2.27 GB/s) - 'docs/theme04_left.jpg' saved [4780/4780]

--2025-11-07 12:56:21--  http://127.0.0.1:8000/image/theme04_top.jpg
Connecting to 127.0.0.1:8000... connected.
HTTP request sent, awaiting response... 
  HTTP/1.1 200 OK
  Host: 127.0.0.1:8000
  Date: Fri, 07 Nov 2025 12:56:21 GMT
  Connection: close
  Content-Type: image/jpeg
  Content-Length: 8874
Length: 8874 (8.7K) [image/jpeg]
Saving to: 'docs/theme04_top.jpg'

     0K ........                                              100% 4.41G=0s

Last-modified header missing -- time-stamps turned off.
2025-11-07 12:56:21 (4.41 GB/s) - 'docs/theme04_top.jpg' saved [8874/8874]

--2025-11-07 12:56:21--  http://127.0.0.1:8000/image/theme04_main.jpg
Connecting to 127.0.0.1:8000... connected.
HTTP request sent, awaiting response... 
  HTTP/1.1 200 OK
  Host: 127.0.0.1:8000
  Date: Fri, 07 Nov 2025 12:56:21 GMT
  Connection: close
  Content-Type: image/jpeg
  Content-Length: 24716
Length: 24716 (24K) [image/jpeg]
Saving to: 'docs/theme04_main.jpg'

     0K .......... .......... ....                            100%  566M=0s

Last-modified header missing -- time-stamps turned off.
2025-11-07 12:56:21 (566 MB/s) - 'docs/theme04_main.jpg' saved [24716/24716]

--2025-11-07 12:56:21--  http://127.0.0.1:8000/big5/book04/chapter01.htm
Connecting to 127.0.0.1:8000... connected.
HTTP request sent, awaiting response... 
  HTTP/1.1 200 OK
  Host: 127.0.0.1:8000
  Date: Fri, 07 Nov 2025 12:56:21 GMT
  Connection: close
  Content-Type: text/html; charset=UTF-8
  Content-Length: 1286
Length: 1286 (1.3K) [text/html]
Saving to: 'docs/book04/chapter01.htm'

     0K .                                                     100%  774M=0s

Last-modified header missing -- time-stamps turned off.
2025-11-07 12:56:21 (774 MB/s) - 'docs/book04/chapter01.htm' saved [1286/1286]

--2025-11-07 12:56:21--  http://127.0.0.1:8000/big5/book04/chapter02.htm
Connecting to 127.0.0.1:8000... connected.
HTTP request sent, awaiting response... 
  HTTP/1.1 200 OK
  Host: 127.0.0.1:8000
  Date: Fri, 07 Nov 2025 12:56:21 GMT
  Connection: close
  Content-Type: text/html; charset=UTF-8
  Content-Length: 3924
Length: 3924 (3.8K) [text/html]
Saving to: 'docs/book04/chapter02.htm'

     0K ...                                                   100%  235M=0s

Last-modified header missing -- time-stamps turned off.
2025-11-07 12:56:21 (235 MB/s) - 'docs/book04/chapter02.htm' saved [3924/3924]

--2025-11-07 12:56:21--  http://127.0.0.1:8000/big5/book04/chapter03.htm
Connecting to 127.0.0.1:8000... connected.
HTTP request sent, awaiting response... 
  HTTP/1.1 200 OK
  Host: 127.0.0.1:8000
  Date: Fri, 07 Nov 2025 12:56:21 GMT
  Connection: close
  Content-Type: text/html; charset=UTF-8
  Content-Length: 3348
Length: 3348 (3.3K) [text/html]
Saving to: 'docs/book04/chapter03.htm'

     0K ...                                                   100%  204M=0s

Last-modified header missing -- time-stamps turned off.
2025-11-07 12:56:21 (204 MB/s) - 'docs/book04/chapter03.htm' saved [3348/3348]

--2025-11-07 12:56:21--  http://127.0.0.1:8000/big5/book04/chapter04.htm
Connecting to 127.0.0.1:8000... connected.
HTTP request sent, awaiting response... 
  HTTP/1.1 200 OK
  Host: 127.0.0.1:8000
  Date: Fri, 07 Nov 2025 12:56:21 GMT
  Connection: close
  Content-Type: text/html; charset=UTF-8
  Content-Length: 1823
Length: 1823 (1.8K) [text/html]
Saving to: 'docs/book04/chapter04.htm'

     0K .                                                     100%  108M=0s

Last-modified header missing -- time-stamps turned off.
2025-11-07 12:56:21 (108 MB/s) - 'docs/book04/chapter04.htm' saved [1823/1823]

--2025-11-07 12:56:21--  http://127.0.0.1:8000/big5/book04/chapter05.htm
Connecting to 127.0.0.1:8000... connected.
HTTP request sent, awaiting response... 
  HTTP/1.1 200 OK
  Host: 127.0.0.1:8000
  Date: Fri, 07 Nov 2025 12:56:21 GMT
  Connection: close
  Content-Type: text/html; charset=UTF-8
  Content-Length: 3113
Length: 3113 (3.0K) [text/html]
Saving to: 'docs/book04/chapter05.htm'

     0K ...                                                   100% 1.29G=0s

Last-modified header missing -- time-stamps turned off.
2025-11-07 12:56:21 (1.29 GB/s) - 'docs/book04/chapter05.htm' saved [3113/3113]

--2025-11-07 12:56:21--  http://127.0.0.1:8000/big5/book04/chapter06.htm
Connecting to 127.0.0.1:8000... connected.
HTTP request sent, awaiting response... 
  HTTP/1.1 200 OK
  Host: 127.0.0.1:8000
  Date: Fri, 07 Nov 2025 12:56:21 GMT
  Connection: close
  Content-Type: text/html; charset=UTF-8
  Content-Length: 3840
Length: 3840 (3.8K) [text/html]
Saving to: 'docs/book04/chapter06.htm'

     0K ...                                                   100% 82.1M=0s

Last-modified header missing -- time-stamps turned off.
2025-11-07 12:56:21 (82.1 MB/s) - 'docs/book04/chapter06.htm' saved [3840/3840]

--2025-11-07 12:56:21--  http://127.0.0.1:8000/big5/book04/chapter07.htm
Connecting to 127.0.0.1:8000... connected.
HTTP request sent, awaiting response... 
  HTTP/1.1 200 OK
  Host: 127.0.0.1:8000
  Date: Fri, 07 Nov 2025 12:56:21 GMT
  Connection: close
  Content-Type: text/html; charset=UTF-8
  Content-Length: 8519
Length: 8519 (8.3K) [text/html]
Saving to: 'docs/book04/chapter07.htm'

     0K ........                                              100% 1.11G=0s

Last-modified header missing -- time-stamps turned off.
2025-11-07 12:56:21 (1.11 GB/s) - 'docs/book04/chapter07.htm' saved [8519/8519]

--2025-11-07 12:56:21--  http://127.0.0.1:8000/big5/book04/chapter08.htm
Connecting to 127.0.0.1:8000... connected.
HTTP request sent, awaiting response... 
  HTTP/1.1 200 OK
  Host: 127.0.0.1:8000
  Date: Fri, 07 Nov 2025 12:56:21 GMT
  Connection: close
  Content-Type: text/html; charset=UTF-8
  Content-Length: 5594
Length: 5594 (5.5K) [text/html]
Saving to: 'docs/book04/chapter08.htm'

     0K .....                                                 100%  329M=0s

Last-modified header missing -- time-stamps turned off.
2025-11-07 12:56:21 (329 MB/s) - 'docs/book04/chapter08.htm' saved [5594/5594]

--2025-11-07 12:56:21--  http://127.0.0.1:8000/big5/book04/chapter09.htm
Connecting to 127.0.0.1:8000... connected.
HTTP request sent, awaiting response... 
  HTTP/1.1 200 OK
  Host: 127.0.0.1:8000
  Date: Fri, 07 Nov 2025 12:56:21 GMT
  Connection: close
  Content-Type: text/html; charset=UTF-8
  Content-Length: 2137
Length: 2137 (2.1K) [text/html]
Saving to: 'docs/book04/chapter09.htm'

     0K ..                                                    100%  133M=0s

Last-modified header missing -- time-stamps turned off.
2025-11-07 12:56:21 (133 MB/s) - 'docs/book04/chapter09.htm' saved [2137/2137]

--2025-11-07 12:56:21--  http://127.0.0.1:8000/big5/book04/chapter10.htm
Connecting to 127.0.0.1:8000... connected.
HTTP request sent, awaiting response... 
  HTTP/1.1 200 OK
  Host: 127.0.0.1:8000
  Date: Fri, 07 Nov 2025 12:56:21 GMT
  Connection: close
  Content-Type: text/html; charset=UTF-8
  Content-Length: 1461
Length: 1461 (1.4K) [text/html]
Saving to: 'docs/book04/chapter10.htm'

     0K .                                                     100% 83.2M=0s

Last-modified header missing -- time-stamps turned off.
2025-11-07 12:56:21 (83.2 MB/s) - 'docs/book04/chapter10.htm' saved [1461/1461]

--2025-11-07 12:56:21--  http://127.0.0.1:8000/big5/book04/chapter11.htm
Connecting to 127.0.0.1:8000... connected.
HTTP request sent, awaiting response... 
  HTTP/1.1 200 OK
  Host: 127.0.0.1:8000
  Date: Fri, 07 Nov 2025 12:56:21 GMT
  Connection: close
  Content-Type: text/html; charset=UTF-8
  Content-Length: 6759
Length: 6759 (6.6K) [text/html]
Saving to: 'docs/book04/chapter11.htm'

     0K ......                                                100%  326M=0s

Last-modified header missing -- time-stamps turned off.
2025-11-07 12:56:21 (326 MB/s) - 'docs/book04/chapter11.htm' saved [6759/6759]

--2025-11-07 12:56:21--  http://127.0.0.1:8000/big5/book04/chapter12.htm
Connecting to 127.0.0.1:8000... connected.
HTTP request sent, awaiting response... 
  HTTP/1.1 200 OK
  Host: 127.0.0.1:8000
  Date: Fri, 07 Nov 2025 12:56:21 GMT
  Connection: close
  Content-Type: text/html; charset=UTF-8
  Content-Length: 1558
Length: 1558 (1.5K) [text/html]
Saving to: 'docs/book04/chapter12.htm'

     0K .                                                     100%  914M=0s

Last-modified header missing -- time-stamps turned off.
2025-11-07 12:56:21 (914 MB/s) - 'docs/book04/chapter12.htm' saved [1558/1558]

--2025-11-07 12:56:21--  http://127.0.0.1:8000/big5/book04/chapter13.htm
Connecting to 127.0.0.1:8000... connected.
HTTP request sent, awaiting response... 
  HTTP/1.1 200 OK
  Host: 127.0.0.1:8000
  Date: Fri, 07 Nov 2025 12:56:21 GMT
  Connection: close
  Content-Type: text/html; charset=UTF-8
  Content-Length: 3752
Length: 3752 (3.7K) [text/html]
Saving to: 'docs/book04/chapter13.htm'

     0K ...                                                   100%  222M=0s

Last-modified header missing -- time-stamps turned off.
2025-11-07 12:56:21 (222 MB/s) - 'docs/book04/chapter13.htm' saved [3752/3752]

--2025-11-07 12:56:21--  http://127.0.0.1:8000/big5/book04/chapter14.htm
Connecting to 127.0.0.1:8000... connected.
HTTP request sent, awaiting response... 
  HTTP/1.1 200 OK
  Host: 127.0.0.1:8000
  Date: Fri, 07 Nov 2025 12:56:21 GMT
  Connection: close
  Content-Type: text/html; charset=UTF-8
  Content-Length: 5738
Length: 5738 (5.6K) [text/html]
Saving to: 'docs/book04/chapter14.htm'

     0K .....                                                 100% 2.98G=0s

Last-modified header missing -- time-stamps turned off.
2025-11-07 12:56:21 (2.98 GB/s) - 'docs/book04/chapter14.htm' saved [5738/5738]

--2025-11-07 12:56:21--  http://127.0.0.1:8000/big5/book04/chapter15.htm
Connecting to 127.0.0.1:8000... connected.
HTTP request sent, awaiting response... 
  HTTP/1.1 200 OK
  Host: 127.0.0.1:8000
  Date: Fri, 07 Nov 2025 12:56:21 GMT
  Connection: close
  Content-Type: text/html; charset=UTF-8
  Content-Length: 20961
Length: 20961 (20K) [text/html]
Saving to: 'docs/book04/chapter15.htm'

     0K .......... ..........                                 100%  392M=0s

Last-modified header missing -- time-stamps turned off.
2025-11-07 12:56:21 (392 MB/s) - 'docs/book04/chapter15.htm' saved [20961/20961]

--2025-11-07 12:56:21--  http://127.0.0.1:8000/big5/book04/chapter16.htm
Connecting to 127.0.0.1:8000... connected.
HTTP request sent, awaiting response... 
  HTTP/1.1 200 OK
  Host: 127.0.0.1:8000
  Date: Fri, 07 Nov 2025 12:56:21 GMT
  Connection: close
  Content-Type: text/html; charset=UTF-8
  Content-Length: 4848
Length: 4848 (4.7K) [text/html]
Saving to: 'docs/book04/chapter16.htm'

     0K ....                                                  100%  260M=0s

Last-modified header missing -- time-stamps turned off.
2025-11-07 12:56:21 (260 MB/s) - 'docs/book04/chapter16.htm' saved [4848/4848]

--2025-11-07 12:56:21--  http://127.0.0.1:8000/big5/book04/chapter17.htm
Connecting to 127.0.0.1:8000... connected.
HTTP request sent, awaiting response... 
  HTTP/1.1 200 OK
  Host: 127.0.0.1:8000
  Date: Fri, 07 Nov 2025 12:56:21 GMT
  Connection: close
  Content-Type: text/html; charset=UTF-8
  Content-Length: 6147
Length: 6147 (6.0K) [text/html]
Saving to: 'docs/book04/chapter17.htm'

     0K ......                                                100%  280M=0s

Last-modified header missing -- time-stamps turned off.
2025-11-07 12:56:21 (280 MB/s) - 'docs/book04/chapter17.htm' saved [6147/6147]

--2025-11-07 12:56:21--  http://127.0.0.1:8000/big5/book04/chapter18.htm
Connecting to 127.0.0.1:8000... connected.
HTTP request sent, awaiting response... 
  HTTP/1.1 200 OK
  Host: 127.0.0.1:8000
  Date: Fri, 07 Nov 2025 12:56:21 GMT
  Connection: close
  Content-Type: text/html; charset=UTF-8
  Content-Length: 4990
Length: 4990 (4.9K) [text/html]
Saving to: 'docs/book04/chapter18.htm'

     0K ....                                                  100%  294M=0s

Last-modified header missing -- time-stamps turned off.
2025-11-07 12:56:21 (294 MB/s) - 'docs/book04/chapter18.htm' saved [4990/4990]

--2025-11-07 12:56:21--  http://127.0.0.1:8000/big5/book04/chapter19.htm
Connecting to 127.0.0.1:8000... connected.
HTTP request sent, awaiting response... 
  HTTP/1.1 200 OK
  Host: 127.0.0.1:8000
  Date: Fri, 07 Nov 2025 12:56:21 GMT
  Connection: close
  Content-Type: text/html; charset=UTF-8
  Content-Length: 1279
Length: 1279 (1.2K) [text/html]
Saving to: 'docs/book04/chapter19.htm'

     0K .                                                     100% 80.0M=0s

Last-modified header missing -- time-stamps turned off.
2025-11-07 12:56:21 (80.0 MB/s) - 'docs/book04/chapter19.htm' saved [1279/1279]

--2025-11-07 12:56:21--  http://127.0.0.1:8000/big5/book04/chapter20.htm
Connecting to 127.0.0.1:8000... connected.
HTTP request sent, awaiting response... 
  HTTP/1.1 200 OK
  Host: 127.0.0.1:8000
  Date: Fri, 07 Nov 2025 12:56:21 GMT
  Connection: close
  Content-Type: text/html; charset=UTF-8
  Content-Length: 1218
Length: 1218 (1.2K) [text/html]
Saving to: 'docs/book04/chapter20.htm'

     0K .                                                     100% 72.0M=0s

Last-modified header missing -- time-stamps turned off.
2025-11-07 12:56:21 (72.0 MB/s) - 'docs/book04/chapter20.htm' saved [1218/1218]

--2025-11-07 12:56:21--  http://127.0.0.1:8000/big5/book04/chapter21.htm
Connecting to 127.0.0.1:8000... connected.
HTTP request sent, awaiting response... 
  HTTP/1.1 200 OK
  Host: 127.0.0.1:8000
  Date: Fri, 07 Nov 2025 12:56:21 GMT
  Connection: close
  Content-Type: text/html; charset=UTF-8
  Content-Length: 2853
Length: 2853 (2.8K) [text/html]
Saving to: 'docs/book04/chapter21.htm'

     0K ..                                                    100% 1.20G=0s

Last-modified header missing -- time-stamps turned off.
2025-11-07 12:56:21 (1.20 GB/s) - 'docs/book04/chapter21.htm' saved [2853/2853]

--2025-11-07 12:56:21--  http://127.0.0.1:8000/big5/book04/chapter22.htm
Connecting to 127.0.0.1:8000... connected.
HTTP request sent, awaiting response... 
  HTTP/1.1 200 OK
  Host: 127.0.0.1:8000
  Date: Fri, 07 Nov 2025 12:56:21 GMT
  Connection: close
  Content-Type: text/html; charset=UTF-8
  Content-Length: 4544
Length: 4544 (4.4K) [text/html]
Saving to: 'docs/book04/chapter22.htm'

     0K ....                                                  100%  260M=0s

Last-modified header missing -- time-stamps turned off.
2025-11-07 12:56:21 (260 MB/s) - 'docs/book04/chapter22.htm' saved [4544/4544]

--2025-11-07 12:56:21--  http://127.0.0.1:8000/big5/book04/chapter23.htm
Connecting to 127.0.0.1:8000... connected.
HTTP request sent, awaiting response... 
  HTTP/1.1 200 OK
  Host: 127.0.0.1:8000
  Date: Fri, 07 Nov 2025 12:56:21 GMT
  Connection: close
  Content-Type: text/html; charset=UTF-8
  Content-Length: 6434
Length: 6434 (6.3K) [text/html]
Saving to: 'docs/book04/chapter23.htm'

     0K ......                                                100%  239M=0s

Last-modified header missing -- time-stamps turned off.
2025-11-07 12:56:21 (239 MB/s) - 'docs/book04/chapter23.htm' saved [6434/6434]

--2025-11-07 12:56:21--  http://127.0.0.1:8000/big5/book04/chapter24.htm
Connecting to 127.0.0.1:8000... connected.
HTTP request sent, awaiting response... 
  HTTP/1.1 200 OK
  Host: 127.0.0.1:8000
  Date: Fri, 07 Nov 2025 12:56:21 GMT
  Connection: close
  Content-Type: text/html; charset=UTF-8
  Content-Length: 2880
Length: 2880 (2.8K) [text/html]
Saving to: 'docs/book04/chapter24.htm'

     0K ..                                                    100% 1.65G=0s

Last-modified header missing -- time-stamps turned off.
2025-11-07 12:56:21 (1.65 GB/s) - 'docs/book04/chapter24.htm' saved [2880/2880]

--2025-11-07 12:56:21--  http://127.0.0.1:8000/big5/book04/chapter25.htm
Connecting to 127.0.0.1:8000... connected.
HTTP request sent, awaiting response... 
  HTTP/1.1 200 OK
  Host: 127.0.0.1:8000
  Date: Fri, 07 Nov 2025 12:56:21 GMT
  Connection: close
  Content-Type: text/html; charset=UTF-8
  Content-Length: 1316
Length: 1316 (1.3K) [text/html]
Saving to: 'docs/book04/chapter25.htm'

     0K .                                                     100% 63.5M=0s

Last-modified header missing -- time-stamps turned off.
2025-11-07 12:56:21 (63.5 MB/s) - 'docs/book04/chapter25.htm' saved [1316/1316]

--2025-11-07 12:56:21--  http://127.0.0.1:8000/big5/book04/chapter26.htm
Connecting to 127.0.0.1:8000... connected.
HTTP request sent, awaiting response... 
  HTTP/1.1 200 OK
  Host: 127.0.0.1:8000
  Date: Fri, 07 Nov 2025 12:56:21 GMT
  Connection: close
  Content-Type: text/html; charset=UTF-8
  Content-Length: 8411
Length: 8411 (8.2K) [text/html]
Saving to: 'docs/book04/chapter26.htm'

     0K ........                                              100% 2.41G=0s

Last-modified header missing -- time-stamps turned off.
2025-11-07 12:56:21 (2.41 GB/s) - 'docs/book04/chapter26.htm' saved [8411/8411]

--2025-11-07 12:56:21--  http://127.0.0.1:8000/big5/book04/chapter27.htm
Connecting to 127.0.0.1:8000... connected.
HTTP request sent, awaiting response... 
  HTTP/1.1 200 OK
  Host: 127.0.0.1:8000
  Date: Fri, 07 Nov 2025 12:56:21 GMT
  Connection: close
  Content-Type: text/html; charset=UTF-8
  Content-Length: 2543
Length: 2543 (2.5K) [text/html]
Saving to: 'docs/book04/chapter27.htm'

     0K ..                                                    100% 1.32G=0s

Last-modified header missing -- time-stamps turned off.
2025-11-07 12:56:21 (1.32 GB/s) - 'docs/book04/chapter27.htm' saved [2543/2543]

--2025-11-07 12:56:21--  http://127.0.0.1:8000/big5/book04/chapter28.htm
Connecting to 127.0.0.1:8000... connected.
HTTP request sent, awaiting response... 
  HTTP/1.1 200 OK
  Host: 127.0.0.1:8000
  Date: Fri, 07 Nov 2025 12:56:21 GMT
  Connection: close
  Content-Type: text/html; charset=UTF-8
  Content-Length: 1280
Length: 1280 (1.2K) [text/html]
Saving to: 'docs/book04/chapter28.htm'

     0K .                                                     100% 76.5M=0s

Last-modified header missing -- time-stamps turned off.
2025-11-07 12:56:21 (76.5 MB/s) - 'docs/book04/chapter28.htm' saved [1280/1280]

--2025-11-07 12:56:21--  http://127.0.0.1:8000/big5/book04/chapter29.htm
Connecting to 127.0.0.1:8000... connected.
HTTP request sent, awaiting response... 
  HTTP/1.1 200 OK
  Host: 127.0.0.1:8000
  Date: Fri, 07 Nov 2025 12:56:21 GMT
  Connection: close
  Content-Type: text/html; charset=UTF-8
  Content-Length: 4999
Length: 4999 (4.9K) [text/html]
Saving to: 'docs/book04/chapter29.htm'

     0K ....                                                  100%  259M=0s

Last-modified header missing -- time-stamps turned off.
2025-11-07 12:56:21 (259 MB/s) - 'docs/book04/chapter29.htm' saved [4999/4999]

--2025-11-07 12:56:21--  http://127.0.0.1:8000/big5/book04/chapter30.htm
Connecting to 127.0.0.1:8000... connected.
HTTP request sent, awaiting response... 
  HTTP/1.1 200 OK
  Host: 127.0.0.1:8000
  Date: Fri, 07 Nov 2025 12:56:21 GMT
  Connection: close
  Content-Type: text/html; charset=UTF-8
  Content-Length: 3051
Length: 3051 (3.0K) [text/html]
Saving to: 'docs/book04/chapter30.htm'

     0K ..                                                    100% 1.79G=0s

Last-modified header missing -- time-stamps turned off.
2025-11-07 12:56:21 (1.79 GB/s) - 'docs/book04/chapter30.htm' saved [3051/3051]

--2025-11-07 12:56:21--  http://127.0.0.1:8000/image/theme05_corner.jpg
Connecting to 127.0.0.1:8000... connected.
HTTP request sent, awaiting response... 
  HTTP/1.1 200 OK
  Host: 127.0.0.1:8000
  Date: Fri, 07 Nov 2025 12:56:21 GMT
  Connection: close
  Content-Type: image/jpeg
  Content-Length: 10322
Length: 10322 (10K) [image/jpeg]
Saving to: 'docs/theme05_corner.jpg'

     0K ..........                                            100%  271M=0s

Last-modified header missing -- time-stamps turned off.
2025-11-07 12:56:21 (271 MB/s) - 'docs/theme05_corner.jpg' saved [10322/10322]

--2025-11-07 12:56:21--  http://127.0.0.1:8000/image/theme05_left.jpg
Connecting to 127.0.0.1:8000... connected.
HTTP request sent, awaiting response... 
  HTTP/1.1 200 OK
  Host: 127.0.0.1:8000
  Date: Fri, 07 Nov 2025 12:56:21 GMT
  Connection: close
  Content-Type: image/jpeg
  Content-Length: 4854
Length: 4854 (4.7K) [image/jpeg]
Saving to: 'docs/theme05_left.jpg'

     0K ....                                                  100% 2.13G=0s

Last-modified header missing -- time-stamps turned off.
2025-11-07 12:56:21 (2.13 GB/s) - 'docs/theme05_left.jpg' saved [4854/4854]

--2025-11-07 12:56:21--  http://127.0.0.1:8000/image/theme05_top.jpg
Connecting to 127.0.0.1:8000... connected.
HTTP request sent, awaiting response... 
  HTTP/1.1 200 OK
  Host: 127.0.0.1:8000
  Date: Fri, 07 Nov 2025 12:56:22 GMT
  Connection: close
  Content-Type: image/jpeg
  Content-Length: 9377
Length: 9377 (9.2K) [image/jpeg]
Saving to: 'docs/theme05_top.jpg'

     0K .........                                             100% 4.99G=0s

Last-modified header missing -- time-stamps turned off.
2025-11-07 12:56:22 (4.99 GB/s) - 'docs/theme05_top.jpg' saved [9377/9377]

--2025-11-07 12:56:22--  http://127.0.0.1:8000/image/theme05_main.jpg
Connecting to 127.0.0.1:8000... connected.
HTTP request sent, awaiting response... 
  HTTP/1.1 200 OK
  Host: 127.0.0.1:8000
  Date: Fri, 07 Nov 2025 12:56:22 GMT
  Connection: close
  Content-Type: image/jpeg
  Content-Length: 23813
Length: 23813 (23K) [image/jpeg]
Saving to: 'docs/theme05_main.jpg'

     0K .......... .......... ...                             100% 4.33G=0s

Last-modified header missing -- time-stamps turned off.
2025-11-07 12:56:22 (4.33 GB/s) - 'docs/theme05_main.jpg' saved [23813/23813]

--2025-11-07 12:56:22--  http://127.0.0.1:8000/big5/book05/chapter00.htm
Connecting to 127.0.0.1:8000... connected.
HTTP request sent, awaiting response... 
  HTTP/1.1 200 OK
  Host: 127.0.0.1:8000
  Date: Fri, 07 Nov 2025 12:56:22 GMT
  Connection: close
  Content-Type: text/html; charset=UTF-8
  Content-Length: 2514
Length: 2514 (2.5K) [text/html]
Saving to: 'docs/book05/chapter00.htm'

     0K ..                                                    100% 1.44G=0s

Last-modified header missing -- time-stamps turned off.
2025-11-07 12:56:22 (1.44 GB/s) - 'docs/book05/chapter00.htm' saved [2514/2514]

--2025-11-07 12:56:22--  http://127.0.0.1:8000/big5/book05/chapter01.htm
Connecting to 127.0.0.1:8000... connected.
HTTP request sent, awaiting response... 
  HTTP/1.1 200 OK
  Host: 127.0.0.1:8000
  Date: Fri, 07 Nov 2025 12:56:22 GMT
  Connection: close
  Content-Type: text/html; charset=UTF-8
  Content-Length: 34438
Length: 34438 (34K) [text/html]
Saving to: 'docs/book05/chapter01.htm'

     0K .......... .......... .......... ...                  100%  114M=0s

Last-modified header missing -- time-stamps turned off.
2025-11-07 12:56:22 (114 MB/s) - 'docs/book05/chapter01.htm' saved [34438/34438]

--2025-11-07 12:56:22--  http://127.0.0.1:8000/big5/book05/chapter02.htm
Connecting to 127.0.0.1:8000... connected.
HTTP request sent, awaiting response... 
  HTTP/1.1 200 OK
  Host: 127.0.0.1:8000
  Date: Fri, 07 Nov 2025 12:56:22 GMT
  Connection: close
  Content-Type: text/html; charset=UTF-8
  Content-Length: 7569
Length: 7569 (7.4K) [text/html]
Saving to: 'docs/book05/chapter02.htm'

     0K .......                                               100% 3.76G=0s

Last-modified header missing -- time-stamps turned off.
2025-11-07 12:56:22 (3.76 GB/s) - 'docs/book05/chapter02.htm' saved [7569/7569]

--2025-11-07 12:56:22--  http://127.0.0.1:8000/big5/book05/chapter03.htm
Connecting to 127.0.0.1:8000... connected.
HTTP request sent, awaiting response... 
  HTTP/1.1 200 OK
  Host: 127.0.0.1:8000
  Date: Fri, 07 Nov 2025 12:56:22 GMT
  Connection: close
  Content-Type: text/html; charset=UTF-8
  Content-Length: 3869
Length: 3869 (3.8K) [text/html]
Saving to: 'docs/book05/chapter03.htm'

     0K ...                                                   100%  199M=0s

Last-modified header missing -- time-stamps turned off.
2025-11-07 12:56:22 (199 MB/s) - 'docs/book05/chapter03.htm' saved [3869/3869]

--2025-11-07 12:56:22--  http://127.0.0.1:8000/big5/book05/chapter04.htm
Connecting to 127.0.0.1:8000... connected.
HTTP request sent, awaiting response... 
  HTTP/1.1 200 OK
  Host: 127.0.0.1:8000
  Date: Fri, 07 Nov 2025 12:56:22 GMT
  Connection: close
  Content-Type: text/html; charset=UTF-8
  Content-Length: 2623
Length: 2623 (2.6K) [text/html]
Saving to: 'docs/book05/chapter04.htm'

     0K ..                                                    100%  168M=0s

Last-modified header missing -- time-stamps turned off.
2025-11-07 12:56:22 (168 MB/s) - 'docs/book05/chapter04.htm' saved [2623/2623]

--2025-11-07 12:56:22--  http://127.0.0.1:8000/big5/book05/chapter05.htm
Connecting to 127.0.0.1:8000... connected.
HTTP request sent, awaiting response... 
  HTTP/1.1 200 OK
  Host: 127.0.0.1:8000
  Date: Fri, 07 Nov 2025 12:56:22 GMT
  Connection: close
  Content-Type: text/html; charset=UTF-8
  Content-Length: 5707
Length: 5707 (5.6K) [text/html]
Saving to: 'docs/book05/chapter05.htm'

     0K .....                                                 100% 2.28G=0s

Last-modified header missing -- time-stamps turned off.
2025-11-07 12:56:22 (2.28 GB/s) - 'docs/book05/chapter05.htm' saved [5707/5707]

--2025-11-07 12:56:22--  http://127.0.0.1:8000/big5/book05/chapter06.htm
Connecting to 127.0.0.1:8000... connected.
HTTP request sent, awaiting response... 
  HTTP/1.1 200 OK
  Host: 127.0.0.1:8000
  Date: Fri, 07 Nov 2025 12:56:22 GMT
  Connection: close
  Content-Type: text/html; charset=UTF-8
  Content-Length: 3799
Length: 3799 (3.7K) [text/html]
Saving to: 'docs/book05/chapter06.htm'

     0K ...                                                   100%  229M=0s

Last-modified header missing -- time-stamps turned off.
2025-11-07 12:56:22 (229 MB/s) - 'docs/book05/chapter06.htm' saved [3799/3799]

--2025-11-07 12:56:22--  http://127.0.0.1:8000/big5/book05/chapter07.htm
Connecting to 127.0.0.1:8000... connected.
HTTP request sent, awaiting response... 
  HTTP/1.1 200 OK
  Host: 127.0.0.1:8000
  Date: Fri, 07 Nov 2025 12:56:22 GMT
  Connection: close
  Content-Type: text/html; charset=UTF-8
  Content-Length: 4584
Length: 4584 (4.5K) [text/html]
Saving to: 'docs/book05/chapter07.htm'

     0K ....                                                  100%  283M=0s

Last-modified header missing -- time-stamps turned off.
2025-11-07 12:56:22 (283 MB/s) - 'docs/book05/chapter07.htm' saved [4584/4584]

--2025-11-07 12:56:22--  http://127.0.0.1:8000/big5/book05/chapter08.htm
Connecting to 127.0.0.1:8000... connected.
HTTP request sent, awaiting response... 
  HTTP/1.1 200 OK
  Host: 127.0.0.1:8000
  Date: Fri, 07 Nov 2025 12:56:22 GMT
  Connection: close
  Content-Type: text/html; charset=UTF-8
  Content-Length: 7886
Length: 7886 (7.7K) [text/html]
Saving to: 'docs/book05/chapter08.htm'

     0K .......                                               100%  351M=0s

Last-modified header missing -- time-stamps turned off.
2025-11-07 12:56:22 (351 MB/s) - 'docs/book05/chapter08.htm' saved [7886/7886]

--2025-11-07 12:56:22--  http://127.0.0.1:8000/big5/book05/chapter09.htm
Connecting to 127.0.0.1:8000... connected.
HTTP request sent, awaiting response... 
  HTTP/1.1 200 OK
  Host: 127.0.0.1:8000
  Date: Fri, 07 Nov 2025 12:56:22 GMT
  Connection: close
  Content-Type: text/html; charset=UTF-8
  Content-Length: 1622
Length: 1622 (1.6K) [text/html]
Saving to: 'docs/book05/chapter09.htm'

     0K .                                                     100% 1003M=0s

Last-modified header missing -- time-stamps turned off.
2025-11-07 12:56:22 (1003 MB/s) - 'docs/book05/chapter09.htm' saved [1622/1622]

--2025-11-07 12:56:22--  http://127.0.0.1:8000/big5/book05/chapter10.htm
Connecting to 127.0.0.1:8000... connected.
HTTP request sent, awaiting response... 
  HTTP/1.1 200 OK
  Host: 127.0.0.1:8000
  Date: Fri, 07 Nov 2025 12:56:22 GMT
  Connection: close
  Content-Type: text/html; charset=UTF-8
  Content-Length: 4755
Length: 4755 (4.6K) [text/html]
Saving to: 'docs/book05/chapter10.htm'

     0K ....                                                  100%  297M=0s

Last-modified header missing -- time-stamps turned off.
2025-11-07 12:56:22 (297 MB/s) - 'docs/book05/chapter10.htm' saved [4755/4755]

--2025-11-07 12:56:22--  http://127.0.0.1:8000/big5/book05/chapter11.htm
Connecting to 127.0.0.1:8000... connected.
HTTP request sent, awaiting response... 
  HTTP/1.1 200 OK
  Host: 127.0.0.1:8000
  Date: Fri, 07 Nov 2025 12:56:22 GMT
  Connection: close
  Content-Type: text/html; charset=UTF-8
  Content-Length: 5051
Length: 5051 (4.9K) [text/html]
Saving to: 'docs/book05/chapter11.htm'

     0K ....                                                  100%  296M=0s

Last-modified header missing -- time-stamps turned off.
2025-11-07 12:56:22 (296 MB/s) - 'docs/book05/chapter11.htm' saved [5051/5051]

--2025-11-07 12:56:22--  http://127.0.0.1:8000/big5/book05/chapter12.htm
Connecting to 127.0.0.1:8000... connected.
HTTP request sent, awaiting response... 
  HTTP/1.1 200 OK
  Host: 127.0.0.1:8000
  Date: Fri, 07 Nov 2025 12:56:22 GMT
  Connection: close
  Content-Type: text/html; charset=UTF-8
  Content-Length: 2701
Length: 2701 (2.6K) [text/html]
Saving to: 'docs/book05/chapter12.htm'

     0K ..                                                    100%  166M=0s

Last-modified header missing -- time-stamps turned off.
2025-11-07 12:56:22 (166 MB/s) - 'docs/book05/chapter12.htm' saved [2701/2701]

--2025-11-07 12:56:22--  http://127.0.0.1:8000/big5/book05/chapter13.htm
Connecting to 127.0.0.1:8000... connected.
HTTP request sent, awaiting response... 
  HTTP/1.1 200 OK
  Host: 127.0.0.1:8000
  Date: Fri, 07 Nov 2025 12:56:22 GMT
  Connection: close
  Content-Type: text/html; charset=UTF-8
  Content-Length: 8032
Length: 8032 (7.8K) [text/html]
Saving to: 'docs/book05/chapter13.htm'

     0K .......                                               100%  357M=0s

Last-modified header missing -- time-stamps turned off.
2025-11-07 12:56:22 (357 MB/s) - 'docs/book05/chapter13.htm' saved [8032/8032]

--2025-11-07 12:56:22--  http://127.0.0.1:8000/big5/book05/chapter14.htm
Connecting to 127.0.0.1:8000... connected.
HTTP request sent, awaiting response... 
  HTTP/1.1 200 OK
  Host: 127.0.0.1:8000
  Date: Fri, 07 Nov 2025 12:56:22 GMT
  Connection: close
  Content-Type: text/html; charset=UTF-8
  Content-Length: 1803
Length: 1803 (1.8K) [text/html]
Saving to: 'docs/book05/chapter14.htm'

     0K .                                                     100%  164M=0s

Last-modified header missing -- time-stamps turned off.
2025-11-07 12:56:22 (164 MB/s) - 'docs/book05/chapter14.htm' saved [1803/1803]

--2025-11-07 12:56:22--  http://127.0.0.1:8000/big5/book05/chapter15.htm
Connecting to 127.0.0.1:8000... connected.
HTTP request sent, awaiting response... 
  HTTP/1.1 200 OK
  Host: 127.0.0.1:8000
  Date: Fri, 07 Nov 2025 12:56:22 GMT
  Connection: close
  Content-Type: text/html; charset=UTF-8
  Content-Length: 1697
Length: 1697 (1.7K) [text/html]
Saving to: 'docs/book05/chapter15.htm'

     0K .                                                     100%  299M=0s

Last-modified header missing -- time-stamps turned off.
2025-11-07 12:56:22 (299 MB/s) - 'docs/book05/chapter15.htm' saved [1697/1697]

--2025-11-07 12:56:22--  http://127.0.0.1:8000/big5/book05/chapter16.htm
Connecting to 127.0.0.1:8000... connected.
HTTP request sent, awaiting response... 
  HTTP/1.1 200 OK
  Host: 127.0.0.1:8000
  Date: Fri, 07 Nov 2025 12:56:22 GMT
  Connection: close
  Content-Type: text/html; charset=UTF-8
  Content-Length: 14822
Length: 14822 (14K) [text/html]
Saving to: 'docs/book05/chapter16.htm'

     0K .......... ....                                       100% 2.76G=0s

Last-modified header missing -- time-stamps turned off.
2025-11-07 12:56:22 (2.76 GB/s) - 'docs/book05/chapter16.htm' saved [14822/14822]

--2025-11-07 12:56:22--  http://127.0.0.1:8000/big5/book05/chapter17.htm
Connecting to 127.0.0.1:8000... connected.
HTTP request sent, awaiting response... 
  HTTP/1.1 200 OK
  Host: 127.0.0.1:8000
  Date: Fri, 07 Nov 2025 12:56:22 GMT
  Connection: close
  Content-Type: text/html; charset=UTF-8
  Content-Length: 5336
Length: 5336 (5.2K) [text/html]
Saving to: 'docs/book05/chapter17.htm'

     0K .....                                                 100%  178M=0s

Last-modified header missing -- time-stamps turned off.
2025-11-07 12:56:22 (178 MB/s) - 'docs/book05/chapter17.htm' saved [5336/5336]

--2025-11-07 12:56:22--  http://127.0.0.1:8000/big5/book05/chapter18.htm
Connecting to 127.0.0.1:8000... connected.
HTTP request sent, awaiting response... 
  HTTP/1.1 200 OK
  Host: 127.0.0.1:8000
  Date: Fri, 07 Nov 2025 12:56:22 GMT
  Connection: close
  Content-Type: text/html; charset=UTF-8
  Content-Length: 8757
Length: 8757 (8.6K) [text/html]
Saving to: 'docs/book05/chapter18.htm'

     0K ........                                              100%  376M=0s

Last-modified header missing -- time-stamps turned off.
2025-11-07 12:56:22 (376 MB/s) - 'docs/book05/chapter18.htm' saved [8757/8757]

--2025-11-07 12:56:22--  http://127.0.0.1:8000/big5/book05/chapter19.htm
Connecting to 127.0.0.1:8000... connected.
HTTP request sent, awaiting response... 
  HTTP/1.1 200 OK
  Host: 127.0.0.1:8000
  Date: Fri, 07 Nov 2025 12:56:22 GMT
  Connection: close
  Content-Type: text/html; charset=UTF-8
  Content-Length: 2816
Length: 2816 (2.8K) [text/html]
Saving to: 'docs/book05/chapter19.htm'

     0K ..                                                    100%  163M=0s

Last-modified header missing -- time-stamps turned off.
2025-11-07 12:56:22 (163 MB/s) - 'docs/book05/chapter19.htm' saved [2816/2816]

--2025-11-07 12:56:22--  http://127.0.0.1:8000/big5/book05/chapter20.htm
Connecting to 127.0.0.1:8000... connected.
HTTP request sent, awaiting response... 
  HTTP/1.1 200 OK
  Host: 127.0.0.1:8000
  Date: Fri, 07 Nov 2025 12:56:22 GMT
  Connection: close
  Content-Type: text/html; charset=UTF-8
  Content-Length: 4990
Length: 4990 (4.9K) [text/html]
Saving to: 'docs/book05/chapter20.htm'

     0K ....                                                  100%  174M=0s

Last-modified header missing -- time-stamps turned off.
2025-11-07 12:56:22 (174 MB/s) - 'docs/book05/chapter20.htm' saved [4990/4990]

--2025-11-07 12:56:22--  http://127.0.0.1:8000/big5/book05/chapter21.htm
Connecting to 127.0.0.1:8000... connected.
HTTP request sent, awaiting response... 
  HTTP/1.1 200 OK
  Host: 127.0.0.1:8000
  Date: Fri, 07 Nov 2025 12:56:22 GMT
  Connection: close
  Content-Type: text/html; charset=UTF-8
  Content-Length: 3641
Length: 3641 (3.6K) [text/html]
Saving to: 'docs/book05/chapter21.htm'

     0K ...                                                   100%  223M=0s

Last-modified header missing -- time-stamps turned off.
2025-11-07 12:56:22 (223 MB/s) - 'docs/book05/chapter21.htm' saved [3641/3641]

--2025-11-07 12:56:22--  http://127.0.0.1:8000/big5/book05/chapter22.htm
Connecting to 127.0.0.1:8000... connected.
HTTP request sent, awaiting response... 
  HTTP/1.1 200 OK
  Host: 127.0.0.1:8000
  Date: Fri, 07 Nov 2025 12:56:22 GMT
  Connection: close
  Content-Type: text/html; charset=UTF-8
  Content-Length: 1993
Length: 1993 (1.9K) [text/html]
Saving to: 'docs/book05/chapter22.htm'

     0K .                                                     100% 1.14G=0s

Last-modified header missing -- time-stamps turned off.
2025-11-07 12:56:22 (1.14 GB/s) - 'docs/book05/chapter22.htm' saved [1993/1993]

--2025-11-07 12:56:22--  http://127.0.0.1:8000/big5/book05/chapter23.htm
Connecting to 127.0.0.1:8000... connected.
HTTP request sent, awaiting response... 
  HTTP/1.1 200 OK
  Host: 127.0.0.1:8000
  Date: Fri, 07 Nov 2025 12:56:22 GMT
  Connection: close
  Content-Type: text/html; charset=UTF-8
  Content-Length: 4892
Length: 4892 (4.8K) [text/html]
Saving to: 'docs/book05/chapter23.htm'

     0K ....                                                  100%  158M=0s

Last-modified header missing -- time-stamps turned off.
2025-11-07 12:56:22 (158 MB/s) - 'docs/book05/chapter23.htm' saved [4892/4892]

--2025-11-07 12:56:22--  http://127.0.0.1:8000/big5/book05/chapter24.htm
Connecting to 127.0.0.1:8000... connected.
HTTP request sent, awaiting response... 
  HTTP/1.1 200 OK
  Host: 127.0.0.1:8000
  Date: Fri, 07 Nov 2025 12:56:22 GMT
  Connection: close
  Content-Type: text/html; charset=UTF-8
  Content-Length: 9704
Length: 9704 (9.5K) [text/html]
Saving to: 'docs/book05/chapter24.htm'

     0K .........                                             100% 1.97G=0s

Last-modified header missing -- time-stamps turned off.
2025-11-07 12:56:22 (1.97 GB/s) - 'docs/book05/chapter24.htm' saved [9704/9704]

--2025-11-07 12:56:22--  http://127.0.0.1:8000/big5/book05/chapter25.htm
Connecting to 127.0.0.1:8000... connected.
HTTP request sent, awaiting response... 
  HTTP/1.1 200 OK
  Host: 127.0.0.1:8000
  Date: Fri, 07 Nov 2025 12:56:22 GMT
  Connection: close
  Content-Type: text/html; charset=UTF-8
  Content-Length: 1948
Length: 1948 (1.9K) [text/html]
Saving to: 'docs/book05/chapter25.htm'

     0K .                                                     100%  665M=0s

Last-modified header missing -- time-stamps turned off.
2025-11-07 12:56:22 (665 MB/s) - 'docs/book05/chapter25.htm' saved [1948/1948]

--2025-11-07 12:56:22--  http://127.0.0.1:8000/big5/book05/chapter26.htm
Connecting to 127.0.0.1:8000... connected.
HTTP request sent, awaiting response... 
  HTTP/1.1 200 OK
  Host: 127.0.0.1:8000
  Date: Fri, 07 Nov 2025 12:56:22 GMT
  Connection: close
  Content-Type: text/html; charset=UTF-8
  Content-Length: 2012
Length: 2012 (2.0K) [text/html]
Saving to: 'docs/book05/chapter26.htm'

     0K .                                                     100% 1.15G=0s

Last-modified header missing -- time-stamps turned off.
2025-11-07 12:56:22 (1.15 GB/s) - 'docs/book05/chapter26.htm' saved [2012/2012]

--2025-11-07 12:56:22--  http://127.0.0.1:8000/big5/book05/chapter27.htm
Connecting to 127.0.0.1:8000... connected.
HTTP request sent, awaiting response... 
  HTTP/1.1 200 OK
  Host: 127.0.0.1:8000
  Date: Fri, 07 Nov 2025 12:56:22 GMT
  Connection: close
  Content-Type: text/html; charset=UTF-8
  Content-Length: 2190
Length: 2190 (2.1K) [text/html]
Saving to: 'docs/book05/chapter27.htm'

     0K ..                                                    100% 57.6M=0s

Last-modified header missing -- time-stamps turned off.
2025-11-07 12:56:22 (57.6 MB/s) - 'docs/book05/chapter27.htm' saved [2190/2190]

--2025-11-07 12:56:22--  http://127.0.0.1:8000/big5/book05/chapter28.htm
Connecting to 127.0.0.1:8000... connected.
HTTP request sent, awaiting response... 
  HTTP/1.1 200 OK
  Host: 127.0.0.1:8000
  Date: Fri, 07 Nov 2025 12:56:22 GMT
  Connection: close
  Content-Type: text/html; charset=UTF-8
  Content-Length: 11867
Length: 11867 (12K) [text/html]
Saving to: 'docs/book05/chapter28.htm'

     0K .......... .                                          100% 1.40G=0s

Last-modified header missing -- time-stamps turned off.
2025-11-07 12:56:22 (1.40 GB/s) - 'docs/book05/chapter28.htm' saved [11867/11867]

--2025-11-07 12:56:22--  http://127.0.0.1:8000/image/theme08_corner.jpg
Connecting to 127.0.0.1:8000... connected.
HTTP request sent, awaiting response... 
  HTTP/1.1 200 OK
  Host: 127.0.0.1:8000
  Date: Fri, 07 Nov 2025 12:56:22 GMT
  Connection: close
  Content-Type: image/jpeg
  Content-Length: 9729
Length: 9729 (9.5K) [image/jpeg]
Saving to: 'docs/theme08_corner.jpg'

     0K .........                                             100% 4.73G=0s

Last-modified header missing -- time-stamps turned off.
2025-11-07 12:56:22 (4.73 GB/s) - 'docs/theme08_corner.jpg' saved [9729/9729]

--2025-11-07 12:56:22--  http://127.0.0.1:8000/image/theme08_left.jpg
Connecting to 127.0.0.1:8000... connected.
HTTP request sent, awaiting response... 
  HTTP/1.1 200 OK
  Host: 127.0.0.1:8000
  Date: Fri, 07 Nov 2025 12:56:22 GMT
  Connection: close
  Content-Type: image/jpeg
  Content-Length: 5967
Length: 5967 (5.8K) [image/jpeg]
Saving to: 'docs/theme08_left.jpg'

     0K .....                                                 100%  215M=0s

Last-modified header missing -- time-stamps turned off.
2025-11-07 12:56:22 (215 MB/s) - 'docs/theme08_left.jpg' saved [5967/5967]

--2025-11-07 12:56:22--  http://127.0.0.1:8000/image/theme08_top.jpg
Connecting to 127.0.0.1:8000... connected.
HTTP request sent, awaiting response... 
  HTTP/1.1 200 OK
  Host: 127.0.0.1:8000
  Date: Fri, 07 Nov 2025 12:56:22 GMT
  Connection: close
  Content-Type: image/jpeg
  Content-Length: 9261
Length: 9261 (9.0K) [image/jpeg]
Saving to: 'docs/theme08_top.jpg'

     0K .........                                             100%  214M=0s

Last-modified header missing -- time-stamps turned off.
2025-11-07 12:56:22 (214 MB/s) - 'docs/theme08_top.jpg' saved [9261/9261]

--2025-11-07 12:56:22--  http://127.0.0.1:8000/image/theme08_main.jpg
Connecting to 127.0.0.1:8000... connected.
HTTP request sent, awaiting response... 
  HTTP/1.1 200 OK
  Host: 127.0.0.1:8000
  Date: Fri, 07 Nov 2025 12:56:22 GMT
  Connection: close
  Content-Type: image/jpeg
  Content-Length: 24132
Length: 24132 (24K) [image/jpeg]
Saving to: 'docs/theme08_main.jpg'

     0K .......... .......... ...                             100% 2.04G=0s

Last-modified header missing -- time-stamps turned off.
2025-11-07 12:56:22 (2.04 GB/s) - 'docs/theme08_main.jpg' saved [24132/24132]

--2025-11-07 12:56:22--  http://127.0.0.1:8000/big5/book06/chapter01.htm
Connecting to 127.0.0.1:8000... connected.
HTTP request sent, awaiting response... 
  HTTP/1.1 200 OK
  Host: 127.0.0.1:8000
  Date: Fri, 07 Nov 2025 12:56:22 GMT
  Connection: close
  Content-Type: text/html; charset=UTF-8
  Content-Length: 2954
Length: 2954 (2.9K) [text/html]
Saving to: 'docs/book06/chapter01.htm'

     0K ..                                                    100% 1.78G=0s

Last-modified header missing -- time-stamps turned off.
2025-11-07 12:56:22 (1.78 GB/s) - 'docs/book06/chapter01.htm' saved [2954/2954]

--2025-11-07 12:56:22--  http://127.0.0.1:8000/big5/book06/chapter02.htm
Connecting to 127.0.0.1:8000... connected.
HTTP request sent, awaiting response... 
  HTTP/1.1 200 OK
  Host: 127.0.0.1:8000
  Date: Fri, 07 Nov 2025 12:56:22 GMT
  Connection: close
  Content-Type: text/html; charset=UTF-8
  Content-Length: 7539
Length: 7539 (7.4K) [text/html]
Saving to: 'docs/book06/chapter02.htm'

     0K .......                                               100%  452M=0s

Last-modified header missing -- time-stamps turned off.
2025-11-07 12:56:22 (452 MB/s) - 'docs/book06/chapter02.htm' saved [7539/7539]

--2025-11-07 12:56:22--  http://127.0.0.1:8000/big5/book06/chapter03.htm
Connecting to 127.0.0.1:8000... connected.
HTTP request sent, awaiting response... 
  HTTP/1.1 200 OK
  Host: 127.0.0.1:8000
  Date: Fri, 07 Nov 2025 12:56:22 GMT
  Connection: close
  Content-Type: text/html; charset=UTF-8
  Content-Length: 9248
Length: 9248 (9.0K) [text/html]
Saving to: 'docs/book06/chapter03.htm'

     0K .........                                             100% 4.22G=0s

Last-modified header missing -- time-stamps turned off.
2025-11-07 12:56:22 (4.22 GB/s) - 'docs/book06/chapter03.htm' saved [9248/9248]

--2025-11-07 12:56:22--  http://127.0.0.1:8000/big5/book06/chapter04.htm
Connecting to 127.0.0.1:8000... connected.
HTTP request sent, awaiting response... 
  HTTP/1.1 200 OK
  Host: 127.0.0.1:8000
  Date: Fri, 07 Nov 2025 12:56:22 GMT
  Connection: close
  Content-Type: text/html; charset=UTF-8
  Content-Length: 3127
Length: 3127 (3.1K) [text/html]
Saving to: 'docs/book06/chapter04.htm'

     0K ...                                                   100% 1.55G=0s

Last-modified header missing -- time-stamps turned off.
2025-11-07 12:56:22 (1.55 GB/s) - 'docs/book06/chapter04.htm' saved [3127/3127]

--2025-11-07 12:56:22--  http://127.0.0.1:8000/big5/book06/chapter05.htm
Connecting to 127.0.0.1:8000... connected.
HTTP request sent, awaiting response... 
  HTTP/1.1 200 OK
  Host: 127.0.0.1:8000
  Date: Fri, 07 Nov 2025 12:56:22 GMT
  Connection: close
  Content-Type: text/html; charset=UTF-8
  Content-Length: 4635
Length: 4635 (4.5K) [text/html]
Saving to: 'docs/book06/chapter05.htm'

     0K ....                                                  100%  136M=0s

Last-modified header missing -- time-stamps turned off.
2025-11-07 12:56:22 (136 MB/s) - 'docs/book06/chapter05.htm' saved [4635/4635]

--2025-11-07 12:56:22--  http://127.0.0.1:8000/big5/book06/chapter06.htm
Connecting to 127.0.0.1:8000... connected.
HTTP request sent, awaiting response... 
  HTTP/1.1 200 OK
  Host: 127.0.0.1:8000
  Date: Fri, 07 Nov 2025 12:56:22 GMT
  Connection: close
  Content-Type: text/html; charset=UTF-8
  Content-Length: 1728
Length: 1728 (1.7K) [text/html]
Saving to: 'docs/book06/chapter06.htm'

     0K .                                                     100% 21.4M=0s

Last-modified header missing -- time-stamps turned off.
2025-11-07 12:56:22 (21.4 MB/s) - 'docs/book06/chapter06.htm' saved [1728/1728]

--2025-11-07 12:56:22--  http://127.0.0.1:8000/big5/book06/chapter07.htm
Connecting to 127.0.0.1:8000... connected.
HTTP request sent, awaiting response... 
  HTTP/1.1 200 OK
  Host: 127.0.0.1:8000
  Date: Fri, 07 Nov 2025 12:56:22 GMT
  Connection: close
  Content-Type: text/html; charset=UTF-8
  Content-Length: 2371
Length: 2371 (2.3K) [text/html]
Saving to: 'docs/book06/chapter07.htm'

     0K ..                                                    100% 1.29G=0s

Last-modified header missing -- time-stamps turned off.
2025-11-07 12:56:22 (1.29 GB/s) - 'docs/book06/chapter07.htm' saved [2371/2371]

--2025-11-07 12:56:22--  http://127.0.0.1:8000/big5/book06/chapter08.htm
Connecting to 127.0.0.1:8000... connected.
HTTP request sent, awaiting response... 
  HTTP/1.1 200 OK
  Host: 127.0.0.1:8000
  Date: Fri, 07 Nov 2025 12:56:22 GMT
  Connection: close
  Content-Type: text/html; charset=UTF-8
  Content-Length: 4481
Length: 4481 (4.4K) [text/html]
Saving to: 'docs/book06/chapter08.htm'

     0K ....                                                  100% 2.33G=0s

Last-modified header missing -- time-stamps turned off.
2025-11-07 12:56:22 (2.33 GB/s) - 'docs/book06/chapter08.htm' saved [4481/4481]

--2025-11-07 12:56:22--  http://127.0.0.1:8000/big5/book06/chapter09.htm
Connecting to 127.0.0.1:8000... connected.
HTTP request sent, awaiting response... 
  HTTP/1.1 200 OK
  Host: 127.0.0.1:8000
  Date: Fri, 07 Nov 2025 12:56:22 GMT
  Connection: close
  Content-Type: text/html; charset=UTF-8
  Content-Length: 4363
Length: 4363 (4.3K) [text/html]
Saving to: 'docs/book06/chapter09.htm'

     0K ....                                                  100%  265M=0s

Last-modified header missing -- time-stamps turned off.
2025-11-07 12:56:22 (265 MB/s) - 'docs/book06/chapter09.htm' saved [4363/4363]

--2025-11-07 12:56:22--  http://127.0.0.1:8000/big5/book06/chapter10.htm
Connecting to 127.0.0.1:8000... connected.
HTTP request sent, awaiting response... 
  HTTP/1.1 200 OK
  Host: 127.0.0.1:8000
  Date: Fri, 07 Nov 2025 12:56:22 GMT
  Connection: close
  Content-Type: text/html; charset=UTF-8
  Content-Length: 1800
Length: 1800 (1.8K) [text/html]
Saving to: 'docs/book06/chapter10.htm'

     0K .                                                     100% 89.8M=0s

Last-modified header missing -- time-stamps turned off.
2025-11-07 12:56:22 (89.8 MB/s) - 'docs/book06/chapter10.htm' saved [1800/1800]

--2025-11-07 12:56:22--  http://127.0.0.1:8000/big5/book06/chapter11.htm
Connecting to 127.0.0.1:8000... connected.
HTTP request sent, awaiting response... 
  HTTP/1.1 200 OK
  Host: 127.0.0.1:8000
  Date: Fri, 07 Nov 2025 12:56:22 GMT
  Connection: close
  Content-Type: text/html; charset=UTF-8
  Content-Length: 4953
Length: 4953 (4.8K) [text/html]
Saving to: 'docs/book06/chapter11.htm'

     0K ....                                                  100%  248M=0s

Last-modified header missing -- time-stamps turned off.
2025-11-07 12:56:22 (248 MB/s) - 'docs/book06/chapter11.htm' saved [4953/4953]

--2025-11-07 12:56:22--  http://127.0.0.1:8000/big5/book06/chapter12.htm
Connecting to 127.0.0.1:8000... connected.
HTTP request sent, awaiting response... 
  HTTP/1.1 200 OK
  Host: 127.0.0.1:8000
  Date: Fri, 07 Nov 2025 12:56:22 GMT
  Connection: close
  Content-Type: text/html; charset=UTF-8
  Content-Length: 4934
Length: 4934 (4.8K) [text/html]
Saving to: 'docs/book06/chapter12.htm'

     0K ....                                                  100% 1.21G=0s

Last-modified header missing -- time-stamps turned off.
2025-11-07 12:56:22 (1.21 GB/s) - 'docs/book06/chapter12.htm' saved [4934/4934]

--2025-11-07 12:56:22--  http://127.0.0.1:8000/big5/book06/chapter13.htm
Connecting to 127.0.0.1:8000... connected.
HTTP request sent, awaiting response... 
  HTTP/1.1 200 OK
  Host: 127.0.0.1:8000
  Date: Fri, 07 Nov 2025 12:56:22 GMT
  Connection: close
  Content-Type: text/html; charset=UTF-8
  Content-Length: 12176
Length: 12176 (12K) [text/html]
Saving to: 'docs/book06/chapter13.htm'

     0K .......... .                                          100%  323M=0s

Last-modified header missing -- time-stamps turned off.
2025-11-07 12:56:22 (323 MB/s) - 'docs/book06/chapter13.htm' saved [12176/12176]

--2025-11-07 12:56:22--  http://127.0.0.1:8000/big5/book06/chapter14.htm
Connecting to 127.0.0.1:8000... connected.
HTTP request sent, awaiting response... 
  HTTP/1.1 200 OK
  Host: 127.0.0.1:8000
  Date: Fri, 07 Nov 2025 12:56:22 GMT
  Connection: close
  Content-Type: text/html; charset=UTF-8
  Content-Length: 8136
Length: 8136 (7.9K) [text/html]
Saving to: 'docs/book06/chapter14.htm'

     0K .......                                               100% 4.23G=0s

Last-modified header missing -- time-stamps turned off.
2025-11-07 12:56:22 (4.23 GB/s) - 'docs/book06/chapter14.htm' saved [8136/8136]

--2025-11-07 12:56:22--  http://127.0.0.1:8000/big5/book06/chapter15.htm
Connecting to 127.0.0.1:8000... connected.
HTTP request sent, awaiting response... 
  HTTP/1.1 200 OK
  Host: 127.0.0.1:8000
  Date: Fri, 07 Nov 2025 12:56:22 GMT
  Connection: close
  Content-Type: text/html; charset=UTF-8
  Content-Length: 1820
Length: 1820 (1.8K) [text/html]
Saving to: 'docs/book06/chapter15.htm'

     0K .                                                     100%  683M=0s

Last-modified header missing -- time-stamps turned off.
2025-11-07 12:56:22 (683 MB/s) - 'docs/book06/chapter15.htm' saved [1820/1820]

--2025-11-07 12:56:22--  http://127.0.0.1:8000/big5/book06/chapter16.htm
Connecting to 127.0.0.1:8000... connected.
HTTP request sent, awaiting response... 
  HTTP/1.1 200 OK
  Host: 127.0.0.1:8000
  Date: Fri, 07 Nov 2025 12:56:22 GMT
  Connection: close
  Content-Type: text/html; charset=UTF-8
  Content-Length: 7902
Length: 7902 (7.7K) [text/html]
Saving to: 'docs/book06/chapter16.htm'

     0K .......                                               100%  472M=0s

Last-modified header missing -- time-stamps turned off.
2025-11-07 12:56:22 (472 MB/s) - 'docs/book06/chapter16.htm' saved [7902/7902]

--2025-11-07 12:56:22--  http://127.0.0.1:8000/big5/book06/chapter17.htm
Connecting to 127.0.0.1:8000... connected.
HTTP request sent, awaiting response... 
  HTTP/1.1 200 OK
  Host: 127.0.0.1:8000
  Date: Fri, 07 Nov 2025 12:56:22 GMT
  Connection: close
  Content-Type: text/html; charset=UTF-8
  Content-Length: 2234
Length: 2234 (2.2K) [text/html]
Saving to: 'docs/book06/chapter17.htm'

     0K ..                                                    100%  143M=0s

Last-modified header missing -- time-stamps turned off.
2025-11-07 12:56:22 (143 MB/s) - 'docs/book06/chapter17.htm' saved [2234/2234]

--2025-11-07 12:56:22--  http://127.0.0.1:8000/big5/book06/chapter18.htm
Connecting to 127.0.0.1:8000... connected.
HTTP request sent, awaiting response... 
  HTTP/1.1 200 OK
  Host: 127.0.0.1:8000
  Date: Fri, 07 Nov 2025 12:56:22 GMT
  Connection: close
  Content-Type: text/html; charset=UTF-8
  Content-Length: 4016
Length: 4016 (3.9K) [text/html]
Saving to: 'docs/book06/chapter18.htm'

     0K ...                                                   100%  236M=0s

Last-modified header missing -- time-stamps turned off.
2025-11-07 12:56:22 (236 MB/s) - 'docs/book06/chapter18.htm' saved [4016/4016]

--2025-11-07 12:56:22--  http://127.0.0.1:8000/big5/book06/chapter19.htm
Connecting to 127.0.0.1:8000... connected.
HTTP request sent, awaiting response... 
  HTTP/1.1 200 OK
  Host: 127.0.0.1:8000
  Date: Fri, 07 Nov 2025 12:56:22 GMT
  Connection: close
  Content-Type: text/html; charset=UTF-8
  Content-Length: 12609
Length: 12609 (12K) [text/html]
Saving to: 'docs/book06/chapter19.htm'

     0K .......... ..                                         100%  706M=0s

Last-modified header missing -- time-stamps turned off.
2025-11-07 12:56:22 (706 MB/s) - 'docs/book06/chapter19.htm' saved [12609/12609]

--2025-11-07 12:56:22--  http://127.0.0.1:8000/big5/book06/chapter20.htm
Connecting to 127.0.0.1:8000... connected.
HTTP request sent, awaiting response... 
  HTTP/1.1 200 OK
  Host: 127.0.0.1:8000
  Date: Fri, 07 Nov 2025 12:56:22 GMT
  Connection: close
  Content-Type: text/html; charset=UTF-8
  Content-Length: 2909
Length: 2909 (2.8K) [text/html]
Saving to: 'docs/book06/chapter20.htm'

     0K ..                                                    100% 1.59G=0s

Last-modified header missing -- time-stamps turned off.
2025-11-07 12:56:22 (1.59 GB/s) - 'docs/book06/chapter20.htm' saved [2909/2909]

--2025-11-07 12:56:22--  http://127.0.0.1:8000/big5/book06/chapter21.htm
Connecting to 127.0.0.1:8000... connected.
HTTP request sent, awaiting response... 
  HTTP/1.1 200 OK
  Host: 127.0.0.1:8000
  Date: Fri, 07 Nov 2025 12:56:22 GMT
  Connection: close
  Content-Type: text/html; charset=UTF-8
  Content-Length: 2760
Length: 2760 (2.7K) [text/html]
Saving to: 'docs/book06/chapter21.htm'

     0K ..                                                    100% 54.8M=0s

Last-modified header missing -- time-stamps turned off.
2025-11-07 12:56:22 (54.8 MB/s) - 'docs/book06/chapter21.htm' saved [2760/2760]

--2025-11-07 12:56:22--  http://127.0.0.1:8000/big5/book06/chapter22.htm
Connecting to 127.0.0.1:8000... connected.
HTTP request sent, awaiting response... 
  HTTP/1.1 200 OK
  Host: 127.0.0.1:8000
  Date: Fri, 07 Nov 2025 12:56:22 GMT
  Connection: close
  Content-Type: text/html; charset=UTF-8
  Content-Length: 4127
Length: 4127 (4.0K) [text/html]
Saving to: 'docs/book06/chapter22.htm'

     0K ....                                                  100%  115M=0s

Last-modified header missing -- time-stamps turned off.
2025-11-07 12:56:22 (115 MB/s) - 'docs/book06/chapter22.htm' saved [4127/4127]

--2025-11-07 12:56:22--  http://127.0.0.1:8000/big5/book06/chapter23.htm
Connecting to 127.0.0.1:8000... connected.
HTTP request sent, awaiting response... 
  HTTP/1.1 200 OK
  Host: 127.0.0.1:8000
  Date: Fri, 07 Nov 2025 12:56:22 GMT
  Connection: close
  Content-Type: text/html; charset=UTF-8
  Content-Length: 3278
Length: 3278 (3.2K) [text/html]
Saving to: 'docs/book06/chapter23.htm'

     0K ...                                                   100%  187M=0s

Last-modified header missing -- time-stamps turned off.
2025-11-07 12:56:22 (187 MB/s) - 'docs/book06/chapter23.htm' saved [3278/3278]

--2025-11-07 12:56:22--  http://127.0.0.1:8000/big5/book06/chapter24.htm
Connecting to 127.0.0.1:8000... connected.
HTTP request sent, awaiting response... 
  HTTP/1.1 200 OK
  Host: 127.0.0.1:8000
  Date: Fri, 07 Nov 2025 12:56:22 GMT
  Connection: close
  Content-Type: text/html; charset=UTF-8
  Content-Length: 2069
Length: 2069 (2.0K) [text/html]
Saving to: 'docs/book06/chapter24.htm'

     0K ..                                                    100%  115M=0s

Last-modified header missing -- time-stamps turned off.
2025-11-07 12:56:22 (115 MB/s) - 'docs/book06/chapter24.htm' saved [2069/2069]

--2025-11-07 12:56:22--  http://127.0.0.1:8000/big5/book06/chapter25.htm
Connecting to 127.0.0.1:8000... connected.
HTTP request sent, awaiting response... 
  HTTP/1.1 200 OK
  Host: 127.0.0.1:8000
  Date: Fri, 07 Nov 2025 12:56:22 GMT
  Connection: close
  Content-Type: text/html; charset=UTF-8
  Content-Length: 10163
Length: 10163 (9.9K) [text/html]
Saving to: 'docs/book06/chapter25.htm'

     0K .........                                             100%  340M=0s

Last-modified header missing -- time-stamps turned off.
2025-11-07 12:56:22 (340 MB/s) - 'docs/book06/chapter25.htm' saved [10163/10163]

--2025-11-07 12:56:22--  http://127.0.0.1:8000/big5/book06/chapter26.htm
Connecting to 127.0.0.1:8000... connected.
HTTP request sent, awaiting response... 
  HTTP/1.1 200 OK
  Host: 127.0.0.1:8000
  Date: Fri, 07 Nov 2025 12:56:22 GMT
  Connection: close
  Content-Type: text/html; charset=UTF-8
  Content-Length: 2258
Length: 2258 (2.2K) [text/html]
Saving to: 'docs/book06/chapter26.htm'

     0K ..                                                    100% 1.23G=0s

Last-modified header missing -- time-stamps turned off.
2025-11-07 12:56:22 (1.23 GB/s) - 'docs/book06/chapter26.htm' saved [2258/2258]

--2025-11-07 12:56:22--  http://127.0.0.1:8000/big5/book06/chapter27.htm
Connecting to 127.0.0.1:8000... connected.
HTTP request sent, awaiting response... 
  HTTP/1.1 200 OK
  Host: 127.0.0.1:8000
  Date: Fri, 07 Nov 2025 12:56:22 GMT
  Connection: close
  Content-Type: text/html; charset=UTF-8
  Content-Length: 1748
Length: 1748 (1.7K) [text/html]
Saving to: 'docs/book06/chapter27.htm'

     0K .                                                     100% 43.3M=0s

Last-modified header missing -- time-stamps turned off.
2025-11-07 12:56:22 (43.3 MB/s) - 'docs/book06/chapter27.htm' saved [1748/1748]

--2025-11-07 12:56:22--  http://127.0.0.1:8000/big5/book06/chapter28.htm
Connecting to 127.0.0.1:8000... connected.
HTTP request sent, awaiting response... 
  HTTP/1.1 200 OK
  Host: 127.0.0.1:8000
  Date: Fri, 07 Nov 2025 12:56:22 GMT
  Connection: close
  Content-Type: text/html; charset=UTF-8
  Content-Length: 2614
Length: 2614 (2.6K) [text/html]
Saving to: 'docs/book06/chapter28.htm'

     0K ..                                                    100% 1.15G=0s

Last-modified header missing -- time-stamps turned off.
2025-11-07 12:56:22 (1.15 GB/s) - 'docs/book06/chapter28.htm' saved [2614/2614]

--2025-11-07 12:56:22--  http://127.0.0.1:8000/big5/book06/chapter29.htm
Connecting to 127.0.0.1:8000... connected.
HTTP request sent, awaiting response... 
  HTTP/1.1 200 OK
  Host: 127.0.0.1:8000
  Date: Fri, 07 Nov 2025 12:56:22 GMT
  Connection: close
  Content-Type: text/html; charset=UTF-8
  Content-Length: 3079
Length: 3079 (3.0K) [text/html]
Saving to: 'docs/book06/chapter29.htm'

     0K ...                                                   100%  181M=0s

Last-modified header missing -- time-stamps turned off.
2025-11-07 12:56:22 (181 MB/s) - 'docs/book06/chapter29.htm' saved [3079/3079]

--2025-11-07 12:56:22--  http://127.0.0.1:8000/big5/book06/chapter30.htm
Connecting to 127.0.0.1:8000... connected.
HTTP request sent, awaiting response... 
  HTTP/1.1 200 OK
  Host: 127.0.0.1:8000
  Date: Fri, 07 Nov 2025 12:56:22 GMT
  Connection: close
  Content-Type: text/html; charset=UTF-8
  Content-Length: 2821
Length: 2821 (2.8K) [text/html]
Saving to: 'docs/book06/chapter30.htm'

     0K ..                                                    100%  129M=0s

Last-modified header missing -- time-stamps turned off.
2025-11-07 12:56:22 (129 MB/s) - 'docs/book06/chapter30.htm' saved [2821/2821]

--2025-11-07 12:56:22--  http://127.0.0.1:8000/big5/book06/chapter31.htm
Connecting to 127.0.0.1:8000... connected.
HTTP request sent, awaiting response... 
  HTTP/1.1 200 OK
  Host: 127.0.0.1:8000
  Date: Fri, 07 Nov 2025 12:56:22 GMT
  Connection: close
  Content-Type: text/html; charset=UTF-8
  Content-Length: 2534
Length: 2534 (2.5K) [text/html]
Saving to: 'docs/book06/chapter31.htm'

     0K ..                                                    100%  114M=0s

Last-modified header missing -- time-stamps turned off.
2025-11-07 12:56:22 (114 MB/s) - 'docs/book06/chapter31.htm' saved [2534/2534]

--2025-11-07 12:56:22--  http://127.0.0.1:8000/big5/book06/chapter32.htm
Connecting to 127.0.0.1:8000... connected.
HTTP request sent, awaiting response... 
  HTTP/1.1 200 OK
  Host: 127.0.0.1:8000
  Date: Fri, 07 Nov 2025 12:56:22 GMT
  Connection: close
  Content-Type: text/html; charset=UTF-8
  Content-Length: 2988
Length: 2988 (2.9K) [text/html]
Saving to: 'docs/book06/chapter32.htm'

     0K ..                                                    100%  170M=0s

Last-modified header missing -- time-stamps turned off.
2025-11-07 12:56:22 (170 MB/s) - 'docs/book06/chapter32.htm' saved [2988/2988]

--2025-11-07 12:56:22--  http://127.0.0.1:8000/big5/book06/chapter33.htm
Connecting to 127.0.0.1:8000... connected.
HTTP request sent, awaiting response... 
  HTTP/1.1 200 OK
  Host: 127.0.0.1:8000
  Date: Fri, 07 Nov 2025 12:56:22 GMT
  Connection: close
  Content-Type: text/html; charset=UTF-8
  Content-Length: 3365
Length: 3365 (3.3K) [text/html]
Saving to: 'docs/book06/chapter33.htm'

     0K ...                                                   100%  158M=0s

Last-modified header missing -- time-stamps turned off.
2025-11-07 12:56:22 (158 MB/s) - 'docs/book06/chapter33.htm' saved [3365/3365]

--2025-11-07 12:56:22--  http://127.0.0.1:8000/big5/book06/chapter34.htm
Connecting to 127.0.0.1:8000... connected.
HTTP request sent, awaiting response... 
  HTTP/1.1 200 OK
  Host: 127.0.0.1:8000
  Date: Fri, 07 Nov 2025 12:56:22 GMT
  Connection: close
  Content-Type: text/html; charset=UTF-8
  Content-Length: 3019
Length: 3019 (2.9K) [text/html]
Saving to: 'docs/book06/chapter34.htm'

     0K ..                                                    100% 64.8M=0s

Last-modified header missing -- time-stamps turned off.
2025-11-07 12:56:22 (64.8 MB/s) - 'docs/book06/chapter34.htm' saved [3019/3019]

--2025-11-07 12:56:22--  http://127.0.0.1:8000/big5/book06/chapter35.htm
Connecting to 127.0.0.1:8000... connected.
HTTP request sent, awaiting response... 
  HTTP/1.1 200 OK
  Host: 127.0.0.1:8000
  Date: Fri, 07 Nov 2025 12:56:22 GMT
  Connection: close
  Content-Type: text/html; charset=UTF-8
  Content-Length: 1608
Length: 1608 (1.6K) [text/html]
Saving to: 'docs/book06/chapter35.htm'

     0K .                                                     100% 60.2M=0s

Last-modified header missing -- time-stamps turned off.
2025-11-07 12:56:22 (60.2 MB/s) - 'docs/book06/chapter35.htm' saved [1608/1608]

--2025-11-07 12:56:22--  http://127.0.0.1:8000/big5/book06/chapter36.htm
Connecting to 127.0.0.1:8000... connected.
HTTP request sent, awaiting response... 
  HTTP/1.1 200 OK
  Host: 127.0.0.1:8000
  Date: Fri, 07 Nov 2025 12:56:22 GMT
  Connection: close
  Content-Type: text/html; charset=UTF-8
  Content-Length: 3269
Length: 3269 (3.2K) [text/html]
Saving to: 'docs/book06/chapter36.htm'

     0K ...                                                   100%  142M=0s

Last-modified header missing -- time-stamps turned off.
2025-11-07 12:56:22 (142 MB/s) - 'docs/book06/chapter36.htm' saved [3269/3269]

--2025-11-07 12:56:22--  http://127.0.0.1:8000/big5/book06/chapter37.htm
Connecting to 127.0.0.1:8000... connected.
HTTP request sent, awaiting response... 
  HTTP/1.1 200 OK
  Host: 127.0.0.1:8000
  Date: Fri, 07 Nov 2025 12:56:22 GMT
  Connection: close
  Content-Type: text/html; charset=UTF-8
  Content-Length: 1750
Length: 1750 (1.7K) [text/html]
Saving to: 'docs/book06/chapter37.htm'

     0K .                                                     100%  112M=0s

Last-modified header missing -- time-stamps turned off.
2025-11-07 12:56:22 (112 MB/s) - 'docs/book06/chapter37.htm' saved [1750/1750]

--2025-11-07 12:56:22--  http://127.0.0.1:8000/big5/book06/chapter38.htm
Connecting to 127.0.0.1:8000... connected.
HTTP request sent, awaiting response... 
  HTTP/1.1 200 OK
  Host: 127.0.0.1:8000
  Date: Fri, 07 Nov 2025 12:56:22 GMT
  Connection: close
  Content-Type: text/html; charset=UTF-8
  Content-Length: 2808
Length: 2808 (2.7K) [text/html]
Saving to: 'docs/book06/chapter38.htm'

     0K ..                                                    100% 1.39G=0s

Last-modified header missing -- time-stamps turned off.
2025-11-07 12:56:22 (1.39 GB/s) - 'docs/book06/chapter38.htm' saved [2808/2808]

--2025-11-07 12:56:22--  http://127.0.0.1:8000/big5/book06/chapter39.htm
Connecting to 127.0.0.1:8000... connected.
HTTP request sent, awaiting response... 
  HTTP/1.1 200 OK
  Host: 127.0.0.1:8000
  Date: Fri, 07 Nov 2025 12:56:22 GMT
  Connection: close
  Content-Type: text/html; charset=UTF-8
  Content-Length: 4510
Length: 4510 (4.4K) [text/html]
Saving to: 'docs/book06/chapter39.htm'

     0K ....                                                  100% 1.55G=0s

Last-modified header missing -- time-stamps turned off.
2025-11-07 12:56:22 (1.55 GB/s) - 'docs/book06/chapter39.htm' saved [4510/4510]

--2025-11-07 12:56:22--  http://127.0.0.1:8000/big5/book06/chapter40.htm
Connecting to 127.0.0.1:8000... connected.
HTTP request sent, awaiting response... 
  HTTP/1.1 200 OK
  Host: 127.0.0.1:8000
  Date: Fri, 07 Nov 2025 12:56:22 GMT
  Connection: close
  Content-Type: text/html; charset=UTF-8
  Content-Length: 6102
Length: 6102 (6.0K) [text/html]
Saving to: 'docs/book06/chapter40.htm'

     0K .....                                                 100% 2.78G=0s

Last-modified header missing -- time-stamps turned off.
2025-11-07 12:56:22 (2.78 GB/s) - 'docs/book06/chapter40.htm' saved [6102/6102]

--2025-11-07 12:56:22--  http://127.0.0.1:8000/big5/book06/chapter41.htm
Connecting to 127.0.0.1:8000... connected.
HTTP request sent, awaiting response... 
  HTTP/1.1 200 OK
  Host: 127.0.0.1:8000
  Date: Fri, 07 Nov 2025 12:56:22 GMT
  Connection: close
  Content-Type: text/html; charset=UTF-8
  Content-Length: 12555
Length: 12555 (12K) [text/html]
Saving to: 'docs/book06/chapter41.htm'

     0K .......... ..                                         100%  325M=0s

Last-modified header missing -- time-stamps turned off.
2025-11-07 12:56:22 (325 MB/s) - 'docs/book06/chapter41.htm' saved [12555/12555]

--2025-11-07 12:56:22--  http://127.0.0.1:8000/big5/book06/chapter42.htm
Connecting to 127.0.0.1:8000... connected.
HTTP request sent, awaiting response... 
  HTTP/1.1 200 OK
  Host: 127.0.0.1:8000
  Date: Fri, 07 Nov 2025 12:56:22 GMT
  Connection: close
  Content-Type: text/html; charset=UTF-8
  Content-Length: 6150
Length: 6150 (6.0K) [text/html]
Saving to: 'docs/book06/chapter42.htm'

     0K ......                                                100% 1.99G=0s

Last-modified header missing -- time-stamps turned off.
2025-11-07 12:56:22 (1.99 GB/s) - 'docs/book06/chapter42.htm' saved [6150/6150]

--2025-11-07 12:56:22--  http://127.0.0.1:8000/big5/book06/chapter43.htm
Connecting to 127.0.0.1:8000... connected.
HTTP request sent, awaiting response... 
  HTTP/1.1 200 OK
  Host: 127.0.0.1:8000
  Date: Fri, 07 Nov 2025 12:56:22 GMT
  Connection: close
  Content-Type: text/html; charset=UTF-8
  Content-Length: 16079
Length: 16079 (16K) [text/html]
Saving to: 'docs/book06/chapter43.htm'

     0K .......... .....                                      100% 4.79G=0s

Last-modified header missing -- time-stamps turned off.
2025-11-07 12:56:22 (4.79 GB/s) - 'docs/book06/chapter43.htm' saved [16079/16079]

--2025-11-07 12:56:22--  http://127.0.0.1:8000/big5/book06/chapter44.htm
Connecting to 127.0.0.1:8000... connected.
HTTP request sent, awaiting response... 
  HTTP/1.1 200 OK
  Host: 127.0.0.1:8000
  Date: Fri, 07 Nov 2025 12:56:22 GMT
  Connection: close
  Content-Type: text/html; charset=UTF-8
  Content-Length: 4289
Length: 4289 (4.2K) [text/html]
Saving to: 'docs/book06/chapter44.htm'

     0K ....                                                  100% 1.45G=0s

Last-modified header missing -- time-stamps turned off.
2025-11-07 12:56:22 (1.45 GB/s) - 'docs/book06/chapter44.htm' saved [4289/4289]

--2025-11-07 12:56:22--  http://127.0.0.1:8000/big5/book06/chapter45.htm
Connecting to 127.0.0.1:8000... connected.
HTTP request sent, awaiting response... 
  HTTP/1.1 200 OK
  Host: 127.0.0.1:8000
  Date: Fri, 07 Nov 2025 12:56:22 GMT
  Connection: close
  Content-Type: text/html; charset=UTF-8
  Content-Length: 2225
Length: 2225 (2.2K) [text/html]
Saving to: 'docs/book06/chapter45.htm'

     0K ..                                                    100%  796M=0s

Last-modified header missing -- time-stamps turned off.
2025-11-07 12:56:22 (796 MB/s) - 'docs/book06/chapter45.htm' saved [2225/2225]

--2025-11-07 12:56:22--  http://127.0.0.1:8000/big5/book06/chapter46.htm
Connecting to 127.0.0.1:8000... connected.
HTTP request sent, awaiting response... 
  HTTP/1.1 200 OK
  Host: 127.0.0.1:8000
  Date: Fri, 07 Nov 2025 12:56:22 GMT
  Connection: close
  Content-Type: text/html; charset=UTF-8
  Content-Length: 3006
Length: 3006 (2.9K) [text/html]
Saving to: 'docs/book06/chapter46.htm'

     0K ..                                                    100%  147M=0s

Last-modified header missing -- time-stamps turned off.
2025-11-07 12:56:22 (147 MB/s) - 'docs/book06/chapter46.htm' saved [3006/3006]

--2025-11-07 12:56:22--  http://127.0.0.1:8000/image/theme06_corner.jpg
Connecting to 127.0.0.1:8000... connected.
HTTP request sent, awaiting response... 
  HTTP/1.1 200 OK
  Host: 127.0.0.1:8000
  Date: Fri, 07 Nov 2025 12:56:22 GMT
  Connection: close
  Content-Type: image/jpeg
  Content-Length: 11019
Length: 11019 (11K) [image/jpeg]
Saving to: 'docs/theme06_corner.jpg'

     0K ..........                                            100%  532M=0s

Last-modified header missing -- time-stamps turned off.
2025-11-07 12:56:22 (532 MB/s) - 'docs/theme06_corner.jpg' saved [11019/11019]

--2025-11-07 12:56:22--  http://127.0.0.1:8000/image/theme06_left.jpg
Connecting to 127.0.0.1:8000... connected.
HTTP request sent, awaiting response... 
  HTTP/1.1 200 OK
  Host: 127.0.0.1:8000
  Date: Fri, 07 Nov 2025 12:56:22 GMT
  Connection: close
  Content-Type: image/jpeg
  Content-Length: 4725
Length: 4725 (4.6K) [image/jpeg]
Saving to: 'docs/theme06_left.jpg'

     0K ....                                                  100%  279M=0s

Last-modified header missing -- time-stamps turned off.
2025-11-07 12:56:22 (279 MB/s) - 'docs/theme06_left.jpg' saved [4725/4725]

--2025-11-07 12:56:22--  http://127.0.0.1:8000/image/theme06_top.jpg
Connecting to 127.0.0.1:8000... connected.
HTTP request sent, awaiting response... 
  HTTP/1.1 200 OK
  Host: 127.0.0.1:8000
  Date: Fri, 07 Nov 2025 12:56:22 GMT
  Connection: close
  Content-Type: image/jpeg
  Content-Length: 8541
Length: 8541 (8.3K) [image/jpeg]
Saving to: 'docs/theme06_top.jpg'

     0K ........                                              100%  293M=0s

Last-modified header missing -- time-stamps turned off.
2025-11-07 12:56:22 (293 MB/s) - 'docs/theme06_top.jpg' saved [8541/8541]

--2025-11-07 12:56:22--  http://127.0.0.1:8000/image/theme06_main.jpg
Connecting to 127.0.0.1:8000... connected.
HTTP request sent, awaiting response... 
  HTTP/1.1 200 OK
  Host: 127.0.0.1:8000
  Date: Fri, 07 Nov 2025 12:56:22 GMT
  Connection: close
  Content-Type: image/jpeg
  Content-Length: 24525
Length: 24525 (24K) [image/jpeg]
Saving to: 'docs/theme06_main.jpg'

     0K .......... .......... ...                             100% 6.09G=0s

Last-modified header missing -- time-stamps turned off.
2025-11-07 12:56:22 (6.09 GB/s) - 'docs/theme06_main.jpg' saved [24525/24525]

--2025-11-07 12:56:22--  http://127.0.0.1:8000/big5/book07/chapter00.htm
Connecting to 127.0.0.1:8000... connected.
HTTP request sent, awaiting response... 
  HTTP/1.1 200 OK
  Host: 127.0.0.1:8000
  Date: Fri, 07 Nov 2025 12:56:22 GMT
  Connection: close
  Content-Type: text/html; charset=UTF-8
  Content-Length: 1538
Length: 1538 (1.5K) [text/html]
Saving to: 'docs/book07/chapter00.htm'

     0K .                                                     100%  838M=0s

Last-modified header missing -- time-stamps turned off.
2025-11-07 12:56:22 (838 MB/s) - 'docs/book07/chapter00.htm' saved [1538/1538]

--2025-11-07 12:56:22--  http://127.0.0.1:8000/big5/book07/chapter01.htm
Connecting to 127.0.0.1:8000... connected.
HTTP request sent, awaiting response... 
  HTTP/1.1 200 OK
  Host: 127.0.0.1:8000
  Date: Fri, 07 Nov 2025 12:56:22 GMT
  Connection: close
  Content-Type: text/html; charset=UTF-8
  Content-Length: 2621
Length: 2621 (2.6K) [text/html]
Saving to: 'docs/book07/chapter01.htm'

     0K ..                                                    100%  168M=0s

Last-modified header missing -- time-stamps turned off.
2025-11-07 12:56:22 (168 MB/s) - 'docs/book07/chapter01.htm' saved [2621/2621]

--2025-11-07 12:56:22--  http://127.0.0.1:8000/big5/book07/chapter02.htm
Connecting to 127.0.0.1:8000... connected.
HTTP request sent, awaiting response... 
  HTTP/1.1 200 OK
  Host: 127.0.0.1:8000
  Date: Fri, 07 Nov 2025 12:56:22 GMT
  Connection: close
  Content-Type: text/html; charset=UTF-8
  Content-Length: 1778
Length: 1778 (1.7K) [text/html]
Saving to: 'docs/book07/chapter02.htm'

     0K .                                                     100% 87.9M=0s

Last-modified header missing -- time-stamps turned off.
2025-11-07 12:56:22 (87.9 MB/s) - 'docs/book07/chapter02.htm' saved [1778/1778]

--2025-11-07 12:56:22--  http://127.0.0.1:8000/big5/book07/chapter03.htm
Connecting to 127.0.0.1:8000... connected.
HTTP request sent, awaiting response... 
  HTTP/1.1 200 OK
  Host: 127.0.0.1:8000
  Date: Fri, 07 Nov 2025 12:56:22 GMT
  Connection: close
  Content-Type: text/html; charset=UTF-8
  Content-Length: 2636
Length: 2636 (2.6K) [text/html]
Saving to: 'docs/book07/chapter03.htm'

     0K ..                                                    100%  158M=0s

Last-modified header missing -- time-stamps turned off.
2025-11-07 12:56:22 (158 MB/s) - 'docs/book07/chapter03.htm' saved [2636/2636]

--2025-11-07 12:56:22--  http://127.0.0.1:8000/big5/book07/chapter04.htm
Connecting to 127.0.0.1:8000... connected.
HTTP request sent, awaiting response... 
  HTTP/1.1 200 OK
  Host: 127.0.0.1:8000
  Date: Fri, 07 Nov 2025 12:56:22 GMT
  Connection: close
  Content-Type: text/html; charset=UTF-8
  Content-Length: 2017
Length: 2017 (2.0K) [text/html]
Saving to: 'docs/book07/chapter04.htm'

     0K .                                                     100%  103M=0s

Last-modified header missing -- time-stamps turned off.
2025-11-07 12:56:22 (103 MB/s) - 'docs/book07/chapter04.htm' saved [2017/2017]

--2025-11-07 12:56:22--  http://127.0.0.1:8000/big5/book07/chapter05.htm
Connecting to 127.0.0.1:8000... connected.
HTTP request sent, awaiting response... 
  HTTP/1.1 200 OK
  Host: 127.0.0.1:8000
  Date: Fri, 07 Nov 2025 12:56:22 GMT
  Connection: close
  Content-Type: text/html; charset=UTF-8
  Content-Length: 4034
Length: 4034 (3.9K) [text/html]
Saving to: 'docs/book07/chapter05.htm'

     0K ...                                                   100%  240M=0s

Last-modified header missing -- time-stamps turned off.
2025-11-07 12:56:22 (240 MB/s) - 'docs/book07/chapter05.htm' saved [4034/4034]

--2025-11-07 12:56:22--  http://127.0.0.1:8000/big5/book07/chapter06.htm
Connecting to 127.0.0.1:8000... connected.
HTTP request sent, awaiting response... 
  HTTP/1.1 200 OK
  Host: 127.0.0.1:8000
  Date: Fri, 07 Nov 2025 12:56:22 GMT
  Connection: close
  Content-Type: text/html; charset=UTF-8
  Content-Length: 3026
Length: 3026 (3.0K) [text/html]
Saving to: 'docs/book07/chapter06.htm'

     0K ..                                                    100%  157M=0s

Last-modified header missing -- time-stamps turned off.
2025-11-07 12:56:22 (157 MB/s) - 'docs/book07/chapter06.htm' saved [3026/3026]

--2025-11-07 12:56:22--  http://127.0.0.1:8000/big5/book07/chapter07.htm
Connecting to 127.0.0.1:8000... connected.
HTTP request sent, awaiting response... 
  HTTP/1.1 200 OK
  Host: 127.0.0.1:8000
  Date: Fri, 07 Nov 2025 12:56:22 GMT
  Connection: close
  Content-Type: text/html; charset=UTF-8
  Content-Length: 5305
Length: 5305 (5.2K) [text/html]
Saving to: 'docs/book07/chapter07.htm'

     0K .....                                                 100%  312M=0s

Last-modified header missing -- time-stamps turned off.
2025-11-07 12:56:22 (312 MB/s) - 'docs/book07/chapter07.htm' saved [5305/5305]

--2025-11-07 12:56:22--  http://127.0.0.1:8000/big5/book07/chapter08.htm
Connecting to 127.0.0.1:8000... connected.
HTTP request sent, awaiting response... 
  HTTP/1.1 200 OK
  Host: 127.0.0.1:8000
  Date: Fri, 07 Nov 2025 12:56:22 GMT
  Connection: close
  Content-Type: text/html; charset=UTF-8
  Content-Length: 2487
Length: 2487 (2.4K) [text/html]
Saving to: 'docs/book07/chapter08.htm'

     0K ..                                                    100%  129M=0s

Last-modified header missing -- time-stamps turned off.
2025-11-07 12:56:22 (129 MB/s) - 'docs/book07/chapter08.htm' saved [2487/2487]

--2025-11-07 12:56:22--  http://127.0.0.1:8000/big5/book07/chapter09.htm
Connecting to 127.0.0.1:8000... connected.
HTTP request sent, awaiting response... 
  HTTP/1.1 200 OK
  Host: 127.0.0.1:8000
  Date: Fri, 07 Nov 2025 12:56:22 GMT
  Connection: close
  Content-Type: text/html; charset=UTF-8
  Content-Length: 3705
Length: 3705 (3.6K) [text/html]
Saving to: 'docs/book07/chapter09.htm'

     0K ...                                                   100% 2.07G=0s

Last-modified header missing -- time-stamps turned off.
2025-11-07 12:56:22 (2.07 GB/s) - 'docs/book07/chapter09.htm' saved [3705/3705]

--2025-11-07 12:56:22--  http://127.0.0.1:8000/big5/book07/chapter10.htm
Connecting to 127.0.0.1:8000... connected.
HTTP request sent, awaiting response... 
  HTTP/1.1 200 OK
  Host: 127.0.0.1:8000
  Date: Fri, 07 Nov 2025 12:56:22 GMT
  Connection: close
  Content-Type: text/html; charset=UTF-8
  Content-Length: 8960
Length: 8960 (8.8K) [text/html]
Saving to: 'docs/book07/chapter10.htm'

     0K ........                                              100%  172M=0s

Last-modified header missing -- time-stamps turned off.
2025-11-07 12:56:22 (172 MB/s) - 'docs/book07/chapter10.htm' saved [8960/8960]

--2025-11-07 12:56:22--  http://127.0.0.1:8000/big5/book07/chapter11.htm
Connecting to 127.0.0.1:8000... connected.
HTTP request sent, awaiting response... 
  HTTP/1.1 200 OK
  Host: 127.0.0.1:8000
  Date: Fri, 07 Nov 2025 12:56:22 GMT
  Connection: close
  Content-Type: text/html; charset=UTF-8
  Content-Length: 16002
Length: 16002 (16K) [text/html]
Saving to: 'docs/book07/chapter11.htm'

     0K .......... .....                                      100%  265M=0s

Last-modified header missing -- time-stamps turned off.
2025-11-07 12:56:22 (265 MB/s) - 'docs/book07/chapter11.htm' saved [16002/16002]

--2025-11-07 12:56:22--  http://127.0.0.1:8000/big5/book07/chapter12.htm
Connecting to 127.0.0.1:8000... connected.
HTTP request sent, awaiting response... 
  HTTP/1.1 200 OK
  Host: 127.0.0.1:8000
  Date: Fri, 07 Nov 2025 12:56:22 GMT
  Connection: close
  Content-Type: text/html; charset=UTF-8
  Content-Length: 1985
Length: 1985 (1.9K) [text/html]
Saving to: 'docs/book07/chapter12.htm'

     0K .                                                     100% 1.17G=0s

Last-modified header missing -- time-stamps turned off.
2025-11-07 12:56:22 (1.17 GB/s) - 'docs/book07/chapter12.htm' saved [1985/1985]

--2025-11-07 12:56:22--  http://127.0.0.1:8000/big5/book07/chapter13.htm
Connecting to 127.0.0.1:8000... connected.
HTTP request sent, awaiting response... 
  HTTP/1.1 200 OK
  Host: 127.0.0.1:8000
  Date: Fri, 07 Nov 2025 12:56:22 GMT
  Connection: close
  Content-Type: text/html; charset=UTF-8
  Content-Length: 2974
Length: 2974 (2.9K) [text/html]
Saving to: 'docs/book07/chapter13.htm'

     0K ..                                                    100%  188M=0s

Last-modified header missing -- time-stamps turned off.
2025-11-07 12:56:22 (188 MB/s) - 'docs/book07/chapter13.htm' saved [2974/2974]

--2025-11-07 12:56:22--  http://127.0.0.1:8000/big5/book07/chapter14.htm
Connecting to 127.0.0.1:8000... connected.
HTTP request sent, awaiting response... 
  HTTP/1.1 200 OK
  Host: 127.0.0.1:8000
  Date: Fri, 07 Nov 2025 12:56:22 GMT
  Connection: close
  Content-Type: text/html; charset=UTF-8
  Content-Length: 1924
Length: 1924 (1.9K) [text/html]
Saving to: 'docs/book07/chapter14.htm'

     0K .                                                     100% 99.4M=0s

Last-modified header missing -- time-stamps turned off.
2025-11-07 12:56:22 (99.4 MB/s) - 'docs/book07/chapter14.htm' saved [1924/1924]

--2025-11-07 12:56:22--  http://127.0.0.1:8000/big5/book07/chapter15.htm
Connecting to 127.0.0.1:8000... connected.
HTTP request sent, awaiting response... 
  HTTP/1.1 200 OK
  Host: 127.0.0.1:8000
  Date: Fri, 07 Nov 2025 12:56:22 GMT
  Connection: close
  Content-Type: text/html; charset=UTF-8
  Content-Length: 3666
Length: 3666 (3.6K) [text/html]
Saving to: 'docs/book07/chapter15.htm'

     0K ...                                                   100% 2.05G=0s

Last-modified header missing -- time-stamps turned off.
2025-11-07 12:56:22 (2.05 GB/s) - 'docs/book07/chapter15.htm' saved [3666/3666]

--2025-11-07 12:56:22--  http://127.0.0.1:8000/big5/book07/chapter16.htm
Connecting to 127.0.0.1:8000... connected.
HTTP request sent, awaiting response... 
  HTTP/1.1 200 OK
  Host: 127.0.0.1:8000
  Date: Fri, 07 Nov 2025 12:56:22 GMT
  Connection: close
  Content-Type: text/html; charset=UTF-8
  Content-Length: 1795
Length: 1795 (1.8K) [text/html]
Saving to: 'docs/book07/chapter16.htm'

     0K .                                                     100% 89.5M=0s

Last-modified header missing -- time-stamps turned off.
2025-11-07 12:56:22 (89.5 MB/s) - 'docs/book07/chapter16.htm' saved [1795/1795]

--2025-11-07 12:56:22--  http://127.0.0.1:8000/big5/book07/chapter17.htm
Connecting to 127.0.0.1:8000... connected.
HTTP request sent, awaiting response... 
  HTTP/1.1 200 OK
  Host: 127.0.0.1:8000
  Date: Fri, 07 Nov 2025 12:56:22 GMT
  Connection: close
  Content-Type: text/html; charset=UTF-8
  Content-Length: 2065
Length: 2065 (2.0K) [text/html]
Saving to: 'docs/book07/chapter17.htm'

     0K ..                                                    100%  131M=0s

Last-modified header missing -- time-stamps turned off.
2025-11-07 12:56:22 (131 MB/s) - 'docs/book07/chapter17.htm' saved [2065/2065]

--2025-11-07 12:56:22--  http://127.0.0.1:8000/big5/book07/chapter18.htm
Connecting to 127.0.0.1:8000... connected.
HTTP request sent, awaiting response... 
  HTTP/1.1 200 OK
  Host: 127.0.0.1:8000
  Date: Fri, 07 Nov 2025 12:56:22 GMT
  Connection: close
  Content-Type: text/html; charset=UTF-8
  Content-Length: 3826
Length: 3826 (3.7K) [text/html]
Saving to: 'docs/book07/chapter18.htm'

     0K ...                                                   100%  235M=0s

Last-modified header missing -- time-stamps turned off.
2025-11-07 12:56:22 (235 MB/s) - 'docs/book07/chapter18.htm' saved [3826/3826]

--2025-11-07 12:56:22--  http://127.0.0.1:8000/big5/book07/chapter19.htm
Connecting to 127.0.0.1:8000... connected.
HTTP request sent, awaiting response... 
  HTTP/1.1 200 OK
  Host: 127.0.0.1:8000
  Date: Fri, 07 Nov 2025 12:56:22 GMT
  Connection: close
  Content-Type: text/html; charset=UTF-8
  Content-Length: 2656
Length: 2656 (2.6K) [text/html]
Saving to: 'docs/book07/chapter19.htm'

     0K ..                                                    100%  110M=0s

Last-modified header missing -- time-stamps turned off.
2025-11-07 12:56:22 (110 MB/s) - 'docs/book07/chapter19.htm' saved [2656/2656]

--2025-11-07 12:56:22--  http://127.0.0.1:8000/big5/book07/chapter20.htm
Connecting to 127.0.0.1:8000... connected.
HTTP request sent, awaiting response... 
  HTTP/1.1 200 OK
  Host: 127.0.0.1:8000
  Date: Fri, 07 Nov 2025 12:56:22 GMT
  Connection: close
  Content-Type: text/html; charset=UTF-8
  Content-Length: 3131
Length: 3131 (3.1K) [text/html]
Saving to: 'docs/book07/chapter20.htm'

     0K ...                                                   100%  143M=0s

Last-modified header missing -- time-stamps turned off.
2025-11-07 12:56:22 (143 MB/s) - 'docs/book07/chapter20.htm' saved [3131/3131]

--2025-11-07 12:56:22--  http://127.0.0.1:8000/big5/book07/chapter21.htm
Connecting to 127.0.0.1:8000... connected.
HTTP request sent, awaiting response... 
  HTTP/1.1 200 OK
  Host: 127.0.0.1:8000
  Date: Fri, 07 Nov 2025 12:56:22 GMT
  Connection: close
  Content-Type: text/html; charset=UTF-8
  Content-Length: 5256
Length: 5256 (5.1K) [text/html]
Saving to: 'docs/book07/chapter21.htm'

     0K .....                                                 100% 1.05G=0s

Last-modified header missing -- time-stamps turned off.
2025-11-07 12:56:22 (1.05 GB/s) - 'docs/book07/chapter21.htm' saved [5256/5256]

--2025-11-07 12:56:22--  http://127.0.0.1:8000/big5/book07/chapter22.htm
Connecting to 127.0.0.1:8000... connected.
HTTP request sent, awaiting response... 
  HTTP/1.1 200 OK
  Host: 127.0.0.1:8000
  Date: Fri, 07 Nov 2025 12:56:22 GMT
  Connection: close
  Content-Type: text/html; charset=UTF-8
  Content-Length: 5506
Length: 5506 (5.4K) [text/html]
Saving to: 'docs/book07/chapter22.htm'

     0K .....                                                 100% 1.95G=0s

Last-modified header missing -- time-stamps turned off.
2025-11-07 12:56:22 (1.95 GB/s) - 'docs/book07/chapter22.htm' saved [5506/5506]

--2025-11-07 12:56:22--  http://127.0.0.1:8000/big5/book07/chapter23.htm
Connecting to 127.0.0.1:8000... connected.
HTTP request sent, awaiting response... 
  HTTP/1.1 200 OK
  Host: 127.0.0.1:8000
  Date: Fri, 07 Nov 2025 12:56:22 GMT
  Connection: close
  Content-Type: text/html; charset=UTF-8
  Content-Length: 2943
Length: 2943 (2.9K) [text/html]
Saving to: 'docs/book07/chapter23.htm'

     0K ..                                                    100% 1.43G=0s

Last-modified header missing -- time-stamps turned off.
2025-11-07 12:56:22 (1.43 GB/s) - 'docs/book07/chapter23.htm' saved [2943/2943]

--2025-11-07 12:56:22--  http://127.0.0.1:8000/big5/book07/chapter24.htm
Connecting to 127.0.0.1:8000... connected.
HTTP request sent, awaiting response... 
  HTTP/1.1 200 OK
  Host: 127.0.0.1:8000
  Date: Fri, 07 Nov 2025 12:56:22 GMT
  Connection: close
  Content-Type: text/html; charset=UTF-8
  Content-Length: 6592
Length: 6592 (6.4K) [text/html]
Saving to: 'docs/book07/chapter24.htm'

     0K ......                                                100% 2.20G=0s

Last-modified header missing -- time-stamps turned off.
2025-11-07 12:56:22 (2.20 GB/s) - 'docs/book07/chapter24.htm' saved [6592/6592]

--2025-11-07 12:56:22--  http://127.0.0.1:8000/big5/book07/chapter25.htm
Connecting to 127.0.0.1:8000... connected.
HTTP request sent, awaiting response... 
  HTTP/1.1 200 OK
  Host: 127.0.0.1:8000
  Date: Fri, 07 Nov 2025 12:56:22 GMT
  Connection: close
  Content-Type: text/html; charset=UTF-8
  Content-Length: 16741
Length: 16741 (16K) [text/html]
Saving to: 'docs/book07/chapter25.htm'

     0K .......... ......                                     100%  366M=0s

Last-modified header missing -- time-stamps turned off.
2025-11-07 12:56:22 (366 MB/s) - 'docs/book07/chapter25.htm' saved [16741/16741]

--2025-11-07 12:56:22--  http://127.0.0.1:8000/big5/book07/chapter26.htm
Connecting to 127.0.0.1:8000... connected.
HTTP request sent, awaiting response... 
  HTTP/1.1 200 OK
  Host: 127.0.0.1:8000
  Date: Fri, 07 Nov 2025 12:56:22 GMT
  Connection: close
  Content-Type: text/html; charset=UTF-8
  Content-Length: 2520
Length: 2520 (2.5K) [text/html]
Saving to: 'docs/book07/chapter26.htm'

     0K ..                                                    100% 1.31G=0s

Last-modified header missing -- time-stamps turned off.
2025-11-07 12:56:22 (1.31 GB/s) - 'docs/book07/chapter26.htm' saved [2520/2520]

--2025-11-07 12:56:22--  http://127.0.0.1:8000/big5/book07/chapter27.htm
Connecting to 127.0.0.1:8000... connected.
HTTP request sent, awaiting response... 
  HTTP/1.1 200 OK
  Host: 127.0.0.1:8000
  Date: Fri, 07 Nov 2025 12:56:22 GMT
  Connection: close
  Content-Type: text/html; charset=UTF-8
  Content-Length: 3732
Length: 3732 (3.6K) [text/html]
Saving to: 'docs/book07/chapter27.htm'

     0K ...                                                   100% 2.14G=0s

Last-modified header missing -- time-stamps turned off.
2025-11-07 12:56:22 (2.14 GB/s) - 'docs/book07/chapter27.htm' saved [3732/3732]

--2025-11-07 12:56:22--  http://127.0.0.1:8000/big5/book07/chapter28.htm
Connecting to 127.0.0.1:8000... connected.
HTTP request sent, awaiting response... 
  HTTP/1.1 200 OK
  Host: 127.0.0.1:8000
  Date: Fri, 07 Nov 2025 12:56:22 GMT
  Connection: close
  Content-Type: text/html; charset=UTF-8
  Content-Length: 3352
Length: 3352 (3.3K) [text/html]
Saving to: 'docs/book07/chapter28.htm'

     0K ...                                                   100%  189M=0s

Last-modified header missing -- time-stamps turned off.
2025-11-07 12:56:22 (189 MB/s) - 'docs/book07/chapter28.htm' saved [3352/3352]

--2025-11-07 12:56:22--  http://127.0.0.1:8000/big5/book07/chapter29.htm
Connecting to 127.0.0.1:8000... connected.
HTTP request sent, awaiting response... 
  HTTP/1.1 200 OK
  Host: 127.0.0.1:8000
  Date: Fri, 07 Nov 2025 12:56:22 GMT
  Connection: close
  Content-Type: text/html; charset=UTF-8
  Content-Length: 2180
Length: 2180 (2.1K) [text/html]
Saving to: 'docs/book07/chapter29.htm'

     0K ..                                                    100%  104M=0s

Last-modified header missing -- time-stamps turned off.
2025-11-07 12:56:22 (104 MB/s) - 'docs/book07/chapter29.htm' saved [2180/2180]

--2025-11-07 12:56:22--  http://127.0.0.1:8000/big5/book07/chapter30.htm
Connecting to 127.0.0.1:8000... connected.
HTTP request sent, awaiting response... 
  HTTP/1.1 200 OK
  Host: 127.0.0.1:8000
  Date: Fri, 07 Nov 2025 12:56:22 GMT
  Connection: close
  Content-Type: text/html; charset=UTF-8
  Content-Length: 12516
Length: 12516 (12K) [text/html]
Saving to: 'docs/book07/chapter30.htm'

     0K .......... ..                                         100%  489M=0s

Last-modified header missing -- time-stamps turned off.
2025-11-07 12:56:22 (489 MB/s) - 'docs/book07/chapter30.htm' saved [12516/12516]

--2025-11-07 12:56:22--  http://127.0.0.1:8000/big5/book07/chapter31.htm
Connecting to 127.0.0.1:8000... connected.
HTTP request sent, awaiting response... 
  HTTP/1.1 200 OK
  Host: 127.0.0.1:8000
  Date: Fri, 07 Nov 2025 12:56:22 GMT
  Connection: close
  Content-Type: text/html; charset=UTF-8
  Content-Length: 3570
Length: 3570 (3.5K) [text/html]
Saving to: 'docs/book07/chapter31.htm'

     0K ...                                                   100% 1.16G=0s

Last-modified header missing -- time-stamps turned off.
2025-11-07 12:56:22 (1.16 GB/s) - 'docs/book07/chapter31.htm' saved [3570/3570]

--2025-11-07 12:56:22--  http://127.0.0.1:8000/big5/book07/chapter32.htm
Connecting to 127.0.0.1:8000... connected.
HTTP request sent, awaiting response... 
  HTTP/1.1 200 OK
  Host: 127.0.0.1:8000
  Date: Fri, 07 Nov 2025 12:56:22 GMT
  Connection: close
  Content-Type: text/html; charset=UTF-8
  Content-Length: 20938
Length: 20938 (20K) [text/html]
Saving to: 'docs/book07/chapter32.htm'

     0K .......... ..........                                 100%  372M=0s

Last-modified header missing -- time-stamps turned off.
2025-11-07 12:56:22 (372 MB/s) - 'docs/book07/chapter32.htm' saved [20938/20938]

--2025-11-07 12:56:22--  http://127.0.0.1:8000/image/theme07_corner.jpg
Connecting to 127.0.0.1:8000... connected.
HTTP request sent, awaiting response... 
  HTTP/1.1 200 OK
  Host: 127.0.0.1:8000
  Date: Fri, 07 Nov 2025 12:56:22 GMT
  Connection: close
  Content-Type: image/jpeg
  Content-Length: 10075
Length: 10075 (9.8K) [image/jpeg]
Saving to: 'docs/theme07_corner.jpg'

     0K .........                                             100% 5.00G=0s

Last-modified header missing -- time-stamps turned off.
2025-11-07 12:56:22 (5.00 GB/s) - 'docs/theme07_corner.jpg' saved [10075/10075]

--2025-11-07 12:56:22--  http://127.0.0.1:8000/image/theme07_left.jpg
Connecting to 127.0.0.1:8000... connected.
HTTP request sent, awaiting response... 
  HTTP/1.1 200 OK
  Host: 127.0.0.1:8000
  Date: Fri, 07 Nov 2025 12:56:22 GMT
  Connection: close
  Content-Type: image/jpeg
  Content-Length: 3719
Length: 3719 (3.6K) [image/jpeg]
Saving to: 'docs/theme07_left.jpg'

     0K ...                                                   100% 2.13G=0s

Last-modified header missing -- time-stamps turned off.
2025-11-07 12:56:22 (2.13 GB/s) - 'docs/theme07_left.jpg' saved [3719/3719]

--2025-11-07 12:56:22--  http://127.0.0.1:8000/image/theme07_top.jpg
Connecting to 127.0.0.1:8000... connected.
HTTP request sent, awaiting response... 
  HTTP/1.1 200 OK
  Host: 127.0.0.1:8000
  Date: Fri, 07 Nov 2025 12:56:22 GMT
  Connection: close
  Content-Type: image/jpeg
  Content-Length: 8562
Length: 8562 (8.4K) [image/jpeg]
Saving to: 'docs/theme07_top.jpg'

     0K ........                                              100% 3.68G=0s

Last-modified header missing -- time-stamps turned off.
2025-11-07 12:56:22 (3.68 GB/s) - 'docs/theme07_top.jpg' saved [8562/8562]

--2025-11-07 12:56:22--  http://127.0.0.1:8000/image/theme07_main.jpg
Connecting to 127.0.0.1:8000... connected.
HTTP request sent, awaiting response... 
  HTTP/1.1 200 OK
  Host: 127.0.0.1:8000
  Date: Fri, 07 Nov 2025 12:56:22 GMT
  Connection: close
  Content-Type: image/jpeg
  Content-Length: 24675
Length: 24675 (24K) [image/jpeg]
Saving to: 'docs/theme07_main.jpg'

     0K .......... .......... ....                            100% 3.78G=0s

Last-modified header missing -- time-stamps turned off.
2025-11-07 12:56:22 (3.78 GB/s) - 'docs/theme07_main.jpg' saved [24675/24675]

--2025-11-07 12:56:22--  http://127.0.0.1:8000/big5/book08/chapter00.htm
Connecting to 127.0.0.1:8000... connected.
HTTP request sent, awaiting response... 
  HTTP/1.1 200 OK
  Host: 127.0.0.1:8000
  Date: Fri, 07 Nov 2025 12:56:22 GMT
  Connection: close
  Content-Type: text/html; charset=UTF-8
  Content-Length: 1580
Length: 1580 (1.5K) [text/html]
Saving to: 'docs/book08/chapter00.htm'

     0K .                                                     100%  603M=0s

Last-modified header missing -- time-stamps turned off.
2025-11-07 12:56:22 (603 MB/s) - 'docs/book08/chapter00.htm' saved [1580/1580]

--2025-11-07 12:56:22--  http://127.0.0.1:8000/big5/book08/chapter01.htm
Connecting to 127.0.0.1:8000... connected.
HTTP request sent, awaiting response... 
  HTTP/1.1 200 OK
  Host: 127.0.0.1:8000
  Date: Fri, 07 Nov 2025 12:56:22 GMT
  Connection: close
  Content-Type: text/html; charset=UTF-8
  Content-Length: 6605
Length: 6605 (6.5K) [text/html]
Saving to: 'docs/book08/chapter01.htm'

     0K ......                                                100%  238M=0s

Last-modified header missing -- time-stamps turned off.
2025-11-07 12:56:22 (238 MB/s) - 'docs/book08/chapter01.htm' saved [6605/6605]

--2025-11-07 12:56:22--  http://127.0.0.1:8000/big5/book08/chapter02.htm
Connecting to 127.0.0.1:8000... connected.
HTTP request sent, awaiting response... 
  HTTP/1.1 200 OK
  Host: 127.0.0.1:8000
  Date: Fri, 07 Nov 2025 12:56:22 GMT
  Connection: close
  Content-Type: text/html; charset=UTF-8
  Content-Length: 5423
Length: 5423 (5.3K) [text/html]
Saving to: 'docs/book08/chapter02.htm'

     0K .....                                                 100%  144M=0s

Last-modified header missing -- time-stamps turned off.
2025-11-07 12:56:22 (144 MB/s) - 'docs/book08/chapter02.htm' saved [5423/5423]

--2025-11-07 12:56:22--  http://127.0.0.1:8000/big5/book08/chapter03.htm
Connecting to 127.0.0.1:8000... connected.
HTTP request sent, awaiting response... 
  HTTP/1.1 200 OK
  Host: 127.0.0.1:8000
  Date: Fri, 07 Nov 2025 12:56:22 GMT
  Connection: close
  Content-Type: text/html; charset=UTF-8
  Content-Length: 3045
Length: 3045 (3.0K) [text/html]
Saving to: 'docs/book08/chapter03.htm'

     0K ..                                                    100% 1.48G=0s

Last-modified header missing -- time-stamps turned off.
2025-11-07 12:56:22 (1.48 GB/s) - 'docs/book08/chapter03.htm' saved [3045/3045]

--2025-11-07 12:56:22--  http://127.0.0.1:8000/big5/book08/chapter04.htm
Connecting to 127.0.0.1:8000... connected.
HTTP request sent, awaiting response... 
  HTTP/1.1 200 OK
  Host: 127.0.0.1:8000
  Date: Fri, 07 Nov 2025 12:56:22 GMT
  Connection: close
  Content-Type: text/html; charset=UTF-8
  Content-Length: 4035
Length: 4035 (3.9K) [text/html]
Saving to: 'docs/book08/chapter04.htm'

     0K ...                                                   100% 96.8M=0s

Last-modified header missing -- time-stamps turned off.
2025-11-07 12:56:22 (96.8 MB/s) - 'docs/book08/chapter04.htm' saved [4035/4035]

--2025-11-07 12:56:22--  http://127.0.0.1:8000/big5/book08/chapter05.htm
Connecting to 127.0.0.1:8000... connected.
HTTP request sent, awaiting response... 
  HTTP/1.1 200 OK
  Host: 127.0.0.1:8000
  Date: Fri, 07 Nov 2025 12:56:22 GMT
  Connection: close
  Content-Type: text/html; charset=UTF-8
  Content-Length: 2082
Length: 2082 (2.0K) [text/html]
Saving to: 'docs/book08/chapter05.htm'

     0K ..                                                    100%  518M=0s

Last-modified header missing -- time-stamps turned off.
2025-11-07 12:56:22 (518 MB/s) - 'docs/book08/chapter05.htm' saved [2082/2082]

--2025-11-07 12:56:22--  http://127.0.0.1:8000/big5/book08/chapter06.htm
Connecting to 127.0.0.1:8000... connected.
HTTP request sent, awaiting response... 
  HTTP/1.1 200 OK
  Host: 127.0.0.1:8000
  Date: Fri, 07 Nov 2025 12:56:22 GMT
  Connection: close
  Content-Type: text/html; charset=UTF-8
  Content-Length: 8077
Length: 8077 (7.9K) [text/html]
Saving to: 'docs/book08/chapter06.htm'

     0K .......                                               100%  196M=0s

Last-modified header missing -- time-stamps turned off.
2025-11-07 12:56:22 (196 MB/s) - 'docs/book08/chapter06.htm' saved [8077/8077]

--2025-11-07 12:56:22--  http://127.0.0.1:8000/big5/book08/chapter07.htm
Connecting to 127.0.0.1:8000... connected.
HTTP request sent, awaiting response... 
  HTTP/1.1 200 OK
  Host: 127.0.0.1:8000
  Date: Fri, 07 Nov 2025 12:56:22 GMT
  Connection: close
  Content-Type: text/html; charset=UTF-8
  Content-Length: 5023
Length: 5023 (4.9K) [text/html]
Saving to: 'docs/book08/chapter07.htm'

     0K ....                                                  100% 1.06G=0s

Last-modified header missing -- time-stamps turned off.
2025-11-07 12:56:22 (1.06 GB/s) - 'docs/book08/chapter07.htm' saved [5023/5023]

--2025-11-07 12:56:22--  http://127.0.0.1:8000/big5/book08/chapter08.htm
Connecting to 127.0.0.1:8000... connected.
HTTP request sent, awaiting response... 
  HTTP/1.1 200 OK
  Host: 127.0.0.1:8000
  Date: Fri, 07 Nov 2025 12:56:22 GMT
  Connection: close
  Content-Type: text/html; charset=UTF-8
  Content-Length: 2680
Length: 2680 (2.6K) [text/html]
Saving to: 'docs/book08/chapter08.htm'

     0K ..                                                    100%  115M=0s

Last-modified header missing -- time-stamps turned off.
2025-11-07 12:56:22 (115 MB/s) - 'docs/book08/chapter08.htm' saved [2680/2680]

--2025-11-07 12:56:22--  http://127.0.0.1:8000/big5/book08/chapter09.htm
Connecting to 127.0.0.1:8000... connected.
HTTP request sent, awaiting response... 
  HTTP/1.1 200 OK
  Host: 127.0.0.1:8000
  Date: Fri, 07 Nov 2025 12:56:22 GMT
  Connection: close
  Content-Type: text/html; charset=UTF-8
  Content-Length: 5513
Length: 5513 (5.4K) [text/html]
Saving to: 'docs/book08/chapter09.htm'

     0K .....                                                 100%  191M=0s

Last-modified header missing -- time-stamps turned off.
2025-11-07 12:56:22 (191 MB/s) - 'docs/book08/chapter09.htm' saved [5513/5513]

--2025-11-07 12:56:22--  http://127.0.0.1:8000/big5/book08/chapter10.htm
Connecting to 127.0.0.1:8000... connected.
HTTP request sent, awaiting response... 
  HTTP/1.1 200 OK
  Host: 127.0.0.1:8000
  Date: Fri, 07 Nov 2025 12:56:22 GMT
  Connection: close
  Content-Type: text/html; charset=UTF-8
  Content-Length: 7753
Length: 7753 (7.6K) [text/html]
Saving to: 'docs/book08/chapter10.htm'

     0K .......                                               100%  168M=0s

Last-modified header missing -- time-stamps turned off.
2025-11-07 12:56:22 (168 MB/s) - 'docs/book08/chapter10.htm' saved [7753/7753]

--2025-11-07 12:56:22--  http://127.0.0.1:8000/big5/book08/chapter11.htm
Connecting to 127.0.0.1:8000... connected.
HTTP request sent, awaiting response... 
  HTTP/1.1 200 OK
  Host: 127.0.0.1:8000
  Date: Fri, 07 Nov 2025 12:56:22 GMT
  Connection: close
  Content-Type: text/html; charset=UTF-8
  Content-Length: 3148
Length: 3148 (3.1K) [text/html]
Saving to: 'docs/book08/chapter11.htm'

     0K ...                                                   100%  751M=0s

Last-modified header missing -- time-stamps turned off.
2025-11-07 12:56:22 (751 MB/s) - 'docs/book08/chapter11.htm' saved [3148/3148]

--2025-11-07 12:56:22--  http://127.0.0.1:8000/big5/book08/chapter12.htm
Connecting to 127.0.0.1:8000... connected.
HTTP request sent, awaiting response... 
  HTTP/1.1 200 OK
  Host: 127.0.0.1:8000
  Date: Fri, 07 Nov 2025 12:56:22 GMT
  Connection: close
  Content-Type: text/html; charset=UTF-8
  Content-Length: 8040
Length: 8040 (7.9K) [text/html]
Saving to: 'docs/book08/chapter12.htm'

     0K .......                                               100%  290M=0s

Last-modified header missing -- time-stamps turned off.
2025-11-07 12:56:22 (290 MB/s) - 'docs/book08/chapter12.htm' saved [8040/8040]

--2025-11-07 12:56:22--  http://127.0.0.1:8000/big5/book08/chapter13.htm
Connecting to 127.0.0.1:8000... connected.
HTTP request sent, awaiting response... 
  HTTP/1.1 200 OK
  Host: 127.0.0.1:8000
  Date: Fri, 07 Nov 2025 12:56:22 GMT
  Connection: close
  Content-Type: text/html; charset=UTF-8
  Content-Length: 14074
Length: 14074 (14K) [text/html]
Saving to: 'docs/book08/chapter13.htm'

     0K .......... ...                                        100% 3.74G=0s

Last-modified header missing -- time-stamps turned off.
2025-11-07 12:56:22 (3.74 GB/s) - 'docs/book08/chapter13.htm' saved [14074/14074]

--2025-11-07 12:56:22--  http://127.0.0.1:8000/big5/book08/chapter14.htm
Connecting to 127.0.0.1:8000... connected.
HTTP request sent, awaiting response... 
  HTTP/1.1 200 OK
  Host: 127.0.0.1:8000
  Date: Fri, 07 Nov 2025 12:56:22 GMT
  Connection: close
  Content-Type: text/html; charset=UTF-8
  Content-Length: 10175
Length: 10175 (9.9K) [text/html]
Saving to: 'docs/book08/chapter14.htm'

     0K .........                                             100% 4.29G=0s

Last-modified header missing -- time-stamps turned off.
2025-11-07 12:56:22 (4.29 GB/s) - 'docs/book08/chapter14.htm' saved [10175/10175]

--2025-11-07 12:56:22--  http://127.0.0.1:8000/big5/book08/chapter15.htm
Connecting to 127.0.0.1:8000... connected.
HTTP request sent, awaiting response... 
  HTTP/1.1 200 OK
  Host: 127.0.0.1:8000
  Date: Fri, 07 Nov 2025 12:56:22 GMT
  Connection: close
  Content-Type: text/html; charset=UTF-8
  Content-Length: 2717
Length: 2717 (2.7K) [text/html]
Saving to: 'docs/book08/chapter15.htm'

     0K ..                                                    100%  166M=0s

Last-modified header missing -- time-stamps turned off.
2025-11-07 12:56:22 (166 MB/s) - 'docs/book08/chapter15.htm' saved [2717/2717]

--2025-11-07 12:56:22--  http://127.0.0.1:8000/big5/book08/chapter16.htm
Connecting to 127.0.0.1:8000... connected.
HTTP request sent, awaiting response... 
  HTTP/1.1 200 OK
  Host: 127.0.0.1:8000
  Date: Fri, 07 Nov 2025 12:56:22 GMT
  Connection: close
  Content-Type: text/html; charset=UTF-8
  Content-Length: 4186
Length: 4186 (4.1K) [text/html]
Saving to: 'docs/book08/chapter16.htm'

     0K ....                                                  100%  243M=0s

Last-modified header missing -- time-stamps turned off.
2025-11-07 12:56:22 (243 MB/s) - 'docs/book08/chapter16.htm' saved [4186/4186]

--2025-11-07 12:56:22--  http://127.0.0.1:8000/big5/book08/chapter17.htm
Connecting to 127.0.0.1:8000... connected.
HTTP request sent, awaiting response... 
  HTTP/1.1 200 OK
  Host: 127.0.0.1:8000
  Date: Fri, 07 Nov 2025 12:56:22 GMT
  Connection: close
  Content-Type: text/html; charset=UTF-8
  Content-Length: 9028
Length: 9028 (8.8K) [text/html]
Saving to: 'docs/book08/chapter17.htm'

     0K ........                                              100% 3.88G=0s

Last-modified header missing -- time-stamps turned off.
2025-11-07 12:56:22 (3.88 GB/s) - 'docs/book08/chapter17.htm' saved [9028/9028]

--2025-11-07 12:56:22--  http://127.0.0.1:8000/image/theme09_corner.jpg
Connecting to 127.0.0.1:8000... connected.
HTTP request sent, awaiting response... 
  HTTP/1.1 200 OK
  Host: 127.0.0.1:8000
  Date: Fri, 07 Nov 2025 12:56:22 GMT
  Connection: close
  Content-Type: image/jpeg
  Content-Length: 10796
Length: 10796 (11K) [image/jpeg]
Saving to: 'docs/theme09_corner.jpg'

     0K ..........                                            100% 4.92G=0s

Last-modified header missing -- time-stamps turned off.
2025-11-07 12:56:22 (4.92 GB/s) - 'docs/theme09_corner.jpg' saved [10796/10796]

--2025-11-07 12:56:22--  http://127.0.0.1:8000/image/theme09_left.jpg
Connecting to 127.0.0.1:8000... connected.
HTTP request sent, awaiting response... 
  HTTP/1.1 200 OK
  Host: 127.0.0.1:8000
  Date: Fri, 07 Nov 2025 12:56:22 GMT
  Connection: close
  Content-Type: image/jpeg
  Content-Length: 4753
Length: 4753 (4.6K) [image/jpeg]
Saving to: 'docs/theme09_left.jpg'

     0K ....                                                  100% 2.41G=0s

Last-modified header missing -- time-stamps turned off.
2025-11-07 12:56:22 (2.41 GB/s) - 'docs/theme09_left.jpg' saved [4753/4753]

--2025-11-07 12:56:22--  http://127.0.0.1:8000/image/theme09_top.jpg
Connecting to 127.0.0.1:8000... connected.
HTTP request sent, awaiting response... 
  HTTP/1.1 200 OK
  Host: 127.0.0.1:8000
  Date: Fri, 07 Nov 2025 12:56:22 GMT
  Connection: close
  Content-Type: image/jpeg
  Content-Length: 10566
Length: 10566 (10K) [image/jpeg]
Saving to: 'docs/theme09_top.jpg'

     0K ..........                                            100% 4.72G=0s

Last-modified header missing -- time-stamps turned off.
2025-11-07 12:56:22 (4.72 GB/s) - 'docs/theme09_top.jpg' saved [10566/10566]

--2025-11-07 12:56:22--  http://127.0.0.1:8000/image/theme09_main.jpg
Connecting to 127.0.0.1:8000... connected.
HTTP request sent, awaiting response... 
  HTTP/1.1 200 OK
  Host: 127.0.0.1:8000
  Date: Fri, 07 Nov 2025 12:56:22 GMT
  Connection: close
  Content-Type: image/jpeg
  Content-Length: 22308
Length: 22308 (22K) [image/jpeg]
Saving to: 'docs/theme09_main.jpg'

     0K .......... .......... .                               100% 5.09G=0s

Last-modified header missing -- time-stamps turned off.
2025-11-07 12:56:22 (5.09 GB/s) - 'docs/theme09_main.jpg' saved [22308/22308]

--2025-11-07 12:56:22--  http://127.0.0.1:8000/big5/book09/chapter01.htm
Connecting to 127.0.0.1:8000... connected.
HTTP request sent, awaiting response... 
  HTTP/1.1 200 OK
  Host: 127.0.0.1:8000
  Date: Fri, 07 Nov 2025 12:56:22 GMT
  Connection: close
  Content-Type: text/html; charset=UTF-8
  Content-Length: 6352
Length: 6352 (6.2K) [text/html]
Saving to: 'docs/book09/chapter01.htm'

     0K ......                                                100% 3.64G=0s

Last-modified header missing -- time-stamps turned off.
2025-11-07 12:56:22 (3.64 GB/s) - 'docs/book09/chapter01.htm' saved [6352/6352]

--2025-11-07 12:56:22--  http://127.0.0.1:8000/big5/book09/chapter02.htm
Connecting to 127.0.0.1:8000... connected.
HTTP request sent, awaiting response... 
  HTTP/1.1 200 OK
  Host: 127.0.0.1:8000
  Date: Fri, 07 Nov 2025 12:56:22 GMT
  Connection: close
  Content-Type: text/html; charset=UTF-8
  Content-Length: 3189
Length: 3189 (3.1K) [text/html]
Saving to: 'docs/book09/chapter02.htm'

     0K ...                                                   100% 1.06G=0s

Last-modified header missing -- time-stamps turned off.
2025-11-07 12:56:22 (1.06 GB/s) - 'docs/book09/chapter02.htm' saved [3189/3189]

--2025-11-07 12:56:22--  http://127.0.0.1:8000/big5/book09/chapter03.htm
Connecting to 127.0.0.1:8000... connected.
HTTP request sent, awaiting response... 
  HTTP/1.1 200 OK
  Host: 127.0.0.1:8000
  Date: Fri, 07 Nov 2025 12:56:22 GMT
  Connection: close
  Content-Type: text/html; charset=UTF-8
  Content-Length: 2336
Length: 2336 (2.3K) [text/html]
Saving to: 'docs/book09/chapter03.htm'

     0K ..                                                    100% 1.37G=0s

Last-modified header missing -- time-stamps turned off.
2025-11-07 12:56:22 (1.37 GB/s) - 'docs/book09/chapter03.htm' saved [2336/2336]

--2025-11-07 12:56:22--  http://127.0.0.1:8000/big5/book09/chapter04.htm
Connecting to 127.0.0.1:8000... connected.
HTTP request sent, awaiting response... 
  HTTP/1.1 200 OK
  Host: 127.0.0.1:8000
  Date: Fri, 07 Nov 2025 12:56:22 GMT
  Connection: close
  Content-Type: text/html; charset=UTF-8
  Content-Length: 3130
Length: 3130 (3.1K) [text/html]
Saving to: 'docs/book09/chapter04.htm'

     0K ...                                                   100%  205M=0s

Last-modified header missing -- time-stamps turned off.
2025-11-07 12:56:22 (205 MB/s) - 'docs/book09/chapter04.htm' saved [3130/3130]

--2025-11-07 12:56:22--  http://127.0.0.1:8000/big5/book09/chapter05.htm
Connecting to 127.0.0.1:8000... connected.
HTTP request sent, awaiting response... 
  HTTP/1.1 200 OK
  Host: 127.0.0.1:8000
  Date: Fri, 07 Nov 2025 12:56:22 GMT
  Connection: close
  Content-Type: text/html; charset=UTF-8
  Content-Length: 2671
Length: 2671 (2.6K) [text/html]
Saving to: 'docs/book09/chapter05.htm'

     0K ..                                                    100%  134M=0s

Last-modified header missing -- time-stamps turned off.
2025-11-07 12:56:22 (134 MB/s) - 'docs/book09/chapter05.htm' saved [2671/2671]

--2025-11-07 12:56:22--  http://127.0.0.1:8000/big5/book09/chapter06.htm
Connecting to 127.0.0.1:8000... connected.
HTTP request sent, awaiting response... 
  HTTP/1.1 200 OK
  Host: 127.0.0.1:8000
  Date: Fri, 07 Nov 2025 12:56:22 GMT
  Connection: close
  Content-Type: text/html; charset=UTF-8
  Content-Length: 2981
Length: 2981 (2.9K) [text/html]
Saving to: 'docs/book09/chapter06.htm'

     0K ..                                                    100%  989M=0s

Last-modified header missing -- time-stamps turned off.
2025-11-07 12:56:22 (989 MB/s) - 'docs/book09/chapter06.htm' saved [2981/2981]

--2025-11-07 12:56:22--  http://127.0.0.1:8000/big5/book09/chapter07.htm
Connecting to 127.0.0.1:8000... connected.
HTTP request sent, awaiting response... 
  HTTP/1.1 200 OK
  Host: 127.0.0.1:8000
  Date: Fri, 07 Nov 2025 12:56:22 GMT
  Connection: close
  Content-Type: text/html; charset=UTF-8
  Content-Length: 8889
Length: 8889 (8.7K) [text/html]
Saving to: 'docs/book09/chapter07.htm'

     0K ........                                              100%  245M=0s

Last-modified header missing -- time-stamps turned off.
2025-11-07 12:56:22 (245 MB/s) - 'docs/book09/chapter07.htm' saved [8889/8889]

--2025-11-07 12:56:22--  http://127.0.0.1:8000/big5/book09/chapter08.htm
Connecting to 127.0.0.1:8000... connected.
HTTP request sent, awaiting response... 
  HTTP/1.1 200 OK
  Host: 127.0.0.1:8000
  Date: Fri, 07 Nov 2025 12:56:22 GMT
  Connection: close
  Content-Type: text/html; charset=UTF-8
  Content-Length: 7286
Length: 7286 (7.1K) [text/html]
Saving to: 'docs/book09/chapter08.htm'

     0K .......                                               100%  458M=0s

Last-modified header missing -- time-stamps turned off.
2025-11-07 12:56:22 (458 MB/s) - 'docs/book09/chapter08.htm' saved [7286/7286]

--2025-11-07 12:56:22--  http://127.0.0.1:8000/big5/book09/chapter09.htm
Connecting to 127.0.0.1:8000... connected.
HTTP request sent, awaiting response... 
  HTTP/1.1 200 OK
  Host: 127.0.0.1:8000
  Date: Fri, 07 Nov 2025 12:56:22 GMT
  Connection: close
  Content-Type: text/html; charset=UTF-8
  Content-Length: 13980
Length: 13980 (14K) [text/html]
Saving to: 'docs/book09/chapter09.htm'

     0K .......... ...                                        100%  350M=0s

Last-modified header missing -- time-stamps turned off.
2025-11-07 12:56:22 (350 MB/s) - 'docs/book09/chapter09.htm' saved [13980/13980]

--2025-11-07 12:56:22--  http://127.0.0.1:8000/big5/book09/chapter10.htm
Connecting to 127.0.0.1:8000... connected.
HTTP request sent, awaiting response... 
  HTTP/1.1 200 OK
  Host: 127.0.0.1:8000
  Date: Fri, 07 Nov 2025 12:56:22 GMT
  Connection: close
  Content-Type: text/html; charset=UTF-8
  Content-Length: 9045
Length: 9045 (8.8K) [text/html]
Saving to: 'docs/book09/chapter10.htm'

     0K ........                                              100% 4.81G=0s

Last-modified header missing -- time-stamps turned off.
2025-11-07 12:56:22 (4.81 GB/s) - 'docs/book09/chapter10.htm' saved [9045/9045]

--2025-11-07 12:56:22--  http://127.0.0.1:8000/big5/book09/chapter11.htm
Connecting to 127.0.0.1:8000... connected.
HTTP request sent, awaiting response... 
  HTTP/1.1 200 OK
  Host: 127.0.0.1:8000
  Date: Fri, 07 Nov 2025 12:56:22 GMT
  Connection: close
  Content-Type: text/html; charset=UTF-8
  Content-Length: 5999
Length: 5999 (5.9K) [text/html]
Saving to: 'docs/book09/chapter11.htm'

     0K .....                                                 100%  175M=0s

Last-modified header missing -- time-stamps turned off.
2025-11-07 12:56:22 (175 MB/s) - 'docs/book09/chapter11.htm' saved [5999/5999]

--2025-11-07 12:56:22--  http://127.0.0.1:8000/big5/book10/chapter01.htm
Connecting to 127.0.0.1:8000... connected.
HTTP request sent, awaiting response... 
  HTTP/1.1 200 OK
  Host: 127.0.0.1:8000
  Date: Fri, 07 Nov 2025 12:56:22 GMT
  Connection: close
  Content-Type: text/html; charset=UTF-8
  Content-Length: 6567
Length: 6567 (6.4K) [text/html]
Saving to: 'docs/book10/chapter01.htm'

     0K ......                                                100% 3.26G=0s

Last-modified header missing -- time-stamps turned off.
2025-11-07 12:56:22 (3.26 GB/s) - 'docs/book10/chapter01.htm' saved [6567/6567]

--2025-11-07 12:56:22--  http://127.0.0.1:8000/big5/book10/chapter02.htm
Connecting to 127.0.0.1:8000... connected.
HTTP request sent, awaiting response... 
  HTTP/1.1 200 OK
  Host: 127.0.0.1:8000
  Date: Fri, 07 Nov 2025 12:56:22 GMT
  Connection: close
  Content-Type: text/html; charset=UTF-8
  Content-Length: 2592
Length: 2592 (2.5K) [text/html]
Saving to: 'docs/book10/chapter02.htm'

     0K ..                                                    100% 1005M=0s

Last-modified header missing -- time-stamps turned off.
2025-11-07 12:56:22 (1005 MB/s) - 'docs/book10/chapter02.htm' saved [2592/2592]

--2025-11-07 12:56:22--  http://127.0.0.1:8000/big5/book10/chapter03.htm
Connecting to 127.0.0.1:8000... connected.
HTTP request sent, awaiting response... 
  HTTP/1.1 200 OK
  Host: 127.0.0.1:8000
  Date: Fri, 07 Nov 2025 12:56:22 GMT
  Connection: close
  Content-Type: text/html; charset=UTF-8
  Content-Length: 3044
Length: 3044 (3.0K) [text/html]
Saving to: 'docs/book10/chapter03.htm'

     0K ..                                                    100% 1.79G=0s

Last-modified header missing -- time-stamps turned off.
2025-11-07 12:56:22 (1.79 GB/s) - 'docs/book10/chapter03.htm' saved [3044/3044]

--2025-11-07 12:56:22--  http://127.0.0.1:8000/big5/book10/chapter04.htm
Connecting to 127.0.0.1:8000... connected.
HTTP request sent, awaiting response... 
  HTTP/1.1 200 OK
  Host: 127.0.0.1:8000
  Date: Fri, 07 Nov 2025 12:56:22 GMT
  Connection: close
  Content-Type: text/html; charset=UTF-8
  Content-Length: 51857
Length: 51857 (51K) [text/html]
Saving to: 'docs/book10/chapter04.htm'

     0K .......... .......... .......... .......... .......... 98%  107M 0s
    50K                                                       100% 1.25M=0s

Last-modified header missing -- time-stamps turned off.
2025-11-07 12:56:22 (108 MB/s) - 'docs/book10/chapter04.htm' saved [51857/51857]

--2025-11-07 12:56:22--  http://127.0.0.1:8000/big5/book10/chapter05.htm
Connecting to 127.0.0.1:8000... connected.
HTTP request sent, awaiting response... 
  HTTP/1.1 200 OK
  Host: 127.0.0.1:8000
  Date: Fri, 07 Nov 2025 12:56:22 GMT
  Connection: close
  Content-Type: text/html; charset=UTF-8
  Content-Length: 16333
Length: 16333 (16K) [text/html]
Saving to: 'docs/book10/chapter05.htm'

     0K .......... .....                                      100% 6.76G=0s

Last-modified header missing -- time-stamps turned off.
2025-11-07 12:56:22 (6.76 GB/s) - 'docs/book10/chapter05.htm' saved [16333/16333]

--2025-11-07 12:56:22--  http://127.0.0.1:8000/big5/book10/chapter06.htm
Connecting to 127.0.0.1:8000... connected.
HTTP request sent, awaiting response... 
  HTTP/1.1 200 OK
  Host: 127.0.0.1:8000
  Date: Fri, 07 Nov 2025 12:56:22 GMT
  Connection: close
  Content-Type: text/html; charset=UTF-8
  Content-Length: 4761
Length: 4761 (4.6K) [text/html]
Saving to: 'docs/book10/chapter06.htm'

     0K ....                                                  100% 2.66G=0s

Last-modified header missing -- time-stamps turned off.
2025-11-07 12:56:22 (2.66 GB/s) - 'docs/book10/chapter06.htm' saved [4761/4761]

--2025-11-07 12:56:22--  http://127.0.0.1:8000/big5/book10/chapter07.htm
Connecting to 127.0.0.1:8000... connected.
HTTP request sent, awaiting response... 
  HTTP/1.1 200 OK
  Host: 127.0.0.1:8000
  Date: Fri, 07 Nov 2025 12:56:22 GMT
  Connection: close
  Content-Type: text/html; charset=UTF-8
  Content-Length: 3210
Length: 3210 (3.1K) [text/html]
Saving to: 'docs/book10/chapter07.htm'

     0K ...                                                   100%  200M=0s

Last-modified header missing -- time-stamps turned off.
2025-11-07 12:56:22 (200 MB/s) - 'docs/book10/chapter07.htm' saved [3210/3210]

--2025-11-07 12:56:22--  http://127.0.0.1:8000/big5/book10/chapter08.htm
Connecting to 127.0.0.1:8000... connected.
HTTP request sent, awaiting response... 
  HTTP/1.1 200 OK
  Host: 127.0.0.1:8000
  Date: Fri, 07 Nov 2025 12:56:22 GMT
  Connection: close
  Content-Type: text/html; charset=UTF-8
  Content-Length: 11130
Length: 11130 (11K) [text/html]
Saving to: 'docs/book10/chapter08.htm'

     0K ..........                                            100%  634M=0s

Last-modified header missing -- time-stamps turned off.
2025-11-07 12:56:22 (634 MB/s) - 'docs/book10/chapter08.htm' saved [11130/11130]

--2025-11-07 12:56:22--  http://127.0.0.1:8000/big5/book10/chapter09.htm
Connecting to 127.0.0.1:8000... connected.
HTTP request sent, awaiting response... 
  HTTP/1.1 200 OK
  Host: 127.0.0.1:8000
  Date: Fri, 07 Nov 2025 12:56:22 GMT
  Connection: close
  Content-Type: text/html; charset=UTF-8
  Content-Length: 5164
Length: 5164 (5.0K) [text/html]
Saving to: 'docs/book10/chapter09.htm'

     0K .....                                                 100%  319M=0s

Last-modified header missing -- time-stamps turned off.
2025-11-07 12:56:22 (319 MB/s) - 'docs/book10/chapter09.htm' saved [5164/5164]

--2025-11-07 12:56:22--  http://127.0.0.1:8000/gb2312/author/index.html
Connecting to 127.0.0.1:8000... connected.
HTTP request sent, awaiting response... 
  HTTP/1.1 200 OK
  Host: 127.0.0.1:8000
  Date: Fri, 07 Nov 2025 12:56:22 GMT
  Connection: close
  Content-Type: text/html; charset=UTF-8
  Content-Length: 1898
Length: 1898 (1.9K) [text/html]
Saving to: 'docs/author/index.html'

     0K .                                                     100%  124M=0s

Last-modified header missing -- time-stamps turned off.
2025-11-07 12:56:22 (124 MB/s) - 'docs/author/index.html' saved [1898/1898]

--2025-11-07 12:56:22--  http://127.0.0.1:8000/gb2312/book01/index.html
Connecting to 127.0.0.1:8000... connected.
HTTP request sent, awaiting response... 
  HTTP/1.1 200 OK
  Host: 127.0.0.1:8000
  Date: Fri, 07 Nov 2025 12:56:22 GMT
  Connection: close
  Content-Type: text/html; charset=UTF-8
  Content-Length: 1898
Length: 1898 (1.9K) [text/html]
Saving to: 'docs/book01/index.html'

     0K .                                                     100%  124M=0s

Last-modified header missing -- time-stamps turned off.
2025-11-07 12:56:22 (124 MB/s) - 'docs/book01/index.html' saved [1898/1898]

--2025-11-07 12:56:22--  http://127.0.0.1:8000/gb2312/book02/index.html
Connecting to 127.0.0.1:8000... connected.
HTTP request sent, awaiting response... 
  HTTP/1.1 200 OK
  Host: 127.0.0.1:8000
  Date: Fri, 07 Nov 2025 12:56:22 GMT
  Connection: close
  Content-Type: text/html; charset=UTF-8
  Content-Length: 1898
Length: 1898 (1.9K) [text/html]
Saving to: 'docs/book02/index.html'

     0K .                                                     100%  121M=0s

Last-modified header missing -- time-stamps turned off.
2025-11-07 12:56:22 (121 MB/s) - 'docs/book02/index.html' saved [1898/1898]

--2025-11-07 12:56:22--  http://127.0.0.1:8000/gb2312/book03/index.html
Connecting to 127.0.0.1:8000... connected.
HTTP request sent, awaiting response... 
  HTTP/1.1 200 OK
  Host: 127.0.0.1:8000
  Date: Fri, 07 Nov 2025 12:56:22 GMT
  Connection: close
  Content-Type: text/html; charset=UTF-8
  Content-Length: 1898
Length: 1898 (1.9K) [text/html]
Saving to: 'docs/book03/index.html'

     0K .                                                     100% 1.06G=0s

Last-modified header missing -- time-stamps turned off.
2025-11-07 12:56:22 (1.06 GB/s) - 'docs/book03/index.html' saved [1898/1898]

--2025-11-07 12:56:22--  http://127.0.0.1:8000/gb2312/book04/index.html
Connecting to 127.0.0.1:8000... connected.
HTTP request sent, awaiting response... 
  HTTP/1.1 200 OK
  Host: 127.0.0.1:8000
  Date: Fri, 07 Nov 2025 12:56:22 GMT
  Connection: close
  Content-Type: text/html; charset=UTF-8
  Content-Length: 1898
Length: 1898 (1.9K) [text/html]
Saving to: 'docs/book04/index.html'

     0K .                                                     100% 94.6M=0s

Last-modified header missing -- time-stamps turned off.
2025-11-07 12:56:22 (94.6 MB/s) - 'docs/book04/index.html' saved [1898/1898]

--2025-11-07 12:56:22--  http://127.0.0.1:8000/gb2312/book05/index.html
Connecting to 127.0.0.1:8000... connected.
HTTP request sent, awaiting response... 
  HTTP/1.1 200 OK
  Host: 127.0.0.1:8000
  Date: Fri, 07 Nov 2025 12:56:22 GMT
  Connection: close
  Content-Type: text/html; charset=UTF-8
  Content-Length: 1953
Length: 1953 (1.9K) [text/html]
Saving to: 'docs/book05/index.html'

     0K .                                                     100% 83.4M=0s

Last-modified header missing -- time-stamps turned off.
2025-11-07 12:56:22 (83.4 MB/s) - 'docs/book05/index.html' saved [1953/1953]

--2025-11-07 12:56:22--  http://127.0.0.1:8000/gb2312/book06/index.html
Connecting to 127.0.0.1:8000... connected.
HTTP request sent, awaiting response... 
  HTTP/1.1 200 OK
  Host: 127.0.0.1:8000
  Date: Fri, 07 Nov 2025 12:56:22 GMT
  Connection: close
  Content-Type: text/html; charset=UTF-8
  Content-Length: 1898
Length: 1898 (1.9K) [text/html]
Saving to: 'docs/book06/index.html'

     0K .                                                     100% 1.01G=0s

Last-modified header missing -- time-stamps turned off.
2025-11-07 12:56:22 (1.01 GB/s) - 'docs/book06/index.html' saved [1898/1898]

--2025-11-07 12:56:22--  http://127.0.0.1:8000/gb2312/book07/index.html
Connecting to 127.0.0.1:8000... connected.
HTTP request sent, awaiting response... 
  HTTP/1.1 200 OK
  Host: 127.0.0.1:8000
  Date: Fri, 07 Nov 2025 12:56:22 GMT
  Connection: close
  Content-Type: text/html; charset=UTF-8
  Content-Length: 1898
Length: 1898 (1.9K) [text/html]
Saving to: 'docs/book07/index.html'

     0K .                                                     100%  113M=0s

Last-modified header missing -- time-stamps turned off.
2025-11-07 12:56:22 (113 MB/s) - 'docs/book07/index.html' saved [1898/1898]

--2025-11-07 12:56:22--  http://127.0.0.1:8000/gb2312/book08/index.html
Connecting to 127.0.0.1:8000... connected.
HTTP request sent, awaiting response... 
  HTTP/1.1 200 OK
  Host: 127.0.0.1:8000
  Date: Fri, 07 Nov 2025 12:56:22 GMT
  Connection: close
  Content-Type: text/html; charset=UTF-8
  Content-Length: 1898
Length: 1898 (1.9K) [text/html]
Saving to: 'docs/book08/index.html'

     0K .                                                     100%  113M=0s

Last-modified header missing -- time-stamps turned off.
2025-11-07 12:56:22 (113 MB/s) - 'docs/book08/index.html' saved [1898/1898]

--2025-11-07 12:56:22--  http://127.0.0.1:8000/gb2312/book09/index.html
Connecting to 127.0.0.1:8000... connected.
HTTP request sent, awaiting response... 
  HTTP/1.1 200 OK
  Host: 127.0.0.1:8000
  Date: Fri, 07 Nov 2025 12:56:22 GMT
  Connection: close
  Content-Type: text/html; charset=UTF-8
  Content-Length: 1898
Length: 1898 (1.9K) [text/html]
Saving to: 'docs/book09/index.html'

     0K .                                                     100% 93.2M=0s

Last-modified header missing -- time-stamps turned off.
2025-11-07 12:56:22 (93.2 MB/s) - 'docs/book09/index.html' saved [1898/1898]

--2025-11-07 12:56:22--  http://127.0.0.1:8000/gb2312/book10/index.html
Connecting to 127.0.0.1:8000... connected.
HTTP request sent, awaiting response... 
  HTTP/1.1 200 OK
  Host: 127.0.0.1:8000
  Date: Fri, 07 Nov 2025 12:56:22 GMT
  Connection: close
  Content-Type: text/html; charset=UTF-8
  Content-Length: 1898
Length: 1898 (1.9K) [text/html]
Saving to: 'docs/book10/index.html'

     0K .                                                     100% 99.9M=0s

Last-modified header missing -- time-stamps turned off.
2025-11-07 12:56:22 (99.9 MB/s) - 'docs/book10/index.html' saved [1898/1898]

--2025-11-07 12:56:22--  http://127.0.0.1:8000/image/traditional.gif
Connecting to 127.0.0.1:8000... connected.
HTTP request sent, awaiting response... 
  HTTP/1.1 200 OK
  Host: 127.0.0.1:8000
  Date: Fri, 07 Nov 2025 12:56:22 GMT
  Connection: close
  Content-Type: image/gif
  Content-Length: 139
Length: 139 [image/gif]
Saving to: 'docs/traditional.gif'

     0K                                                       100% 7.23M=0s

Last-modified header missing -- time-stamps turned off.
2025-11-07 12:56:22 (7.23 MB/s) - 'docs/traditional.gif' saved [139/139]

--2025-11-07 12:56:22--  http://127.0.0.1:8000/gb2312/link/index.html
Connecting to 127.0.0.1:8000... connected.
HTTP request sent, awaiting response... 
  HTTP/1.1 200 OK
  Host: 127.0.0.1:8000
  Date: Fri, 07 Nov 2025 12:56:22 GMT
  Connection: close
  Content-Type: text/html; charset=UTF-8
  Content-Length: 1898
Length: 1898 (1.9K) [text/html]
Saving to: 'docs/link/index.html'

     0K .                                                     100% 92.4M=0s

Last-modified header missing -- time-stamps turned off.
2025-11-07 12:56:22 (92.4 MB/s) - 'docs/link/index.html' saved [1898/1898]

--2025-11-07 12:56:22--  http://127.0.0.1:8000/big5/book09/chapter00.htm
Connecting to 127.0.0.1:8000... connected.
HTTP request sent, awaiting response... 
  HTTP/1.1 404 Not Found
  Host: 127.0.0.1:8000
  Date: Fri, 07 Nov 2025 12:56:22 GMT
  Connection: close
  Content-Type: text/html; charset=UTF-8
  Content-Length: 558
2025-11-07 12:56:22 ERROR 404: Not Found.

--2025-11-07 12:56:22--  http://127.0.0.1:8000/gb2312/author/corner.htm
Connecting to 127.0.0.1:8000... connected.
HTTP request sent, awaiting response... 
  HTTP/1.1 200 OK
  Host: 127.0.0.1:8000
  Date: Fri, 07 Nov 2025 12:56:22 GMT
  Connection: close
  Content-Type: text/html; charset=UTF-8
  Content-Length: 1040
Length: 1040 (1.0K) [text/html]
Saving to: 'docs/author/corner.htm'

     0K .                                                     100%  626M=0s

Last-modified header missing -- time-stamps turned off.
2025-11-07 12:56:22 (626 MB/s) - 'docs/author/corner.htm' saved [1040/1040]

--2025-11-07 12:56:22--  http://127.0.0.1:8000/gb2312/author/leftframe.htm
Connecting to 127.0.0.1:8000... connected.
HTTP request sent, awaiting response... 
  HTTP/1.1 200 OK
  Host: 127.0.0.1:8000
  Date: Fri, 07 Nov 2025 12:56:22 GMT
  Connection: close
  Content-Type: text/html; charset=UTF-8
  Content-Length: 733
Length: 733 [text/html]
Saving to: 'docs/author/leftframe.htm'

     0K                                                       100% 46.2M=0s

Last-modified header missing -- time-stamps turned off.
2025-11-07 12:56:22 (46.2 MB/s) - 'docs/author/leftframe.htm' saved [733/733]

--2025-11-07 12:56:22--  http://127.0.0.1:8000/gb2312/author/left.htm
Connecting to 127.0.0.1:8000... connected.
HTTP request sent, awaiting response... 
  HTTP/1.1 200 OK
  Host: 127.0.0.1:8000
  Date: Fri, 07 Nov 2025 12:56:22 GMT
  Connection: close
  Content-Type: text/html; charset=UTF-8
  Content-Length: 2546
Length: 2546 (2.5K) [text/html]
Saving to: 'docs/author/left.htm'

     0K ..                                                    100%  161M=0s

Last-modified header missing -- time-stamps turned off.
2025-11-07 12:56:22 (161 MB/s) - 'docs/author/left.htm' saved [2546/2546]

--2025-11-07 12:56:22--  http://127.0.0.1:8000/gb2312/author/right.htm
Connecting to 127.0.0.1:8000... connected.
HTTP request sent, awaiting response... 
  HTTP/1.1 200 OK
  Host: 127.0.0.1:8000
  Date: Fri, 07 Nov 2025 12:56:22 GMT
  Connection: close
  Content-Type: text/html; charset=UTF-8
  Content-Length: 963
Length: 963 [text/html]
Saving to: 'docs/author/right.htm'

     0K                                                       100% 48.1M=0s

Last-modified header missing -- time-stamps turned off.
2025-11-07 12:56:22 (48.1 MB/s) - 'docs/author/right.htm' saved [963/963]

--2025-11-07 12:56:22--  http://127.0.0.1:8000/gb2312/author/top.htm
Connecting to 127.0.0.1:8000... connected.
HTTP request sent, awaiting response... 
  HTTP/1.1 200 OK
  Host: 127.0.0.1:8000
  Date: Fri, 07 Nov 2025 12:56:22 GMT
  Connection: close
  Content-Type: text/html; charset=UTF-8
  Content-Length: 1015
Length: 1015 [text/html]
Saving to: 'docs/author/top.htm'

     0K                                                       100% 67.0M=0s

Last-modified header missing -- time-stamps turned off.
2025-11-07 12:56:22 (67.0 MB/s) - 'docs/author/top.htm' saved [1015/1015]

--2025-11-07 12:56:22--  http://127.0.0.1:8000/gb2312/author/main.htm
Connecting to 127.0.0.1:8000... connected.
HTTP request sent, awaiting response... 
  HTTP/1.1 200 OK
  Host: 127.0.0.1:8000
  Date: Fri, 07 Nov 2025 12:56:22 GMT
  Connection: close
  Content-Type: text/html; charset=UTF-8
  Content-Length: 6871
Length: 6871 (6.7K) [text/html]
Saving to: 'docs/author/main.htm'

     0K ......                                                100%  215M=0s

Last-modified header missing -- time-stamps turned off.
2025-11-07 12:56:22 (215 MB/s) - 'docs/author/main.htm' saved [6871/6871]

--2025-11-07 12:56:22--  http://127.0.0.1:8000/gb2312/book01/corner.htm
Connecting to 127.0.0.1:8000... connected.
HTTP request sent, awaiting response... 
  HTTP/1.1 200 OK
  Host: 127.0.0.1:8000
  Date: Fri, 07 Nov 2025 12:56:22 GMT
  Connection: close
  Content-Type: text/html; charset=UTF-8
  Content-Length: 1039
Length: 1039 (1.0K) [text/html]
Saving to: 'docs/book01/corner.htm'

     0K .                                                     100%  643M=0s

Last-modified header missing -- time-stamps turned off.
2025-11-07 12:56:22 (643 MB/s) - 'docs/book01/corner.htm' saved [1039/1039]

--2025-11-07 12:56:22--  http://127.0.0.1:8000/gb2312/book01/leftframe.htm
Connecting to 127.0.0.1:8000... connected.
HTTP request sent, awaiting response... 
  HTTP/1.1 200 OK
  Host: 127.0.0.1:8000
  Date: Fri, 07 Nov 2025 12:56:22 GMT
  Connection: close
  Content-Type: text/html; charset=UTF-8
  Content-Length: 733
Length: 733 [text/html]
Saving to: 'docs/book01/leftframe.htm'

     0K                                                       100% 34.4M=0s

Last-modified header missing -- time-stamps turned off.
2025-11-07 12:56:22 (34.4 MB/s) - 'docs/book01/leftframe.htm' saved [733/733]

--2025-11-07 12:56:22--  http://127.0.0.1:8000/gb2312/book01/left.htm
Connecting to 127.0.0.1:8000... connected.
HTTP request sent, awaiting response... 
  HTTP/1.1 200 OK
  Host: 127.0.0.1:8000
  Date: Fri, 07 Nov 2025 12:56:22 GMT
  Connection: close
  Content-Type: text/html; charset=UTF-8
  Content-Length: 2227
Length: 2227 (2.2K) [text/html]
Saving to: 'docs/book01/left.htm'

     0K ..                                                    100%  144M=0s

Last-modified header missing -- time-stamps turned off.
2025-11-07 12:56:22 (144 MB/s) - 'docs/book01/left.htm' saved [2227/2227]

--2025-11-07 12:56:22--  http://127.0.0.1:8000/gb2312/book01/right.htm
Connecting to 127.0.0.1:8000... connected.
HTTP request sent, awaiting response... 
  HTTP/1.1 200 OK
  Host: 127.0.0.1:8000
  Date: Fri, 07 Nov 2025 12:56:22 GMT
  Connection: close
  Content-Type: text/html; charset=UTF-8
  Content-Length: 963
Length: 963 [text/html]
Saving to: 'docs/book01/right.htm'

     0K                                                       100% 63.2M=0s

Last-modified header missing -- time-stamps turned off.
2025-11-07 12:56:22 (63.2 MB/s) - 'docs/book01/right.htm' saved [963/963]

--2025-11-07 12:56:22--  http://127.0.0.1:8000/gb2312/book01/top.htm
Connecting to 127.0.0.1:8000... connected.
HTTP request sent, awaiting response... 
  HTTP/1.1 200 OK
  Host: 127.0.0.1:8000
  Date: Fri, 07 Nov 2025 12:56:22 GMT
  Connection: close
  Content-Type: text/html; charset=UTF-8
  Content-Length: 758
Length: 758 [text/html]
Saving to: 'docs/book01/top.htm'

     0K                                                       100% 46.1M=0s

Last-modified header missing -- time-stamps turned off.
2025-11-07 12:56:22 (46.1 MB/s) - 'docs/book01/top.htm' saved [758/758]

--2025-11-07 12:56:22--  http://127.0.0.1:8000/gb2312/book01/main.htm
Connecting to 127.0.0.1:8000... connected.
HTTP request sent, awaiting response... 
  HTTP/1.1 200 OK
  Host: 127.0.0.1:8000
  Date: Fri, 07 Nov 2025 12:56:22 GMT
  Connection: close
  Content-Type: text/html; charset=UTF-8
  Content-Length: 2683
Length: 2683 (2.6K) [text/html]
Saving to: 'docs/book01/main.htm'

     0K ..                                                    100%  176M=0s

Last-modified header missing -- time-stamps turned off.
2025-11-07 12:56:22 (176 MB/s) - 'docs/book01/main.htm' saved [2683/2683]

--2025-11-07 12:56:22--  http://127.0.0.1:8000/gb2312/book02/corner.htm
Connecting to 127.0.0.1:8000... connected.
HTTP request sent, awaiting response... 
  HTTP/1.1 200 OK
  Host: 127.0.0.1:8000
  Date: Fri, 07 Nov 2025 12:56:22 GMT
  Connection: close
  Content-Type: text/html; charset=UTF-8
  Content-Length: 1039
Length: 1039 (1.0K) [text/html]
Saving to: 'docs/book02/corner.htm'

     0K .                                                     100% 46.6M=0s

Last-modified header missing -- time-stamps turned off.
2025-11-07 12:56:22 (46.6 MB/s) - 'docs/book02/corner.htm' saved [1039/1039]

--2025-11-07 12:56:22--  http://127.0.0.1:8000/gb2312/book02/leftframe.htm
Connecting to 127.0.0.1:8000... connected.
HTTP request sent, awaiting response... 
  HTTP/1.1 200 OK
  Host: 127.0.0.1:8000
  Date: Fri, 07 Nov 2025 12:56:22 GMT
  Connection: close
  Content-Type: text/html; charset=UTF-8
  Content-Length: 733
Length: 733 [text/html]
Saving to: 'docs/book02/leftframe.htm'

     0K                                                       100%  266M=0s

Last-modified header missing -- time-stamps turned off.
2025-11-07 12:56:22 (266 MB/s) - 'docs/book02/leftframe.htm' saved [733/733]

--2025-11-07 12:56:22--  http://127.0.0.1:8000/gb2312/book02/left.htm
Connecting to 127.0.0.1:8000... connected.
HTTP request sent, awaiting response... 
  HTTP/1.1 200 OK
  Host: 127.0.0.1:8000
  Date: Fri, 07 Nov 2025 12:56:22 GMT
  Connection: close
  Content-Type: text/html; charset=UTF-8
  Content-Length: 2227
Length: 2227 (2.2K) [text/html]
Saving to: 'docs/book02/left.htm'

     0K ..                                                    100%  796M=0s

Last-modified header missing -- time-stamps turned off.
2025-11-07 12:56:22 (796 MB/s) - 'docs/book02/left.htm' saved [2227/2227]

--2025-11-07 12:56:22--  http://127.0.0.1:8000/gb2312/book02/right.htm
Connecting to 127.0.0.1:8000... connected.
HTTP request sent, awaiting response... 
  HTTP/1.1 200 OK
  Host: 127.0.0.1:8000
  Date: Fri, 07 Nov 2025 12:56:22 GMT
  Connection: close
  Content-Type: text/html; charset=UTF-8
  Content-Length: 963
Length: 963 [text/html]
Saving to: 'docs/book02/right.htm'

     0K                                                       100% 41.7M=0s

Last-modified header missing -- time-stamps turned off.
2025-11-07 12:56:22 (41.7 MB/s) - 'docs/book02/right.htm' saved [963/963]

--2025-11-07 12:56:22--  http://127.0.0.1:8000/gb2312/book02/top.htm
Connecting to 127.0.0.1:8000... connected.
HTTP request sent, awaiting response... 
  HTTP/1.1 200 OK
  Host: 127.0.0.1:8000
  Date: Fri, 07 Nov 2025 12:56:22 GMT
  Connection: close
  Content-Type: text/html; charset=UTF-8
  Content-Length: 758
Length: 758 [text/html]
Saving to: 'docs/book02/top.htm'

     0K                                                       100% 40.3M=0s

Last-modified header missing -- time-stamps turned off.
2025-11-07 12:56:22 (40.3 MB/s) - 'docs/book02/top.htm' saved [758/758]

--2025-11-07 12:56:22--  http://127.0.0.1:8000/gb2312/book02/main.htm
Connecting to 127.0.0.1:8000... connected.
HTTP request sent, awaiting response... 
  HTTP/1.1 200 OK
  Host: 127.0.0.1:8000
  Date: Fri, 07 Nov 2025 12:56:22 GMT
  Connection: close
  Content-Type: text/html; charset=UTF-8
  Content-Length: 3444
Length: 3444 (3.4K) [text/html]
Saving to: 'docs/book02/main.htm'

     0K ...                                                   100%  184M=0s

Last-modified header missing -- time-stamps turned off.
2025-11-07 12:56:22 (184 MB/s) - 'docs/book02/main.htm' saved [3444/3444]

--2025-11-07 12:56:22--  http://127.0.0.1:8000/gb2312/book03/corner.htm
Connecting to 127.0.0.1:8000... connected.
HTTP request sent, awaiting response... 
  HTTP/1.1 200 OK
  Host: 127.0.0.1:8000
  Date: Fri, 07 Nov 2025 12:56:22 GMT
  Connection: close
  Content-Type: text/html; charset=UTF-8
  Content-Length: 1039
Length: 1039 (1.0K) [text/html]
Saving to: 'docs/book03/corner.htm'

     0K .                                                     100%  541M=0s

Last-modified header missing -- time-stamps turned off.
2025-11-07 12:56:22 (541 MB/s) - 'docs/book03/corner.htm' saved [1039/1039]

--2025-11-07 12:56:22--  http://127.0.0.1:8000/gb2312/book03/leftframe.htm
Connecting to 127.0.0.1:8000... connected.
HTTP request sent, awaiting response... 
  HTTP/1.1 200 OK
  Host: 127.0.0.1:8000
  Date: Fri, 07 Nov 2025 12:56:22 GMT
  Connection: close
  Content-Type: text/html; charset=UTF-8
  Content-Length: 733
Length: 733 [text/html]
Saving to: 'docs/book03/leftframe.htm'

     0K                                                       100% 36.6M=0s

Last-modified header missing -- time-stamps turned off.
2025-11-07 12:56:22 (36.6 MB/s) - 'docs/book03/leftframe.htm' saved [733/733]

--2025-11-07 12:56:22--  http://127.0.0.1:8000/gb2312/book03/left.htm
Connecting to 127.0.0.1:8000... connected.
HTTP request sent, awaiting response... 
  HTTP/1.1 200 OK
  Host: 127.0.0.1:8000
  Date: Fri, 07 Nov 2025 12:56:22 GMT
  Connection: close
  Content-Type: text/html; charset=UTF-8
  Content-Length: 2227
Length: 2227 (2.2K) [text/html]
Saving to: 'docs/book03/left.htm'

     0K ..                                                    100%  123M=0s

Last-modified header missing -- time-stamps turned off.
2025-11-07 12:56:22 (123 MB/s) - 'docs/book03/left.htm' saved [2227/2227]

--2025-11-07 12:56:22--  http://127.0.0.1:8000/gb2312/book03/right.htm
Connecting to 127.0.0.1:8000... connected.
HTTP request sent, awaiting response... 
  HTTP/1.1 200 OK
  Host: 127.0.0.1:8000
  Date: Fri, 07 Nov 2025 12:56:22 GMT
  Connection: close
  Content-Type: text/html; charset=UTF-8
  Content-Length: 963
Length: 963 [text/html]
Saving to: 'docs/book03/right.htm'

     0K                                                       100% 61.4M=0s

Last-modified header missing -- time-stamps turned off.
2025-11-07 12:56:22 (61.4 MB/s) - 'docs/book03/right.htm' saved [963/963]

--2025-11-07 12:56:22--  http://127.0.0.1:8000/gb2312/book03/top.htm
Connecting to 127.0.0.1:8000... connected.
HTTP request sent, awaiting response... 
  HTTP/1.1 200 OK
  Host: 127.0.0.1:8000
  Date: Fri, 07 Nov 2025 12:56:22 GMT
  Connection: close
  Content-Type: text/html; charset=UTF-8
  Content-Length: 758
Length: 758 [text/html]
Saving to: 'docs/book03/top.htm'

     0K                                                       100% 48.6M=0s

Last-modified header missing -- time-stamps turned off.
2025-11-07 12:56:22 (48.6 MB/s) - 'docs/book03/top.htm' saved [758/758]

--2025-11-07 12:56:22--  http://127.0.0.1:8000/gb2312/book03/main.htm
Connecting to 127.0.0.1:8000... connected.
HTTP request sent, awaiting response... 
  HTTP/1.1 200 OK
  Host: 127.0.0.1:8000
  Date: Fri, 07 Nov 2025 12:56:22 GMT
  Connection: close
  Content-Type: text/html; charset=UTF-8
  Content-Length: 4066
Length: 4066 (4.0K) [text/html]
Saving to: 'docs/book03/main.htm'

     0K ...                                                   100%  173M=0s

Last-modified header missing -- time-stamps turned off.
2025-11-07 12:56:22 (173 MB/s) - 'docs/book03/main.htm' saved [4066/4066]

--2025-11-07 12:56:22--  http://127.0.0.1:8000/gb2312/book04/corner.htm
Connecting to 127.0.0.1:8000... connected.
HTTP request sent, awaiting response... 
  HTTP/1.1 200 OK
  Host: 127.0.0.1:8000
  Date: Fri, 07 Nov 2025 12:56:22 GMT
  Connection: close
  Content-Type: text/html; charset=UTF-8
  Content-Length: 1040
Length: 1040 (1.0K) [text/html]
Saving to: 'docs/book04/corner.htm'

     0K .                                                     100% 49.3M=0s

Last-modified header missing -- time-stamps turned off.
2025-11-07 12:56:22 (49.3 MB/s) - 'docs/book04/corner.htm' saved [1040/1040]

--2025-11-07 12:56:22--  http://127.0.0.1:8000/gb2312/book04/leftframe.htm
Connecting to 127.0.0.1:8000... connected.
HTTP request sent, awaiting response... 
  HTTP/1.1 200 OK
  Host: 127.0.0.1:8000
  Date: Fri, 07 Nov 2025 12:56:22 GMT
  Connection: close
  Content-Type: text/html; charset=UTF-8
  Content-Length: 733
Length: 733 [text/html]
Saving to: 'docs/book04/leftframe.htm'

     0K                                                       100% 46.3M=0s

Last-modified header missing -- time-stamps turned off.
2025-11-07 12:56:22 (46.3 MB/s) - 'docs/book04/leftframe.htm' saved [733/733]

--2025-11-07 12:56:22--  http://127.0.0.1:8000/gb2312/book04/left.htm
Connecting to 127.0.0.1:8000... connected.
HTTP request sent, awaiting response... 
  HTTP/1.1 200 OK
  Host: 127.0.0.1:8000
  Date: Fri, 07 Nov 2025 12:56:22 GMT
  Connection: close
  Content-Type: text/html; charset=UTF-8
  Content-Length: 2227
Length: 2227 (2.2K) [text/html]
Saving to: 'docs/book04/left.htm'

     0K ..                                                    100%  132M=0s

Last-modified header missing -- time-stamps turned off.
2025-11-07 12:56:22 (132 MB/s) - 'docs/book04/left.htm' saved [2227/2227]

--2025-11-07 12:56:22--  http://127.0.0.1:8000/gb2312/book04/right.htm
Connecting to 127.0.0.1:8000... connected.
HTTP request sent, awaiting response... 
  HTTP/1.1 200 OK
  Host: 127.0.0.1:8000
  Date: Fri, 07 Nov 2025 12:56:22 GMT
  Connection: close
  Content-Type: text/html; charset=UTF-8
  Content-Length: 963
Length: 963 [text/html]
Saving to: 'docs/book04/right.htm'

     0K                                                       100% 59.4M=0s

Last-modified header missing -- time-stamps turned off.
2025-11-07 12:56:22 (59.4 MB/s) - 'docs/book04/right.htm' saved [963/963]

--2025-11-07 12:56:22--  http://127.0.0.1:8000/gb2312/book04/top.htm
Connecting to 127.0.0.1:8000... connected.
HTTP request sent, awaiting response... 
  HTTP/1.1 200 OK
  Host: 127.0.0.1:8000
  Date: Fri, 07 Nov 2025 12:56:22 GMT
  Connection: close
  Content-Type: text/html; charset=UTF-8
  Content-Length: 758
Length: 758 [text/html]
Saving to: 'docs/book04/top.htm'

     0K                                                       100% 37.6M=0s

Last-modified header missing -- time-stamps turned off.
2025-11-07 12:56:22 (37.6 MB/s) - 'docs/book04/top.htm' saved [758/758]

--2025-11-07 12:56:22--  http://127.0.0.1:8000/gb2312/book04/main.htm
Connecting to 127.0.0.1:8000... connected.
HTTP request sent, awaiting response... 
  HTTP/1.1 200 OK
  Host: 127.0.0.1:8000
  Date: Fri, 07 Nov 2025 12:56:22 GMT
  Connection: close
  Content-Type: text/html; charset=UTF-8
  Content-Length: 4003
Length: 4003 (3.9K) [text/html]
Saving to: 'docs/book04/main.htm'

     0K ...                                                   100%  173M=0s

Last-modified header missing -- time-stamps turned off.
2025-11-07 12:56:22 (173 MB/s) - 'docs/book04/main.htm' saved [4003/4003]

--2025-11-07 12:56:22--  http://127.0.0.1:8000/gb2312/book05/corner.htm
Connecting to 127.0.0.1:8000... connected.
HTTP request sent, awaiting response... 
  HTTP/1.1 200 OK
  Host: 127.0.0.1:8000
  Date: Fri, 07 Nov 2025 12:56:22 GMT
  Connection: close
  Content-Type: text/html; charset=UTF-8
  Content-Length: 1040
Length: 1040 (1.0K) [text/html]
Saving to: 'docs/book05/corner.htm'

     0K .                                                     100% 47.7M=0s

Last-modified header missing -- time-stamps turned off.
2025-11-07 12:56:22 (47.7 MB/s) - 'docs/book05/corner.htm' saved [1040/1040]

--2025-11-07 12:56:22--  http://127.0.0.1:8000/gb2312/book05/leftframe.htm
Connecting to 127.0.0.1:8000... connected.
HTTP request sent, awaiting response... 
  HTTP/1.1 200 OK
  Host: 127.0.0.1:8000
  Date: Fri, 07 Nov 2025 12:56:22 GMT
  Connection: close
  Content-Type: text/html; charset=UTF-8
  Content-Length: 733
Length: 733 [text/html]
Saving to: 'docs/book05/leftframe.htm'

     0K                                                       100% 33.9M=0s

Last-modified header missing -- time-stamps turned off.
2025-11-07 12:56:22 (33.9 MB/s) - 'docs/book05/leftframe.htm' saved [733/733]

--2025-11-07 12:56:22--  http://127.0.0.1:8000/gb2312/book05/left.htm
Connecting to 127.0.0.1:8000... connected.
HTTP request sent, awaiting response... 
  HTTP/1.1 200 OK
  Host: 127.0.0.1:8000
  Date: Fri, 07 Nov 2025 12:56:22 GMT
  Connection: close
  Content-Type: text/html; charset=UTF-8
  Content-Length: 2227
Length: 2227 (2.2K) [text/html]
Saving to: 'docs/book05/left.htm'

     0K ..                                                    100%  136M=0s

Last-modified header missing -- time-stamps turned off.
2025-11-07 12:56:22 (136 MB/s) - 'docs/book05/left.htm' saved [2227/2227]

--2025-11-07 12:56:22--  http://127.0.0.1:8000/gb2312/book05/right.htm
Connecting to 127.0.0.1:8000... connected.
HTTP request sent, awaiting response... 
  HTTP/1.1 200 OK
  Host: 127.0.0.1:8000
  Date: Fri, 07 Nov 2025 12:56:22 GMT
  Connection: close
  Content-Type: text/html; charset=UTF-8
  Content-Length: 963
Length: 963 [text/html]
Saving to: 'docs/book05/right.htm'

     0K                                                       100% 59.7M=0s

Last-modified header missing -- time-stamps turned off.
2025-11-07 12:56:22 (59.7 MB/s) - 'docs/book05/right.htm' saved [963/963]

--2025-11-07 12:56:22--  http://127.0.0.1:8000/gb2312/book05/top.htm
Connecting to 127.0.0.1:8000... connected.
HTTP request sent, awaiting response... 
  HTTP/1.1 200 OK
  Host: 127.0.0.1:8000
  Date: Fri, 07 Nov 2025 12:56:22 GMT
  Connection: close
  Content-Type: text/html; charset=UTF-8
  Content-Length: 758
Length: 758 [text/html]
Saving to: 'docs/book05/top.htm'

     0K                                                       100% 48.6M=0s

Last-modified header missing -- time-stamps turned off.
2025-11-07 12:56:22 (48.6 MB/s) - 'docs/book05/top.htm' saved [758/758]

--2025-11-07 12:56:22--  http://127.0.0.1:8000/gb2312/book05/main.htm
Connecting to 127.0.0.1:8000... connected.
HTTP request sent, awaiting response... 
  HTTP/1.1 200 OK
  Host: 127.0.0.1:8000
  Date: Fri, 07 Nov 2025 12:56:22 GMT
  Connection: close
  Content-Type: text/html; charset=UTF-8
  Content-Length: 3696
Length: 3696 (3.6K) [text/html]
Saving to: 'docs/book05/main.htm'

     0K ...                                                   100%  215M=0s

Last-modified header missing -- time-stamps turned off.
2025-11-07 12:56:22 (215 MB/s) - 'docs/book05/main.htm' saved [3696/3696]

--2025-11-07 12:56:22--  http://127.0.0.1:8000/gb2312/book06/corner.htm
Connecting to 127.0.0.1:8000... connected.
HTTP request sent, awaiting response... 
  HTTP/1.1 200 OK
  Host: 127.0.0.1:8000
  Date: Fri, 07 Nov 2025 12:56:22 GMT
  Connection: close
  Content-Type: text/html; charset=UTF-8
  Content-Length: 1039
Length: 1039 (1.0K) [text/html]
Saving to: 'docs/book06/corner.htm'

     0K .                                                     100% 41.1M=0s

Last-modified header missing -- time-stamps turned off.
2025-11-07 12:56:22 (41.1 MB/s) - 'docs/book06/corner.htm' saved [1039/1039]

--2025-11-07 12:56:22--  http://127.0.0.1:8000/gb2312/book06/leftframe.htm
Connecting to 127.0.0.1:8000... connected.
HTTP request sent, awaiting response... 
  HTTP/1.1 200 OK
  Host: 127.0.0.1:8000
  Date: Fri, 07 Nov 2025 12:56:22 GMT
  Connection: close
  Content-Type: text/html; charset=UTF-8
  Content-Length: 733
Length: 733 [text/html]
Saving to: 'docs/book06/leftframe.htm'

     0K                                                       100% 43.8M=0s

Last-modified header missing -- time-stamps turned off.
2025-11-07 12:56:22 (43.8 MB/s) - 'docs/book06/leftframe.htm' saved [733/733]

--2025-11-07 12:56:22--  http://127.0.0.1:8000/gb2312/book06/left.htm
Connecting to 127.0.0.1:8000... connected.
HTTP request sent, awaiting response... 
  HTTP/1.1 200 OK
  Host: 127.0.0.1:8000
  Date: Fri, 07 Nov 2025 12:56:22 GMT
  Connection: close
  Content-Type: text/html; charset=UTF-8
  Content-Length: 2227
Length: 2227 (2.2K) [text/html]
Saving to: 'docs/book06/left.htm'

     0K ..                                                    100%  130M=0s

Last-modified header missing -- time-stamps turned off.
2025-11-07 12:56:22 (130 MB/s) - 'docs/book06/left.htm' saved [2227/2227]

--2025-11-07 12:56:22--  http://127.0.0.1:8000/gb2312/book06/right.htm
Connecting to 127.0.0.1:8000... connected.
HTTP request sent, awaiting response... 
  HTTP/1.1 200 OK
  Host: 127.0.0.1:8000
  Date: Fri, 07 Nov 2025 12:56:22 GMT
  Connection: close
  Content-Type: text/html; charset=UTF-8
  Content-Length: 963
Length: 963 [text/html]
Saving to: 'docs/book06/right.htm'

     0K                                                       100% 61.2M=0s

Last-modified header missing -- time-stamps turned off.
2025-11-07 12:56:22 (61.2 MB/s) - 'docs/book06/right.htm' saved [963/963]

--2025-11-07 12:56:22--  http://127.0.0.1:8000/gb2312/book06/top.htm
Connecting to 127.0.0.1:8000... connected.
HTTP request sent, awaiting response... 
  HTTP/1.1 200 OK
  Host: 127.0.0.1:8000
  Date: Fri, 07 Nov 2025 12:56:22 GMT
  Connection: close
  Content-Type: text/html; charset=UTF-8
  Content-Length: 758
Length: 758 [text/html]
Saving to: 'docs/book06/top.htm'

     0K                                                       100%  354M=0s

Last-modified header missing -- time-stamps turned off.
2025-11-07 12:56:22 (354 MB/s) - 'docs/book06/top.htm' saved [758/758]

--2025-11-07 12:56:22--  http://127.0.0.1:8000/gb2312/book06/main.htm
Connecting to 127.0.0.1:8000... connected.
HTTP request sent, awaiting response... 
  HTTP/1.1 200 OK
  Host: 127.0.0.1:8000
  Date: Fri, 07 Nov 2025 12:56:22 GMT
  Connection: close
  Content-Type: text/html; charset=UTF-8
  Content-Length: 4409
Length: 4409 (4.3K) [text/html]
Saving to: 'docs/book06/main.htm'

     0K ....                                                  100%  156M=0s

Last-modified header missing -- time-stamps turned off.
2025-11-07 12:56:22 (156 MB/s) - 'docs/book06/main.htm' saved [4409/4409]

--2025-11-07 12:56:22--  http://127.0.0.1:8000/gb2312/book07/corner.htm
Connecting to 127.0.0.1:8000... connected.
HTTP request sent, awaiting response... 
  HTTP/1.1 200 OK
  Host: 127.0.0.1:8000
  Date: Fri, 07 Nov 2025 12:56:22 GMT
  Connection: close
  Content-Type: text/html; charset=UTF-8
  Content-Length: 1039
Length: 1039 (1.0K) [text/html]
Saving to: 'docs/book07/corner.htm'

     0K .                                                     100%  345M=0s

Last-modified header missing -- time-stamps turned off.
2025-11-07 12:56:22 (345 MB/s) - 'docs/book07/corner.htm' saved [1039/1039]

--2025-11-07 12:56:22--  http://127.0.0.1:8000/gb2312/book07/leftframe.htm
Connecting to 127.0.0.1:8000... connected.
HTTP request sent, awaiting response... 
  HTTP/1.1 200 OK
  Host: 127.0.0.1:8000
  Date: Fri, 07 Nov 2025 12:56:22 GMT
  Connection: close
  Content-Type: text/html; charset=UTF-8
  Content-Length: 733
Length: 733 [text/html]
Saving to: 'docs/book07/leftframe.htm'

     0K                                                       100% 18.4M=0s

Last-modified header missing -- time-stamps turned off.
2025-11-07 12:56:22 (18.4 MB/s) - 'docs/book07/leftframe.htm' saved [733/733]

--2025-11-07 12:56:22--  http://127.0.0.1:8000/gb2312/book07/left.htm
Connecting to 127.0.0.1:8000... connected.
HTTP request sent, awaiting response... 
  HTTP/1.1 200 OK
  Host: 127.0.0.1:8000
  Date: Fri, 07 Nov 2025 12:56:22 GMT
  Connection: close
  Content-Type: text/html; charset=UTF-8
  Content-Length: 2227
Length: 2227 (2.2K) [text/html]
Saving to: 'docs/book07/left.htm'

     0K ..                                                    100% 55.4M=0s

Last-modified header missing -- time-stamps turned off.
2025-11-07 12:56:22 (55.4 MB/s) - 'docs/book07/left.htm' saved [2227/2227]

--2025-11-07 12:56:22--  http://127.0.0.1:8000/gb2312/book07/right.htm
Connecting to 127.0.0.1:8000... connected.
HTTP request sent, awaiting response... 
  HTTP/1.1 200 OK
  Host: 127.0.0.1:8000
  Date: Fri, 07 Nov 2025 12:56:22 GMT
  Connection: close
  Content-Type: text/html; charset=UTF-8
  Content-Length: 963
Length: 963 [text/html]
Saving to: 'docs/book07/right.htm'

     0K                                                       100% 58.2M=0s

Last-modified header missing -- time-stamps turned off.
2025-11-07 12:56:22 (58.2 MB/s) - 'docs/book07/right.htm' saved [963/963]

--2025-11-07 12:56:22--  http://127.0.0.1:8000/gb2312/book07/top.htm
Connecting to 127.0.0.1:8000... connected.
HTTP request sent, awaiting response... 
  HTTP/1.1 200 OK
  Host: 127.0.0.1:8000
  Date: Fri, 07 Nov 2025 12:56:22 GMT
  Connection: close
  Content-Type: text/html; charset=UTF-8
  Content-Length: 758
Length: 758 [text/html]
Saving to: 'docs/book07/top.htm'

     0K                                                       100% 45.5M=0s

Last-modified header missing -- time-stamps turned off.
2025-11-07 12:56:22 (45.5 MB/s) - 'docs/book07/top.htm' saved [758/758]

--2025-11-07 12:56:22--  http://127.0.0.1:8000/gb2312/book07/main.htm
Connecting to 127.0.0.1:8000... connected.
HTTP request sent, awaiting response... 
  HTTP/1.1 200 OK
  Host: 127.0.0.1:8000
  Date: Fri, 07 Nov 2025 12:56:22 GMT
  Connection: close
  Content-Type: text/html; charset=UTF-8
  Content-Length: 3892
Length: 3892 (3.8K) [text/html]
Saving to: 'docs/book07/main.htm'

     0K ...                                                   100%  208M=0s

Last-modified header missing -- time-stamps turned off.
2025-11-07 12:56:22 (208 MB/s) - 'docs/book07/main.htm' saved [3892/3892]

--2025-11-07 12:56:22--  http://127.0.0.1:8000/gb2312/book08/corner.htm
Connecting to 127.0.0.1:8000... connected.
HTTP request sent, awaiting response... 
  HTTP/1.1 200 OK
  Host: 127.0.0.1:8000
  Date: Fri, 07 Nov 2025 12:56:22 GMT
  Connection: close
  Content-Type: text/html; charset=UTF-8
  Content-Length: 1039
Length: 1039 (1.0K) [text/html]
Saving to: 'docs/book08/corner.htm'

     0K .                                                     100% 62.4M=0s

Last-modified header missing -- time-stamps turned off.
2025-11-07 12:56:22 (62.4 MB/s) - 'docs/book08/corner.htm' saved [1039/1039]

--2025-11-07 12:56:22--  http://127.0.0.1:8000/gb2312/book08/leftframe.htm
Connecting to 127.0.0.1:8000... connected.
HTTP request sent, awaiting response... 
  HTTP/1.1 200 OK
  Host: 127.0.0.1:8000
  Date: Fri, 07 Nov 2025 12:56:22 GMT
  Connection: close
  Content-Type: text/html; charset=UTF-8
  Content-Length: 733
Length: 733 [text/html]
Saving to: 'docs/book08/leftframe.htm'

     0K                                                       100% 37.4M=0s

Last-modified header missing -- time-stamps turned off.
2025-11-07 12:56:22 (37.4 MB/s) - 'docs/book08/leftframe.htm' saved [733/733]

--2025-11-07 12:56:22--  http://127.0.0.1:8000/gb2312/book08/left.htm
Connecting to 127.0.0.1:8000... connected.
HTTP request sent, awaiting response... 
  HTTP/1.1 200 OK
  Host: 127.0.0.1:8000
  Date: Fri, 07 Nov 2025 12:56:22 GMT
  Connection: close
  Content-Type: text/html; charset=UTF-8
  Content-Length: 2227
Length: 2227 (2.2K) [text/html]
Saving to: 'docs/book08/left.htm'

     0K ..                                                    100%  103M=0s

Last-modified header missing -- time-stamps turned off.
2025-11-07 12:56:22 (103 MB/s) - 'docs/book08/left.htm' saved [2227/2227]

--2025-11-07 12:56:22--  http://127.0.0.1:8000/gb2312/book08/right.htm
Connecting to 127.0.0.1:8000... connected.
HTTP request sent, awaiting response... 
  HTTP/1.1 200 OK
  Host: 127.0.0.1:8000
  Date: Fri, 07 Nov 2025 12:56:22 GMT
  Connection: close
  Content-Type: text/html; charset=UTF-8
  Content-Length: 963
Length: 963 [text/html]
Saving to: 'docs/book08/right.htm'

     0K                                                       100% 48.7M=0s

Last-modified header missing -- time-stamps turned off.
2025-11-07 12:56:22 (48.7 MB/s) - 'docs/book08/right.htm' saved [963/963]

--2025-11-07 12:56:22--  http://127.0.0.1:8000/gb2312/book08/top.htm
Connecting to 127.0.0.1:8000... connected.
HTTP request sent, awaiting response... 
  HTTP/1.1 200 OK
  Host: 127.0.0.1:8000
  Date: Fri, 07 Nov 2025 12:56:22 GMT
  Connection: close
  Content-Type: text/html; charset=UTF-8
  Content-Length: 758
Length: 758 [text/html]
Saving to: 'docs/book08/top.htm'

     0K                                                       100% 30.7M=0s

Last-modified header missing -- time-stamps turned off.
2025-11-07 12:56:22 (30.7 MB/s) - 'docs/book08/top.htm' saved [758/758]

--2025-11-07 12:56:22--  http://127.0.0.1:8000/gb2312/book08/main.htm
Connecting to 127.0.0.1:8000... connected.
HTTP request sent, awaiting response... 
  HTTP/1.1 200 OK
  Host: 127.0.0.1:8000
  Date: Fri, 07 Nov 2025 12:56:22 GMT
  Connection: close
  Content-Type: text/html; charset=UTF-8
  Content-Length: 2685
Length: 2685 (2.6K) [text/html]
Saving to: 'docs/book08/main.htm'

     0K ..                                                    100%  123M=0s

Last-modified header missing -- time-stamps turned off.
2025-11-07 12:56:22 (123 MB/s) - 'docs/book08/main.htm' saved [2685/2685]

--2025-11-07 12:56:22--  http://127.0.0.1:8000/gb2312/book09/corner.htm
Connecting to 127.0.0.1:8000... connected.
HTTP request sent, awaiting response... 
  HTTP/1.1 200 OK
  Host: 127.0.0.1:8000
  Date: Fri, 07 Nov 2025 12:56:22 GMT
  Connection: close
  Content-Type: text/html; charset=UTF-8
  Content-Length: 1047
Length: 1047 (1.0K) [text/html]
Saving to: 'docs/book09/corner.htm'

     0K .                                                     100% 52.7M=0s

Last-modified header missing -- time-stamps turned off.
2025-11-07 12:56:22 (52.7 MB/s) - 'docs/book09/corner.htm' saved [1047/1047]

--2025-11-07 12:56:22--  http://127.0.0.1:8000/gb2312/book09/leftframe.htm
Connecting to 127.0.0.1:8000... connected.
HTTP request sent, awaiting response... 
  HTTP/1.1 200 OK
  Host: 127.0.0.1:8000
  Date: Fri, 07 Nov 2025 12:56:22 GMT
  Connection: close
  Content-Type: text/html; charset=UTF-8
  Content-Length: 733
Length: 733 [text/html]
Saving to: 'docs/book09/leftframe.htm'

     0K                                                       100% 14.8M=0s

Last-modified header missing -- time-stamps turned off.
2025-11-07 12:56:22 (14.8 MB/s) - 'docs/book09/leftframe.htm' saved [733/733]

--2025-11-07 12:56:22--  http://127.0.0.1:8000/gb2312/book09/left.htm
Connecting to 127.0.0.1:8000... connected.
HTTP request sent, awaiting response... 
  HTTP/1.1 200 OK
  Host: 127.0.0.1:8000
  Date: Fri, 07 Nov 2025 12:56:22 GMT
  Connection: close
  Content-Type: text/html; charset=UTF-8
  Content-Length: 2227
Length: 2227 (2.2K) [text/html]
Saving to: 'docs/book09/left.htm'

     0K ..                                                    100%  103M=0s

Last-modified header missing -- time-stamps turned off.
2025-11-07 12:56:22 (103 MB/s) - 'docs/book09/left.htm' saved [2227/2227]

--2025-11-07 12:56:22--  http://127.0.0.1:8000/gb2312/book09/right.htm
Connecting to 127.0.0.1:8000... connected.
HTTP request sent, awaiting response... 
  HTTP/1.1 200 OK
  Host: 127.0.0.1:8000
  Date: Fri, 07 Nov 2025 12:56:22 GMT
  Connection: close
  Content-Type: text/html; charset=UTF-8
  Content-Length: 963
Length: 963 [text/html]
Saving to: 'docs/book09/right.htm'

     0K                                                       100% 48.5M=0s

Last-modified header missing -- time-stamps turned off.
2025-11-07 12:56:22 (48.5 MB/s) - 'docs/book09/right.htm' saved [963/963]

--2025-11-07 12:56:22--  http://127.0.0.1:8000/gb2312/book09/top.htm
Connecting to 127.0.0.1:8000... connected.
HTTP request sent, awaiting response... 
  HTTP/1.1 200 OK
  Host: 127.0.0.1:8000
  Date: Fri, 07 Nov 2025 12:56:22 GMT
  Connection: close
  Content-Type: text/html; charset=UTF-8
  Content-Length: 758
Length: 758 [text/html]
Saving to: 'docs/book09/top.htm'

     0K                                                       100% 38.7M=0s

Last-modified header missing -- time-stamps turned off.
2025-11-07 12:56:22 (38.7 MB/s) - 'docs/book09/top.htm' saved [758/758]

--2025-11-07 12:56:22--  http://127.0.0.1:8000/gb2312/book09/main.htm
Connecting to 127.0.0.1:8000... connected.
HTTP request sent, awaiting response... 
  HTTP/1.1 200 OK
  Host: 127.0.0.1:8000
  Date: Fri, 07 Nov 2025 12:56:22 GMT
  Connection: close
  Content-Type: text/html; charset=UTF-8
  Content-Length: 2220
Length: 2220 (2.2K) [text/html]
Saving to: 'docs/book09/main.htm'

     0K ..                                                    100%  114M=0s

Last-modified header missing -- time-stamps turned off.
2025-11-07 12:56:22 (114 MB/s) - 'docs/book09/main.htm' saved [2220/2220]

--2025-11-07 12:56:22--  http://127.0.0.1:8000/gb2312/book10/corner.htm
Connecting to 127.0.0.1:8000... connected.
HTTP request sent, awaiting response... 
  HTTP/1.1 200 OK
  Host: 127.0.0.1:8000
  Date: Fri, 07 Nov 2025 12:56:22 GMT
  Connection: close
  Content-Type: text/html; charset=UTF-8
  Content-Length: 1040
Length: 1040 (1.0K) [text/html]
Saving to: 'docs/book10/corner.htm'

     0K .                                                     100%  595M=0s

Last-modified header missing -- time-stamps turned off.
2025-11-07 12:56:22 (595 MB/s) - 'docs/book10/corner.htm' saved [1040/1040]

--2025-11-07 12:56:22--  http://127.0.0.1:8000/gb2312/book10/leftframe.htm
Connecting to 127.0.0.1:8000... connected.
HTTP request sent, awaiting response... 
  HTTP/1.1 200 OK
  Host: 127.0.0.1:8000
  Date: Fri, 07 Nov 2025 12:56:22 GMT
  Connection: close
  Content-Type: text/html; charset=UTF-8
  Content-Length: 733
Length: 733 [text/html]
Saving to: 'docs/book10/leftframe.htm'

     0K                                                       100% 48.3M=0s

Last-modified header missing -- time-stamps turned off.
2025-11-07 12:56:22 (48.3 MB/s) - 'docs/book10/leftframe.htm' saved [733/733]

--2025-11-07 12:56:22--  http://127.0.0.1:8000/gb2312/book10/left.htm
Connecting to 127.0.0.1:8000... connected.
HTTP request sent, awaiting response... 
  HTTP/1.1 200 OK
  Host: 127.0.0.1:8000
  Date: Fri, 07 Nov 2025 12:56:22 GMT
  Connection: close
  Content-Type: text/html; charset=UTF-8
  Content-Length: 2229
Length: 2229 (2.2K) [text/html]
Saving to: 'docs/book10/left.htm'

     0K ..                                                    100%  112M=0s

Last-modified header missing -- time-stamps turned off.
2025-11-07 12:56:22 (112 MB/s) - 'docs/book10/left.htm' saved [2229/2229]

--2025-11-07 12:56:22--  http://127.0.0.1:8000/gb2312/book10/right.htm
Connecting to 127.0.0.1:8000... connected.
HTTP request sent, awaiting response... 
  HTTP/1.1 200 OK
  Host: 127.0.0.1:8000
  Date: Fri, 07 Nov 2025 12:56:22 GMT
  Connection: close
  Content-Type: text/html; charset=UTF-8
  Content-Length: 963
Length: 963 [text/html]
Saving to: 'docs/book10/right.htm'

     0K                                                       100% 27.0M=0s

Last-modified header missing -- time-stamps turned off.
2025-11-07 12:56:22 (27.0 MB/s) - 'docs/book10/right.htm' saved [963/963]

--2025-11-07 12:56:22--  http://127.0.0.1:8000/gb2312/book10/top.htm
Connecting to 127.0.0.1:8000... connected.
HTTP request sent, awaiting response... 
  HTTP/1.1 200 OK
  Host: 127.0.0.1:8000
  Date: Fri, 07 Nov 2025 12:56:22 GMT
  Connection: close
  Content-Type: text/html; charset=UTF-8
  Content-Length: 758
Length: 758 [text/html]
Saving to: 'docs/book10/top.htm'

     0K                                                       100%  386M=0s

Last-modified header missing -- time-stamps turned off.
2025-11-07 12:56:22 (386 MB/s) - 'docs/book10/top.htm' saved [758/758]

--2025-11-07 12:56:22--  http://127.0.0.1:8000/gb2312/book10/main.htm
Connecting to 127.0.0.1:8000... connected.
HTTP request sent, awaiting response... 
  HTTP/1.1 200 OK
  Host: 127.0.0.1:8000
  Date: Fri, 07 Nov 2025 12:56:22 GMT
  Connection: close
  Content-Type: text/html; charset=UTF-8
  Content-Length: 2011
Length: 2011 (2.0K) [text/html]
Saving to: 'docs/book10/main.htm'

     0K .                                                     100%  115M=0s

Last-modified header missing -- time-stamps turned off.
2025-11-07 12:56:22 (115 MB/s) - 'docs/book10/main.htm' saved [2011/2011]

--2025-11-07 12:56:22--  http://127.0.0.1:8000/gb2312/link/corner.htm
Connecting to 127.0.0.1:8000... connected.
HTTP request sent, awaiting response... 
  HTTP/1.1 200 OK
  Host: 127.0.0.1:8000
  Date: Fri, 07 Nov 2025 12:56:22 GMT
  Connection: close
  Content-Type: text/html; charset=UTF-8
  Content-Length: 1040
Length: 1040 (1.0K) [text/html]
Saving to: 'docs/link/corner.htm'

     0K .                                                     100% 53.5M=0s

Last-modified header missing -- time-stamps turned off.
2025-11-07 12:56:22 (53.5 MB/s) - 'docs/link/corner.htm' saved [1040/1040]

--2025-11-07 12:56:22--  http://127.0.0.1:8000/gb2312/link/leftframe.htm
Connecting to 127.0.0.1:8000... connected.
HTTP request sent, awaiting response... 
  HTTP/1.1 200 OK
  Host: 127.0.0.1:8000
  Date: Fri, 07 Nov 2025 12:56:22 GMT
  Connection: close
  Content-Type: text/html; charset=UTF-8
  Content-Length: 733
Length: 733 [text/html]
Saving to: 'docs/link/leftframe.htm'

     0K                                                       100% 42.4M=0s

Last-modified header missing -- time-stamps turned off.
2025-11-07 12:56:22 (42.4 MB/s) - 'docs/link/leftframe.htm' saved [733/733]

--2025-11-07 12:56:22--  http://127.0.0.1:8000/gb2312/link/left.htm
Connecting to 127.0.0.1:8000... connected.
HTTP request sent, awaiting response... 
  HTTP/1.1 200 OK
  Host: 127.0.0.1:8000
  Date: Fri, 07 Nov 2025 12:56:22 GMT
  Connection: close
  Content-Type: text/html; charset=UTF-8
  Content-Length: 2546
Length: 2546 (2.5K) [text/html]
Saving to: 'docs/link/left.htm'

     0K ..                                                    100%  118M=0s

Last-modified header missing -- time-stamps turned off.
2025-11-07 12:56:22 (118 MB/s) - 'docs/link/left.htm' saved [2546/2546]

--2025-11-07 12:56:22--  http://127.0.0.1:8000/gb2312/link/right.htm
Connecting to 127.0.0.1:8000... connected.
HTTP request sent, awaiting response... 
  HTTP/1.1 200 OK
  Host: 127.0.0.1:8000
  Date: Fri, 07 Nov 2025 12:56:22 GMT
  Connection: close
  Content-Type: text/html; charset=UTF-8
  Content-Length: 963
Length: 963 [text/html]
Saving to: 'docs/link/right.htm'

     0K                                                       100% 48.2M=0s

Last-modified header missing -- time-stamps turned off.
2025-11-07 12:56:22 (48.2 MB/s) - 'docs/link/right.htm' saved [963/963]

--2025-11-07 12:56:22--  http://127.0.0.1:8000/gb2312/link/top.htm
Connecting to 127.0.0.1:8000... connected.
HTTP request sent, awaiting response... 
  HTTP/1.1 200 OK
  Host: 127.0.0.1:8000
  Date: Fri, 07 Nov 2025 12:56:22 GMT
  Connection: close
  Content-Type: text/html; charset=UTF-8
  Content-Length: 758
Length: 758 [text/html]
Saving to: 'docs/link/top.htm'

     0K                                                       100%  434M=0s

Last-modified header missing -- time-stamps turned off.
2025-11-07 12:56:22 (434 MB/s) - 'docs/link/top.htm' saved [758/758]

--2025-11-07 12:56:22--  http://127.0.0.1:8000/gb2312/link/main.htm
Connecting to 127.0.0.1:8000... connected.
HTTP request sent, awaiting response... 
  HTTP/1.1 200 OK
  Host: 127.0.0.1:8000
  Date: Fri, 07 Nov 2025 12:56:22 GMT
  Connection: close
  Content-Type: text/html; charset=UTF-8
  Content-Length: 4689
Length: 4689 (4.6K) [text/html]
Saving to: 'docs/link/main.htm'

     0K ....                                                  100%  351M=0s

Last-modified header missing -- time-stamps turned off.
2025-11-07 12:56:22 (351 MB/s) - 'docs/link/main.htm' saved [4689/4689]

--2025-11-07 12:56:22--  http://127.0.0.1:8000/image/motive-new2.gif
Connecting to 127.0.0.1:8000... connected.
HTTP request sent, awaiting response... 
  HTTP/1.1 200 OK
  Host: 127.0.0.1:8000
  Date: Fri, 07 Nov 2025 12:56:22 GMT
  Connection: close
  Content-Type: image/gif
  Content-Length: 770
Length: 770 [image/gif]
Saving to: 'docs/motive-new2.gif'

     0K                                                       100%  430M=0s

Last-modified header missing -- time-stamps turned off.
2025-11-07 12:56:22 (430 MB/s) - 'docs/motive-new2.gif' saved [770/770]

--2025-11-07 12:56:22--  http://127.0.0.1:8000/guestbook/index.html
Connecting to 127.0.0.1:8000... connected.
HTTP request sent, awaiting response... 
  HTTP/1.1 200 OK
  Host: 127.0.0.1:8000
  Date: Fri, 07 Nov 2025 12:56:22 GMT
  Connection: close
  Content-Type: text/html; charset=UTF-8
  Content-Length: 1474
Length: 1474 (1.4K) [text/html]
Saving to: 'docs/index.html'

     0K .                                                     100%  964M=0s

Last-modified header missing -- time-stamps turned off.
2025-11-07 12:56:22 (964 MB/s) - 'docs/index.html' saved [1474/1474]

--2025-11-07 12:56:22--  http://127.0.0.1:8000/gb2312/book01/chapter01.htm
Connecting to 127.0.0.1:8000... connected.
HTTP request sent, awaiting response... 
  HTTP/1.1 200 OK
  Host: 127.0.0.1:8000
  Date: Fri, 07 Nov 2025 12:56:22 GMT
  Connection: close
  Content-Type: text/html; charset=UTF-8
  Content-Length: 8047
Length: 8047 (7.9K) [text/html]
Saving to: 'docs/book01/chapter01.htm'

     0K .......                                               100% 3.33G=0s

Last-modified header missing -- time-stamps turned off.
2025-11-07 12:56:22 (3.33 GB/s) - 'docs/book01/chapter01.htm' saved [8047/8047]

--2025-11-07 12:56:22--  http://127.0.0.1:8000/gb2312/book01/chapter02.htm
Connecting to 127.0.0.1:8000... connected.
HTTP request sent, awaiting response... 
  HTTP/1.1 200 OK
  Host: 127.0.0.1:8000
  Date: Fri, 07 Nov 2025 12:56:22 GMT
  Connection: close
  Content-Type: text/html; charset=UTF-8
  Content-Length: 21963
Length: 21963 (21K) [text/html]
Saving to: 'docs/book01/chapter02.htm'

     0K .......... .......... .                               100%  419M=0s

Last-modified header missing -- time-stamps turned off.
2025-11-07 12:56:22 (419 MB/s) - 'docs/book01/chapter02.htm' saved [21963/21963]

--2025-11-07 12:56:22--  http://127.0.0.1:8000/gb2312/book01/chapter03.htm
Connecting to 127.0.0.1:8000... connected.
HTTP request sent, awaiting response... 
  HTTP/1.1 200 OK
  Host: 127.0.0.1:8000
  Date: Fri, 07 Nov 2025 12:56:22 GMT
  Connection: close
  Content-Type: text/html; charset=UTF-8
  Content-Length: 14484
Length: 14484 (14K) [text/html]
Saving to: 'docs/book01/chapter03.htm'

     0K .......... ....                                       100% 6.35G=0s

Last-modified header missing -- time-stamps turned off.
2025-11-07 12:56:22 (6.35 GB/s) - 'docs/book01/chapter03.htm' saved [14484/14484]

--2025-11-07 12:56:22--  http://127.0.0.1:8000/gb2312/book01/chapter04.htm
Connecting to 127.0.0.1:8000... connected.
HTTP request sent, awaiting response... 
  HTTP/1.1 200 OK
  Host: 127.0.0.1:8000
  Date: Fri, 07 Nov 2025 12:56:22 GMT
  Connection: close
  Content-Type: text/html; charset=UTF-8
  Content-Length: 8904
Length: 8904 (8.7K) [text/html]
Saving to: 'docs/book01/chapter04.htm'

     0K ........                                              100%  423M=0s

Last-modified header missing -- time-stamps turned off.
2025-11-07 12:56:22 (423 MB/s) - 'docs/book01/chapter04.htm' saved [8904/8904]

--2025-11-07 12:56:22--  http://127.0.0.1:8000/gb2312/book01/chapter05.htm
Connecting to 127.0.0.1:8000... connected.
HTTP request sent, awaiting response... 
  HTTP/1.1 200 OK
  Host: 127.0.0.1:8000
  Date: Fri, 07 Nov 2025 12:56:22 GMT
  Connection: close
  Content-Type: text/html; charset=UTF-8
  Content-Length: 6593
Length: 6593 (6.4K) [text/html]
Saving to: 'docs/book01/chapter05.htm'

     0K ......                                                100%  319M=0s

Last-modified header missing -- time-stamps turned off.
2025-11-07 12:56:22 (319 MB/s) - 'docs/book01/chapter05.htm' saved [6593/6593]

--2025-11-07 12:56:22--  http://127.0.0.1:8000/gb2312/book01/chapter06.htm
Connecting to 127.0.0.1:8000... connected.
HTTP request sent, awaiting response... 
  HTTP/1.1 200 OK
  Host: 127.0.0.1:8000
  Date: Fri, 07 Nov 2025 12:56:22 GMT
  Connection: close
  Content-Type: text/html; charset=UTF-8
  Content-Length: 11106
Length: 11106 (11K) [text/html]
Saving to: 'docs/book01/chapter06.htm'

     0K ..........                                            100%  407M=0s

Last-modified header missing -- time-stamps turned off.
2025-11-07 12:56:22 (407 MB/s) - 'docs/book01/chapter06.htm' saved [11106/11106]

--2025-11-07 12:56:22--  http://127.0.0.1:8000/gb2312/book01/chapter07.htm
Connecting to 127.0.0.1:8000... connected.
HTTP request sent, awaiting response... 
  HTTP/1.1 200 OK
  Host: 127.0.0.1:8000
  Date: Fri, 07 Nov 2025 12:56:22 GMT
  Connection: close
  Content-Type: text/html; charset=UTF-8
  Content-Length: 15356
Length: 15356 (15K) [text/html]
Saving to: 'docs/book01/chapter07.htm'

     0K .......... ....                                       100%  281M=0s

Last-modified header missing -- time-stamps turned off.
2025-11-07 12:56:22 (281 MB/s) - 'docs/book01/chapter07.htm' saved [15356/15356]

--2025-11-07 12:56:22--  http://127.0.0.1:8000/gb2312/book01/chapter08.htm
Connecting to 127.0.0.1:8000... connected.
HTTP request sent, awaiting response... 
  HTTP/1.1 200 OK
  Host: 127.0.0.1:8000
  Date: Fri, 07 Nov 2025 12:56:22 GMT
  Connection: close
  Content-Type: text/html; charset=UTF-8
  Content-Length: 10031
Length: 10031 (9.8K) [text/html]
Saving to: 'docs/book01/chapter08.htm'

     0K .........                                             100%  286M=0s

Last-modified header missing -- time-stamps turned off.
2025-11-07 12:56:22 (286 MB/s) - 'docs/book01/chapter08.htm' saved [10031/10031]

--2025-11-07 12:56:22--  http://127.0.0.1:8000/gb2312/book01/chapter09.htm
Connecting to 127.0.0.1:8000... connected.
HTTP request sent, awaiting response... 
  HTTP/1.1 200 OK
  Host: 127.0.0.1:8000
  Date: Fri, 07 Nov 2025 12:56:22 GMT
  Connection: close
  Content-Type: text/html; charset=UTF-8
  Content-Length: 5154
Length: 5154 (5.0K) [text/html]
Saving to: 'docs/book01/chapter09.htm'

     0K .....                                                 100% 2.74G=0s

Last-modified header missing -- time-stamps turned off.
2025-11-07 12:56:22 (2.74 GB/s) - 'docs/book01/chapter09.htm' saved [5154/5154]

--2025-11-07 12:56:22--  http://127.0.0.1:8000/gb2312/book01/chapter10.htm
Connecting to 127.0.0.1:8000... connected.
HTTP request sent, awaiting response... 
  HTTP/1.1 200 OK
  Host: 127.0.0.1:8000
  Date: Fri, 07 Nov 2025 12:56:22 GMT
  Connection: close
  Content-Type: text/html; charset=UTF-8
  Content-Length: 6465
Length: 6465 (6.3K) [text/html]
Saving to: 'docs/book01/chapter10.htm'

     0K ......                                                100%  318M=0s

Last-modified header missing -- time-stamps turned off.
2025-11-07 12:56:22 (318 MB/s) - 'docs/book01/chapter10.htm' saved [6465/6465]

--2025-11-07 12:56:22--  http://127.0.0.1:8000/gb2312/book01/chapter11.htm
Connecting to 127.0.0.1:8000... connected.
HTTP request sent, awaiting response... 
  HTTP/1.1 200 OK
  Host: 127.0.0.1:8000
  Date: Fri, 07 Nov 2025 12:56:22 GMT
  Connection: close
  Content-Type: text/html; charset=UTF-8
  Content-Length: 5192
Length: 5192 (5.1K) [text/html]
Saving to: 'docs/book01/chapter11.htm'

     0K .....                                                 100%  246M=0s

Last-modified header missing -- time-stamps turned off.
2025-11-07 12:56:22 (246 MB/s) - 'docs/book01/chapter11.htm' saved [5192/5192]

--2025-11-07 12:56:22--  http://127.0.0.1:8000/gb2312/book01/chapter12.htm
Connecting to 127.0.0.1:8000... connected.
HTTP request sent, awaiting response... 
  HTTP/1.1 200 OK
  Host: 127.0.0.1:8000
  Date: Fri, 07 Nov 2025 12:56:22 GMT
  Connection: close
  Content-Type: text/html; charset=UTF-8
  Content-Length: 7003
Length: 7003 (6.8K) [text/html]
Saving to: 'docs/book01/chapter12.htm'

     0K ......                                                100%  342M=0s

Last-modified header missing -- time-stamps turned off.
2025-11-07 12:56:22 (342 MB/s) - 'docs/book01/chapter12.htm' saved [7003/7003]

--2025-11-07 12:56:22--  http://127.0.0.1:8000/gb2312/book01/chapter13.htm
Connecting to 127.0.0.1:8000... connected.
HTTP request sent, awaiting response... 
  HTTP/1.1 200 OK
  Host: 127.0.0.1:8000
  Date: Fri, 07 Nov 2025 12:56:22 GMT
  Connection: close
  Content-Type: text/html; charset=UTF-8
  Content-Length: 13600
Length: 13600 (13K) [text/html]
Saving to: 'docs/book01/chapter13.htm'

     0K .......... ...                                        100% 4.61G=0s

Last-modified header missing -- time-stamps turned off.
2025-11-07 12:56:22 (4.61 GB/s) - 'docs/book01/chapter13.htm' saved [13600/13600]

--2025-11-07 12:56:22--  http://127.0.0.1:8000/gb2312/book02/chapter00.htm
Connecting to 127.0.0.1:8000... connected.
HTTP request sent, awaiting response... 
  HTTP/1.1 200 OK
  Host: 127.0.0.1:8000
  Date: Fri, 07 Nov 2025 12:56:22 GMT
  Connection: close
  Content-Type: text/html; charset=UTF-8
  Content-Length: 2074
Length: 2074 (2.0K) [text/html]
Saving to: 'docs/book02/chapter00.htm'

     0K ..                                                    100% 38.2M=0s

Last-modified header missing -- time-stamps turned off.
2025-11-07 12:56:22 (38.2 MB/s) - 'docs/book02/chapter00.htm' saved [2074/2074]

--2025-11-07 12:56:22--  http://127.0.0.1:8000/gb2312/book02/chapter01.htm
Connecting to 127.0.0.1:8000... connected.
HTTP request sent, awaiting response... 
  HTTP/1.1 200 OK
  Host: 127.0.0.1:8000
  Date: Fri, 07 Nov 2025 12:56:22 GMT
  Connection: close
  Content-Type: text/html; charset=UTF-8
  Content-Length: 10843
Length: 10843 (11K) [text/html]
Saving to: 'docs/book02/chapter01.htm'

     0K ..........                                            100%  221M=0s

Last-modified header missing -- time-stamps turned off.
2025-11-07 12:56:22 (221 MB/s) - 'docs/book02/chapter01.htm' saved [10843/10843]

--2025-11-07 12:56:22--  http://127.0.0.1:8000/gb2312/book02/chapter02.htm
Connecting to 127.0.0.1:8000... connected.
HTTP request sent, awaiting response... 
  HTTP/1.1 200 OK
  Host: 127.0.0.1:8000
  Date: Fri, 07 Nov 2025 12:56:22 GMT
  Connection: close
  Content-Type: text/html; charset=UTF-8
  Content-Length: 5892
Length: 5892 (5.8K) [text/html]
Saving to: 'docs/book02/chapter02.htm'

     0K .....                                                 100%  285M=0s

Last-modified header missing -- time-stamps turned off.
2025-11-07 12:56:22 (285 MB/s) - 'docs/book02/chapter02.htm' saved [5892/5892]

--2025-11-07 12:56:22--  http://127.0.0.1:8000/gb2312/book02/chapter03.htm
Connecting to 127.0.0.1:8000... connected.
HTTP request sent, awaiting response... 
  HTTP/1.1 200 OK
  Host: 127.0.0.1:8000
  Date: Fri, 07 Nov 2025 12:56:22 GMT
  Connection: close
  Content-Type: text/html; charset=UTF-8
  Content-Length: 4974
Length: 4974 (4.9K) [text/html]
Saving to: 'docs/book02/chapter03.htm'

     0K ....                                                  100%  276M=0s

Last-modified header missing -- time-stamps turned off.
2025-11-07 12:56:22 (276 MB/s) - 'docs/book02/chapter03.htm' saved [4974/4974]

--2025-11-07 12:56:22--  http://127.0.0.1:8000/gb2312/book02/chapter04.htm
Connecting to 127.0.0.1:8000... connected.
HTTP request sent, awaiting response... 
  HTTP/1.1 200 OK
  Host: 127.0.0.1:8000
  Date: Fri, 07 Nov 2025 12:56:22 GMT
  Connection: close
  Content-Type: text/html; charset=UTF-8
  Content-Length: 4809
Length: 4809 (4.7K) [text/html]
Saving to: 'docs/book02/chapter04.htm'

     0K ....                                                  100%  286M=0s

Last-modified header missing -- time-stamps turned off.
2025-11-07 12:56:22 (286 MB/s) - 'docs/book02/chapter04.htm' saved [4809/4809]

--2025-11-07 12:56:22--  http://127.0.0.1:8000/gb2312/book02/chapter05.htm
Connecting to 127.0.0.1:8000... connected.
HTTP request sent, awaiting response... 
  HTTP/1.1 200 OK
  Host: 127.0.0.1:8000
  Date: Fri, 07 Nov 2025 12:56:22 GMT
  Connection: close
  Content-Type: text/html; charset=UTF-8
  Content-Length: 6873
Length: 6873 (6.7K) [text/html]
Saving to: 'docs/book02/chapter05.htm'

     0K ......                                                100% 1.97G=0s

Last-modified header missing -- time-stamps turned off.
2025-11-07 12:56:22 (1.97 GB/s) - 'docs/book02/chapter05.htm' saved [6873/6873]

--2025-11-07 12:56:22--  http://127.0.0.1:8000/gb2312/book02/chapter06.htm
Connecting to 127.0.0.1:8000... connected.
HTTP request sent, awaiting response... 
  HTTP/1.1 200 OK
  Host: 127.0.0.1:8000
  Date: Fri, 07 Nov 2025 12:56:22 GMT
  Connection: close
  Content-Type: text/html; charset=UTF-8
  Content-Length: 5534
Length: 5534 (5.4K) [text/html]
Saving to: 'docs/book02/chapter06.htm'

     0K .....                                                 100% 1.72G=0s

Last-modified header missing -- time-stamps turned off.
2025-11-07 12:56:22 (1.72 GB/s) - 'docs/book02/chapter06.htm' saved [5534/5534]

--2025-11-07 12:56:22--  http://127.0.0.1:8000/gb2312/book02/chapter07.htm
Connecting to 127.0.0.1:8000... connected.
HTTP request sent, awaiting response... 
  HTTP/1.1 200 OK
  Host: 127.0.0.1:8000
  Date: Fri, 07 Nov 2025 12:56:22 GMT
  Connection: close
  Content-Type: text/html; charset=UTF-8
  Content-Length: 2640
Length: 2640 (2.6K) [text/html]
Saving to: 'docs/book02/chapter07.htm'

     0K ..                                                    100%  162M=0s

Last-modified header missing -- time-stamps turned off.
2025-11-07 12:56:22 (162 MB/s) - 'docs/book02/chapter07.htm' saved [2640/2640]

--2025-11-07 12:56:22--  http://127.0.0.1:8000/gb2312/book02/chapter08.htm
Connecting to 127.0.0.1:8000... connected.
HTTP request sent, awaiting response... 
  HTTP/1.1 200 OK
  Host: 127.0.0.1:8000
  Date: Fri, 07 Nov 2025 12:56:22 GMT
  Connection: close
  Content-Type: text/html; charset=UTF-8
  Content-Length: 2607
Length: 2607 (2.5K) [text/html]
Saving to: 'docs/book02/chapter08.htm'

     0K ..                                                    100%  134M=0s

Last-modified header missing -- time-stamps turned off.
2025-11-07 12:56:22 (134 MB/s) - 'docs/book02/chapter08.htm' saved [2607/2607]

--2025-11-07 12:56:22--  http://127.0.0.1:8000/gb2312/book02/chapter09.htm
Connecting to 127.0.0.1:8000... connected.
HTTP request sent, awaiting response... 
  HTTP/1.1 200 OK
  Host: 127.0.0.1:8000
  Date: Fri, 07 Nov 2025 12:56:22 GMT
  Connection: close
  Content-Type: text/html; charset=UTF-8
  Content-Length: 3818
Length: 3818 (3.7K) [text/html]
Saving to: 'docs/book02/chapter09.htm'

     0K ...                                                   100%  238M=0s

Last-modified header missing -- time-stamps turned off.
2025-11-07 12:56:22 (238 MB/s) - 'docs/book02/chapter09.htm' saved [3818/3818]

--2025-11-07 12:56:22--  http://127.0.0.1:8000/gb2312/book02/chapter10.htm
Connecting to 127.0.0.1:8000... connected.
HTTP request sent, awaiting response... 
  HTTP/1.1 200 OK
  Host: 127.0.0.1:8000
  Date: Fri, 07 Nov 2025 12:56:22 GMT
  Connection: close
  Content-Type: text/html; charset=UTF-8
  Content-Length: 7021
Length: 7021 (6.9K) [text/html]
Saving to: 'docs/book02/chapter10.htm'

     0K ......                                                100%  398M=0s

Last-modified header missing -- time-stamps turned off.
2025-11-07 12:56:22 (398 MB/s) - 'docs/book02/chapter10.htm' saved [7021/7021]

--2025-11-07 12:56:22--  http://127.0.0.1:8000/gb2312/book02/chapter11.htm
Connecting to 127.0.0.1:8000... connected.
HTTP request sent, awaiting response... 
  HTTP/1.1 200 OK
  Host: 127.0.0.1:8000
  Date: Fri, 07 Nov 2025 12:56:22 GMT
  Connection: close
  Content-Type: text/html; charset=UTF-8
  Content-Length: 5091
Length: 5091 (5.0K) [text/html]
Saving to: 'docs/book02/chapter11.htm'

     0K ....                                                  100%  330M=0s

Last-modified header missing -- time-stamps turned off.
2025-11-07 12:56:22 (330 MB/s) - 'docs/book02/chapter11.htm' saved [5091/5091]

--2025-11-07 12:56:22--  http://127.0.0.1:8000/gb2312/book02/chapter12.htm
Connecting to 127.0.0.1:8000... connected.
HTTP request sent, awaiting response... 
  HTTP/1.1 200 OK
  Host: 127.0.0.1:8000
  Date: Fri, 07 Nov 2025 12:56:22 GMT
  Connection: close
  Content-Type: text/html; charset=UTF-8
  Content-Length: 2605
Length: 2605 (2.5K) [text/html]
Saving to: 'docs/book02/chapter12.htm'

     0K ..                                                    100%  161M=0s

Last-modified header missing -- time-stamps turned off.
2025-11-07 12:56:22 (161 MB/s) - 'docs/book02/chapter12.htm' saved [2605/2605]

--2025-11-07 12:56:22--  http://127.0.0.1:8000/gb2312/book02/chapter13.htm
Connecting to 127.0.0.1:8000... connected.
HTTP request sent, awaiting response... 
  HTTP/1.1 200 OK
  Host: 127.0.0.1:8000
  Date: Fri, 07 Nov 2025 12:56:22 GMT
  Connection: close
  Content-Type: text/html; charset=UTF-8
  Content-Length: 8814
Length: 8814 (8.6K) [text/html]
Saving to: 'docs/book02/chapter13.htm'

     0K ........                                              100%  327M=0s

Last-modified header missing -- time-stamps turned off.
2025-11-07 12:56:22 (327 MB/s) - 'docs/book02/chapter13.htm' saved [8814/8814]

--2025-11-07 12:56:22--  http://127.0.0.1:8000/gb2312/book02/chapter14.htm
Connecting to 127.0.0.1:8000... connected.
HTTP request sent, awaiting response... 
  HTTP/1.1 200 OK
  Host: 127.0.0.1:8000
  Date: Fri, 07 Nov 2025 12:56:22 GMT
  Connection: close
  Content-Type: text/html; charset=UTF-8
  Content-Length: 5212
Length: 5212 (5.1K) [text/html]
Saving to: 'docs/book02/chapter14.htm'

     0K .....                                                 100%  512M=0s

Last-modified header missing -- time-stamps turned off.
2025-11-07 12:56:22 (512 MB/s) - 'docs/book02/chapter14.htm' saved [5212/5212]

--2025-11-07 12:56:22--  http://127.0.0.1:8000/gb2312/book02/chapter15.htm
Connecting to 127.0.0.1:8000... connected.
HTTP request sent, awaiting response... 
  HTTP/1.1 200 OK
  Host: 127.0.0.1:8000
  Date: Fri, 07 Nov 2025 12:56:22 GMT
  Connection: close
  Content-Type: text/html; charset=UTF-8
  Content-Length: 3875
Length: 3875 (3.8K) [text/html]
Saving to: 'docs/book02/chapter15.htm'

     0K ...                                                   100% 2.16G=0s

Last-modified header missing -- time-stamps turned off.
2025-11-07 12:56:22 (2.16 GB/s) - 'docs/book02/chapter15.htm' saved [3875/3875]

--2025-11-07 12:56:22--  http://127.0.0.1:8000/gb2312/book02/chapter16.htm
Connecting to 127.0.0.1:8000... connected.
HTTP request sent, awaiting response... 
  HTTP/1.1 200 OK
  Host: 127.0.0.1:8000
  Date: Fri, 07 Nov 2025 12:56:22 GMT
  Connection: close
  Content-Type: text/html; charset=UTF-8
  Content-Length: 2651
Length: 2651 (2.6K) [text/html]
Saving to: 'docs/book02/chapter16.htm'

     0K ..                                                    100%  134M=0s

Last-modified header missing -- time-stamps turned off.
2025-11-07 12:56:22 (134 MB/s) - 'docs/book02/chapter16.htm' saved [2651/2651]

--2025-11-07 12:56:22--  http://127.0.0.1:8000/gb2312/book02/chapter17.htm
Connecting to 127.0.0.1:8000... connected.
HTTP request sent, awaiting response... 
  HTTP/1.1 200 OK
  Host: 127.0.0.1:8000
  Date: Fri, 07 Nov 2025 12:56:22 GMT
  Connection: close
  Content-Type: text/html; charset=UTF-8
  Content-Length: 10893
Length: 10893 (11K) [text/html]
Saving to: 'docs/book02/chapter17.htm'

     0K ..........                                            100%  608M=0s

Last-modified header missing -- time-stamps turned off.
2025-11-07 12:56:22 (608 MB/s) - 'docs/book02/chapter17.htm' saved [10893/10893]

--2025-11-07 12:56:22--  http://127.0.0.1:8000/gb2312/book02/chapter18.htm
Connecting to 127.0.0.1:8000... connected.
HTTP request sent, awaiting response... 
  HTTP/1.1 200 OK
  Host: 127.0.0.1:8000
  Date: Fri, 07 Nov 2025 12:56:22 GMT
  Connection: close
  Content-Type: text/html; charset=UTF-8
  Content-Length: 7804
Length: 7804 (7.6K) [text/html]
Saving to: 'docs/book02/chapter18.htm'

     0K .......                                               100%  483M=0s

Last-modified header missing -- time-stamps turned off.
2025-11-07 12:56:22 (483 MB/s) - 'docs/book02/chapter18.htm' saved [7804/7804]

--2025-11-07 12:56:22--  http://127.0.0.1:8000/gb2312/book02/chapter19.htm
Connecting to 127.0.0.1:8000... connected.
HTTP request sent, awaiting response... 
  HTTP/1.1 200 OK
  Host: 127.0.0.1:8000
  Date: Fri, 07 Nov 2025 12:56:22 GMT
  Connection: close
  Content-Type: text/html; charset=UTF-8
  Content-Length: 3906
Length: 3906 (3.8K) [text/html]
Saving to: 'docs/book02/chapter19.htm'

     0K ...                                                   100% 2.24G=0s

Last-modified header missing -- time-stamps turned off.
2025-11-07 12:56:22 (2.24 GB/s) - 'docs/book02/chapter19.htm' saved [3906/3906]

--2025-11-07 12:56:22--  http://127.0.0.1:8000/gb2312/book02/chapter20.htm
Connecting to 127.0.0.1:8000... connected.
HTTP request sent, awaiting response... 
  HTTP/1.1 200 OK
  Host: 127.0.0.1:8000
  Date: Fri, 07 Nov 2025 12:56:22 GMT
  Connection: close
  Content-Type: text/html; charset=UTF-8
  Content-Length: 4587
Length: 4587 (4.5K) [text/html]
Saving to: 'docs/book02/chapter20.htm'

     0K ....                                                  100%  217M=0s

Last-modified header missing -- time-stamps turned off.
2025-11-07 12:56:22 (217 MB/s) - 'docs/book02/chapter20.htm' saved [4587/4587]

--2025-11-07 12:56:22--  http://127.0.0.1:8000/gb2312/book02/chapter21.htm
Connecting to 127.0.0.1:8000... connected.
HTTP request sent, awaiting response... 
  HTTP/1.1 200 OK
  Host: 127.0.0.1:8000
  Date: Fri, 07 Nov 2025 12:56:22 GMT
  Connection: close
  Content-Type: text/html; charset=UTF-8
  Content-Length: 2708
Length: 2708 (2.6K) [text/html]
Saving to: 'docs/book02/chapter21.htm'

     0K ..                                                    100% 79.0M=0s

Last-modified header missing -- time-stamps turned off.
2025-11-07 12:56:22 (79.0 MB/s) - 'docs/book02/chapter21.htm' saved [2708/2708]

--2025-11-07 12:56:22--  http://127.0.0.1:8000/gb2312/book02/chapter22.htm
Connecting to 127.0.0.1:8000... connected.
HTTP request sent, awaiting response... 
  HTTP/1.1 200 OK
  Host: 127.0.0.1:8000
  Date: Fri, 07 Nov 2025 12:56:22 GMT
  Connection: close
  Content-Type: text/html; charset=UTF-8
  Content-Length: 6826
Length: 6826 (6.7K) [text/html]
Saving to: 'docs/book02/chapter22.htm'

     0K ......                                                100% 2.28G=0s

Last-modified header missing -- time-stamps turned off.
2025-11-07 12:56:22 (2.28 GB/s) - 'docs/book02/chapter22.htm' saved [6826/6826]

--2025-11-07 12:56:22--  http://127.0.0.1:8000/gb2312/book02/chapter23.htm
Connecting to 127.0.0.1:8000... connected.
HTTP request sent, awaiting response... 
  HTTP/1.1 200 OK
  Host: 127.0.0.1:8000
  Date: Fri, 07 Nov 2025 12:56:22 GMT
  Connection: close
  Content-Type: text/html; charset=UTF-8
  Content-Length: 14011
Length: 14011 (14K) [text/html]
Saving to: 'docs/book02/chapter23.htm'

     0K .......... ...                                        100%  462M=0s

Last-modified header missing -- time-stamps turned off.
2025-11-07 12:56:22 (462 MB/s) - 'docs/book02/chapter23.htm' saved [14011/14011]

--2025-11-07 12:56:22--  http://127.0.0.1:8000/gb2312/book02/chapter24.htm
Connecting to 127.0.0.1:8000... connected.
HTTP request sent, awaiting response... 
  HTTP/1.1 200 OK
  Host: 127.0.0.1:8000
  Date: Fri, 07 Nov 2025 12:56:22 GMT
  Connection: close
  Content-Type: text/html; charset=UTF-8
  Content-Length: 1785
Length: 1785 (1.7K) [text/html]
Saving to: 'docs/book02/chapter24.htm'

     0K .                                                     100% 1.08G=0s

Last-modified header missing -- time-stamps turned off.
2025-11-07 12:56:22 (1.08 GB/s) - 'docs/book02/chapter24.htm' saved [1785/1785]

--2025-11-07 12:56:22--  http://127.0.0.1:8000/gb2312/book02/chapter25.htm
Connecting to 127.0.0.1:8000... connected.
HTTP request sent, awaiting response... 
  HTTP/1.1 200 OK
  Host: 127.0.0.1:8000
  Date: Fri, 07 Nov 2025 12:56:22 GMT
  Connection: close
  Content-Type: text/html; charset=UTF-8
  Content-Length: 9908
Length: 9908 (9.7K) [text/html]
Saving to: 'docs/book02/chapter25.htm'

     0K .........                                             100%  561M=0s

Last-modified header missing -- time-stamps turned off.
2025-11-07 12:56:22 (561 MB/s) - 'docs/book02/chapter25.htm' saved [9908/9908]

--2025-11-07 12:56:22--  http://127.0.0.1:8000/gb2312/book02/chapter26.htm
Connecting to 127.0.0.1:8000... connected.
HTTP request sent, awaiting response... 
  HTTP/1.1 200 OK
  Host: 127.0.0.1:8000
  Date: Fri, 07 Nov 2025 12:56:22 GMT
  Connection: close
  Content-Type: text/html; charset=UTF-8
  Content-Length: 3232
Length: 3232 (3.2K) [text/html]
Saving to: 'docs/book02/chapter26.htm'

     0K ...                                                   100%  197M=0s

Last-modified header missing -- time-stamps turned off.
2025-11-07 12:56:22 (197 MB/s) - 'docs/book02/chapter26.htm' saved [3232/3232]

--2025-11-07 12:56:22--  http://127.0.0.1:8000/gb2312/book03/chapter01.htm
Connecting to 127.0.0.1:8000... connected.
HTTP request sent, awaiting response... 
  HTTP/1.1 200 OK
  Host: 127.0.0.1:8000
  Date: Fri, 07 Nov 2025 12:56:22 GMT
  Connection: close
  Content-Type: text/html; charset=UTF-8
  Content-Length: 4376
Length: 4376 (4.3K) [text/html]
Saving to: 'docs/book03/chapter01.htm'

     0K ....                                                  100%  220M=0s

Last-modified header missing -- time-stamps turned off.
2025-11-07 12:56:22 (220 MB/s) - 'docs/book03/chapter01.htm' saved [4376/4376]

--2025-11-07 12:56:22--  http://127.0.0.1:8000/gb2312/book03/chapter02.htm
Connecting to 127.0.0.1:8000... connected.
HTTP request sent, awaiting response... 
  HTTP/1.1 200 OK
  Host: 127.0.0.1:8000
  Date: Fri, 07 Nov 2025 12:56:22 GMT
  Connection: close
  Content-Type: text/html; charset=UTF-8
  Content-Length: 3181
Length: 3181 (3.1K) [text/html]
Saving to: 'docs/book03/chapter02.htm'

     0K ...                                                   100%  200M=0s

Last-modified header missing -- time-stamps turned off.
2025-11-07 12:56:22 (200 MB/s) - 'docs/book03/chapter02.htm' saved [3181/3181]

--2025-11-07 12:56:22--  http://127.0.0.1:8000/gb2312/book03/chapter03.htm
Connecting to 127.0.0.1:8000... connected.
HTTP request sent, awaiting response... 
  HTTP/1.1 200 OK
  Host: 127.0.0.1:8000
  Date: Fri, 07 Nov 2025 12:56:22 GMT
  Connection: close
  Content-Type: text/html; charset=UTF-8
  Content-Length: 9811
Length: 9811 (9.6K) [text/html]
Saving to: 'docs/book03/chapter03.htm'

     0K .........                                             100%  307M=0s

Last-modified header missing -- time-stamps turned off.
2025-11-07 12:56:22 (307 MB/s) - 'docs/book03/chapter03.htm' saved [9811/9811]

--2025-11-07 12:56:22--  http://127.0.0.1:8000/gb2312/book03/chapter04.htm
Connecting to 127.0.0.1:8000... connected.
HTTP request sent, awaiting response... 
  HTTP/1.1 200 OK
  Host: 127.0.0.1:8000
  Date: Fri, 07 Nov 2025 12:56:22 GMT
  Connection: close
  Content-Type: text/html; charset=UTF-8
  Content-Length: 9863
Length: 9863 (9.6K) [text/html]
Saving to: 'docs/book03/chapter04.htm'

     0K .........                                             100% 4.41G=0s

Last-modified header missing -- time-stamps turned off.
2025-11-07 12:56:22 (4.41 GB/s) - 'docs/book03/chapter04.htm' saved [9863/9863]

--2025-11-07 12:56:22--  http://127.0.0.1:8000/gb2312/book03/chapter05.htm
Connecting to 127.0.0.1:8000... connected.
HTTP request sent, awaiting response... 
  HTTP/1.1 200 OK
  Host: 127.0.0.1:8000
  Date: Fri, 07 Nov 2025 12:56:22 GMT
  Connection: close
  Content-Type: text/html; charset=UTF-8
  Content-Length: 4451
Length: 4451 (4.3K) [text/html]
Saving to: 'docs/book03/chapter05.htm'

     0K ....                                                  100%  276M=0s

Last-modified header missing -- time-stamps turned off.
2025-11-07 12:56:22 (276 MB/s) - 'docs/book03/chapter05.htm' saved [4451/4451]

--2025-11-07 12:56:22--  http://127.0.0.1:8000/gb2312/book03/chapter06.htm
Connecting to 127.0.0.1:8000... connected.
HTTP request sent, awaiting response... 
  HTTP/1.1 200 OK
  Host: 127.0.0.1:8000
  Date: Fri, 07 Nov 2025 12:56:22 GMT
  Connection: close
  Content-Type: text/html; charset=UTF-8
  Content-Length: 11698
Length: 11698 (11K) [text/html]
Saving to: 'docs/book03/chapter06.htm'

     0K .......... .                                          100%  591M=0s

Last-modified header missing -- time-stamps turned off.
2025-11-07 12:56:22 (591 MB/s) - 'docs/book03/chapter06.htm' saved [11698/11698]

--2025-11-07 12:56:22--  http://127.0.0.1:8000/gb2312/book03/chapter07.htm
Connecting to 127.0.0.1:8000... connected.
HTTP request sent, awaiting response... 
  HTTP/1.1 200 OK
  Host: 127.0.0.1:8000
  Date: Fri, 07 Nov 2025 12:56:22 GMT
  Connection: close
  Content-Type: text/html; charset=UTF-8
  Content-Length: 5121
Length: 5121 (5.0K) [text/html]
Saving to: 'docs/book03/chapter07.htm'

     0K .....                                                 100%  320M=0s

Last-modified header missing -- time-stamps turned off.
2025-11-07 12:56:22 (320 MB/s) - 'docs/book03/chapter07.htm' saved [5121/5121]

--2025-11-07 12:56:22--  http://127.0.0.1:8000/gb2312/book03/chapter08.htm
Connecting to 127.0.0.1:8000... connected.
HTTP request sent, awaiting response... 
  HTTP/1.1 200 OK
  Host: 127.0.0.1:8000
  Date: Fri, 07 Nov 2025 12:56:22 GMT
  Connection: close
  Content-Type: text/html; charset=UTF-8
  Content-Length: 5771
Length: 5771 (5.6K) [text/html]
Saving to: 'docs/book03/chapter08.htm'

     0K .....                                                 100%  273M=0s

Last-modified header missing -- time-stamps turned off.
2025-11-07 12:56:22 (273 MB/s) - 'docs/book03/chapter08.htm' saved [5771/5771]

--2025-11-07 12:56:22--  http://127.0.0.1:8000/gb2312/book03/chapter09.htm
Connecting to 127.0.0.1:8000... connected.
HTTP request sent, awaiting response... 
  HTTP/1.1 200 OK
  Host: 127.0.0.1:8000
  Date: Fri, 07 Nov 2025 12:56:22 GMT
  Connection: close
  Content-Type: text/html; charset=UTF-8
  Content-Length: 4249
Length: 4249 (4.1K) [text/html]
Saving to: 'docs/book03/chapter09.htm'

     0K ....                                                  100%  190M=0s

Last-modified header missing -- time-stamps turned off.
2025-11-07 12:56:22 (190 MB/s) - 'docs/book03/chapter09.htm' saved [4249/4249]

--2025-11-07 12:56:22--  http://127.0.0.1:8000/gb2312/book03/chapter10.htm
Connecting to 127.0.0.1:8000... connected.
HTTP request sent, awaiting response... 
  HTTP/1.1 200 OK
  Host: 127.0.0.1:8000
  Date: Fri, 07 Nov 2025 12:56:22 GMT
  Connection: close
  Content-Type: text/html; charset=UTF-8
  Content-Length: 6932
Length: 6932 (6.8K) [text/html]
Saving to: 'docs/book03/chapter10.htm'

     0K ......                                                100%  279M=0s

Last-modified header missing -- time-stamps turned off.
2025-11-07 12:56:22 (279 MB/s) - 'docs/book03/chapter10.htm' saved [6932/6932]

--2025-11-07 12:56:22--  http://127.0.0.1:8000/gb2312/book03/chapter11.htm
Connecting to 127.0.0.1:8000... connected.
HTTP request sent, awaiting response... 
  HTTP/1.1 200 OK
  Host: 127.0.0.1:8000
  Date: Fri, 07 Nov 2025 12:56:22 GMT
  Connection: close
  Content-Type: text/html; charset=UTF-8
  Content-Length: 2313
Length: 2313 (2.3K) [text/html]
Saving to: 'docs/book03/chapter11.htm'

     0K ..                                                    100%  155M=0s

Last-modified header missing -- time-stamps turned off.
2025-11-07 12:56:22 (155 MB/s) - 'docs/book03/chapter11.htm' saved [2313/2313]

--2025-11-07 12:56:22--  http://127.0.0.1:8000/gb2312/book03/chapter12.htm
Connecting to 127.0.0.1:8000... connected.
HTTP request sent, awaiting response... 
  HTTP/1.1 200 OK
  Host: 127.0.0.1:8000
  Date: Fri, 07 Nov 2025 12:56:22 GMT
  Connection: close
  Content-Type: text/html; charset=UTF-8
  Content-Length: 1912
Length: 1912 (1.9K) [text/html]
Saving to: 'docs/book03/chapter12.htm'

     0K .                                                     100%  120M=0s

Last-modified header missing -- time-stamps turned off.
2025-11-07 12:56:22 (120 MB/s) - 'docs/book03/chapter12.htm' saved [1912/1912]

--2025-11-07 12:56:22--  http://127.0.0.1:8000/gb2312/book03/chapter13.htm
Connecting to 127.0.0.1:8000... connected.
HTTP request sent, awaiting response... 
  HTTP/1.1 200 OK
  Host: 127.0.0.1:8000
  Date: Fri, 07 Nov 2025 12:56:22 GMT
  Connection: close
  Content-Type: text/html; charset=UTF-8
  Content-Length: 1950
Length: 1950 (1.9K) [text/html]
Saving to: 'docs/book03/chapter13.htm'

     0K .                                                     100% 70.1M=0s

Last-modified header missing -- time-stamps turned off.
2025-11-07 12:56:22 (70.1 MB/s) - 'docs/book03/chapter13.htm' saved [1950/1950]

--2025-11-07 12:56:22--  http://127.0.0.1:8000/gb2312/book03/chapter14.htm
Connecting to 127.0.0.1:8000... connected.
HTTP request sent, awaiting response... 
  HTTP/1.1 200 OK
  Host: 127.0.0.1:8000
  Date: Fri, 07 Nov 2025 12:56:22 GMT
  Connection: close
  Content-Type: text/html; charset=UTF-8
  Content-Length: 1913
Length: 1913 (1.9K) [text/html]
Saving to: 'docs/book03/chapter14.htm'

     0K .                                                     100% 1.19G=0s

Last-modified header missing -- time-stamps turned off.
2025-11-07 12:56:22 (1.19 GB/s) - 'docs/book03/chapter14.htm' saved [1913/1913]

--2025-11-07 12:56:22--  http://127.0.0.1:8000/gb2312/book03/chapter15.htm
Connecting to 127.0.0.1:8000... connected.
HTTP request sent, awaiting response... 
  HTTP/1.1 200 OK
  Host: 127.0.0.1:8000
  Date: Fri, 07 Nov 2025 12:56:22 GMT
  Connection: close
  Content-Type: text/html; charset=UTF-8
  Content-Length: 1993
Length: 1993 (1.9K) [text/html]
Saving to: 'docs/book03/chapter15.htm'

     0K .                                                     100%  123M=0s

Last-modified header missing -- time-stamps turned off.
2025-11-07 12:56:22 (123 MB/s) - 'docs/book03/chapter15.htm' saved [1993/1993]

--2025-11-07 12:56:22--  http://127.0.0.1:8000/gb2312/book03/chapter16.htm
Connecting to 127.0.0.1:8000... connected.
HTTP request sent, awaiting response... 
  HTTP/1.1 200 OK
  Host: 127.0.0.1:8000
  Date: Fri, 07 Nov 2025 12:56:22 GMT
  Connection: close
  Content-Type: text/html; charset=UTF-8
  Content-Length: 2467
Length: 2467 (2.4K) [text/html]
Saving to: 'docs/book03/chapter16.htm'

     0K ..                                                    100%  125M=0s

Last-modified header missing -- time-stamps turned off.
2025-11-07 12:56:22 (125 MB/s) - 'docs/book03/chapter16.htm' saved [2467/2467]

--2025-11-07 12:56:22--  http://127.0.0.1:8000/gb2312/book03/chapter17.htm
Connecting to 127.0.0.1:8000... connected.
HTTP request sent, awaiting response... 
  HTTP/1.1 200 OK
  Host: 127.0.0.1:8000
  Date: Fri, 07 Nov 2025 12:56:22 GMT
  Connection: close
  Content-Type: text/html; charset=UTF-8
  Content-Length: 2515
Length: 2515 (2.5K) [text/html]
Saving to: 'docs/book03/chapter17.htm'

     0K ..                                                    100%  131M=0s

Last-modified header missing -- time-stamps turned off.
2025-11-07 12:56:22 (131 MB/s) - 'docs/book03/chapter17.htm' saved [2515/2515]

--2025-11-07 12:56:22--  http://127.0.0.1:8000/gb2312/book03/chapter18.htm
Connecting to 127.0.0.1:8000... connected.
HTTP request sent, awaiting response... 
  HTTP/1.1 200 OK
  Host: 127.0.0.1:8000
  Date: Fri, 07 Nov 2025 12:56:22 GMT
  Connection: close
  Content-Type: text/html; charset=UTF-8
  Content-Length: 3354
Length: 3354 (3.3K) [text/html]
Saving to: 'docs/book03/chapter18.htm'

     0K ...                                                   100% 1.10G=0s

Last-modified header missing -- time-stamps turned off.
2025-11-07 12:56:22 (1.10 GB/s) - 'docs/book03/chapter18.htm' saved [3354/3354]

--2025-11-07 12:56:22--  http://127.0.0.1:8000/gb2312/book03/chapter19.htm
Connecting to 127.0.0.1:8000... connected.
HTTP request sent, awaiting response... 
  HTTP/1.1 200 OK
  Host: 127.0.0.1:8000
  Date: Fri, 07 Nov 2025 12:56:22 GMT
  Connection: close
  Content-Type: text/html; charset=UTF-8
  Content-Length: 1956
Length: 1956 (1.9K) [text/html]
Saving to: 'docs/book03/chapter19.htm'

     0K .                                                     100% 1.12G=0s

Last-modified header missing -- time-stamps turned off.
2025-11-07 12:56:22 (1.12 GB/s) - 'docs/book03/chapter19.htm' saved [1956/1956]

--2025-11-07 12:56:22--  http://127.0.0.1:8000/gb2312/book03/chapter20.htm
Connecting to 127.0.0.1:8000... connected.
HTTP request sent, awaiting response... 
  HTTP/1.1 200 OK
  Host: 127.0.0.1:8000
  Date: Fri, 07 Nov 2025 12:56:22 GMT
  Connection: close
  Content-Type: text/html; charset=UTF-8
  Content-Length: 4771
Length: 4771 (4.7K) [text/html]
Saving to: 'docs/book03/chapter20.htm'

     0K ....                                                  100%  287M=0s

Last-modified header missing -- time-stamps turned off.
2025-11-07 12:56:22 (287 MB/s) - 'docs/book03/chapter20.htm' saved [4771/4771]

--2025-11-07 12:56:22--  http://127.0.0.1:8000/gb2312/book03/chapter21.htm
Connecting to 127.0.0.1:8000... connected.
HTTP request sent, awaiting response... 
  HTTP/1.1 200 OK
  Host: 127.0.0.1:8000
  Date: Fri, 07 Nov 2025 12:56:22 GMT
  Connection: close
  Content-Type: text/html; charset=UTF-8
  Content-Length: 2311
Length: 2311 (2.3K) [text/html]
Saving to: 'docs/book03/chapter21.htm'

     0K ..                                                    100% 1.29G=0s

Last-modified header missing -- time-stamps turned off.
2025-11-07 12:56:22 (1.29 GB/s) - 'docs/book03/chapter21.htm' saved [2311/2311]

--2025-11-07 12:56:22--  http://127.0.0.1:8000/gb2312/book03/chapter22.htm
Connecting to 127.0.0.1:8000... connected.
HTTP request sent, awaiting response... 
  HTTP/1.1 200 OK
  Host: 127.0.0.1:8000
  Date: Fri, 07 Nov 2025 12:56:22 GMT
  Connection: close
  Content-Type: text/html; charset=UTF-8
  Content-Length: 2278
Length: 2278 (2.2K) [text/html]
Saving to: 'docs/book03/chapter22.htm'

     0K ..                                                    100%  152M=0s

Last-modified header missing -- time-stamps turned off.
2025-11-07 12:56:22 (152 MB/s) - 'docs/book03/chapter22.htm' saved [2278/2278]

--2025-11-07 12:56:22--  http://127.0.0.1:8000/gb2312/book03/chapter23.htm
Connecting to 127.0.0.1:8000... connected.
HTTP request sent, awaiting response... 
  HTTP/1.1 200 OK
  Host: 127.0.0.1:8000
  Date: Fri, 07 Nov 2025 12:56:22 GMT
  Connection: close
  Content-Type: text/html; charset=UTF-8
  Content-Length: 9382
Length: 9382 (9.2K) [text/html]
Saving to: 'docs/book03/chapter23.htm'

     0K .........                                             100%  516M=0s

Last-modified header missing -- time-stamps turned off.
2025-11-07 12:56:22 (516 MB/s) - 'docs/book03/chapter23.htm' saved [9382/9382]

--2025-11-07 12:56:22--  http://127.0.0.1:8000/gb2312/book03/chapter24.htm
Connecting to 127.0.0.1:8000... connected.
HTTP request sent, awaiting response... 
  HTTP/1.1 200 OK
  Host: 127.0.0.1:8000
  Date: Fri, 07 Nov 2025 12:56:22 GMT
  Connection: close
  Content-Type: text/html; charset=UTF-8
  Content-Length: 13238
Length: 13238 (13K) [text/html]
Saving to: 'docs/book03/chapter24.htm'

     0K .......... ..                                         100%  720M=0s

Last-modified header missing -- time-stamps turned off.
2025-11-07 12:56:22 (720 MB/s) - 'docs/book03/chapter24.htm' saved [13238/13238]

--2025-11-07 12:56:22--  http://127.0.0.1:8000/gb2312/book03/chapter25.htm
Connecting to 127.0.0.1:8000... connected.
HTTP request sent, awaiting response... 
  HTTP/1.1 200 OK
  Host: 127.0.0.1:8000
  Date: Fri, 07 Nov 2025 12:56:22 GMT
  Connection: close
  Content-Type: text/html; charset=UTF-8
  Content-Length: 7978
Length: 7978 (7.8K) [text/html]
Saving to: 'docs/book03/chapter25.htm'

     0K .......                                               100% 2.41G=0s

Last-modified header missing -- time-stamps turned off.
2025-11-07 12:56:22 (2.41 GB/s) - 'docs/book03/chapter25.htm' saved [7978/7978]

--2025-11-07 12:56:22--  http://127.0.0.1:8000/gb2312/book03/chapter26.htm
Connecting to 127.0.0.1:8000... connected.
HTTP request sent, awaiting response... 
  HTTP/1.1 200 OK
  Host: 127.0.0.1:8000
  Date: Fri, 07 Nov 2025 12:56:22 GMT
  Connection: close
  Content-Type: text/html; charset=UTF-8
  Content-Length: 3149
Length: 3149 (3.1K) [text/html]
Saving to: 'docs/book03/chapter26.htm'

     0K ...                                                   100% 1.60G=0s

Last-modified header missing -- time-stamps turned off.
2025-11-07 12:56:22 (1.60 GB/s) - 'docs/book03/chapter26.htm' saved [3149/3149]

--2025-11-07 12:56:22--  http://127.0.0.1:8000/gb2312/book03/chapter27.htm
Connecting to 127.0.0.1:8000... connected.
HTTP request sent, awaiting response... 
  HTTP/1.1 200 OK
  Host: 127.0.0.1:8000
  Date: Fri, 07 Nov 2025 12:56:22 GMT
  Connection: close
  Content-Type: text/html; charset=UTF-8
  Content-Length: 5321
Length: 5321 (5.2K) [text/html]
Saving to: 'docs/book03/chapter27.htm'

     0K .....                                                 100%  266M=0s

Last-modified header missing -- time-stamps turned off.
2025-11-07 12:56:22 (266 MB/s) - 'docs/book03/chapter27.htm' saved [5321/5321]

--2025-11-07 12:56:22--  http://127.0.0.1:8000/gb2312/book03/chapter28.htm
Connecting to 127.0.0.1:8000... connected.
HTTP request sent, awaiting response... 
  HTTP/1.1 200 OK
  Host: 127.0.0.1:8000
  Date: Fri, 07 Nov 2025 12:56:22 GMT
  Connection: close
  Content-Type: text/html; charset=UTF-8
  Content-Length: 5268
Length: 5268 (5.1K) [text/html]
Saving to: 'docs/book03/chapter28.htm'

     0K .....                                                 100%  253M=0s

Last-modified header missing -- time-stamps turned off.
2025-11-07 12:56:22 (253 MB/s) - 'docs/book03/chapter28.htm' saved [5268/5268]

--2025-11-07 12:56:22--  http://127.0.0.1:8000/gb2312/book03/chapter29.htm
Connecting to 127.0.0.1:8000... connected.
HTTP request sent, awaiting response... 
  HTTP/1.1 200 OK
  Host: 127.0.0.1:8000
  Date: Fri, 07 Nov 2025 12:56:22 GMT
  Connection: close
  Content-Type: text/html; charset=UTF-8
  Content-Length: 4150
Length: 4150 (4.1K) [text/html]
Saving to: 'docs/book03/chapter29.htm'

     0K ....                                                  100%  208M=0s

Last-modified header missing -- time-stamps turned off.
2025-11-07 12:56:22 (208 MB/s) - 'docs/book03/chapter29.htm' saved [4150/4150]

--2025-11-07 12:56:22--  http://127.0.0.1:8000/gb2312/book03/chapter30.htm
Connecting to 127.0.0.1:8000... connected.
HTTP request sent, awaiting response... 
  HTTP/1.1 200 OK
  Host: 127.0.0.1:8000
  Date: Fri, 07 Nov 2025 12:56:22 GMT
  Connection: close
  Content-Type: text/html; charset=UTF-8
  Content-Length: 3730
Length: 3730 (3.6K) [text/html]
Saving to: 'docs/book03/chapter30.htm'

     0K ...                                                   100%  102M=0s

Last-modified header missing -- time-stamps turned off.
2025-11-07 12:56:22 (102 MB/s) - 'docs/book03/chapter30.htm' saved [3730/3730]

--2025-11-07 12:56:22--  http://127.0.0.1:8000/gb2312/book03/chapter31.htm
Connecting to 127.0.0.1:8000... connected.
HTTP request sent, awaiting response... 
  HTTP/1.1 200 OK
  Host: 127.0.0.1:8000
  Date: Fri, 07 Nov 2025 12:56:22 GMT
  Connection: close
  Content-Type: text/html; charset=UTF-8
  Content-Length: 3876
Length: 3876 (3.8K) [text/html]
Saving to: 'docs/book03/chapter31.htm'

     0K ...                                                   100%  256M=0s

Last-modified header missing -- time-stamps turned off.
2025-11-07 12:56:22 (256 MB/s) - 'docs/book03/chapter31.htm' saved [3876/3876]

--2025-11-07 12:56:22--  http://127.0.0.1:8000/gb2312/book03/chapter32.htm
Connecting to 127.0.0.1:8000... connected.
HTTP request sent, awaiting response... 
  HTTP/1.1 200 OK
  Host: 127.0.0.1:8000
  Date: Fri, 07 Nov 2025 12:56:22 GMT
  Connection: close
  Content-Type: text/html; charset=UTF-8
  Content-Length: 5289
Length: 5289 (5.2K) [text/html]
Saving to: 'docs/book03/chapter32.htm'

     0K .....                                                 100%  263M=0s

Last-modified header missing -- time-stamps turned off.
2025-11-07 12:56:22 (263 MB/s) - 'docs/book03/chapter32.htm' saved [5289/5289]

--2025-11-07 12:56:22--  http://127.0.0.1:8000/gb2312/book03/chapter33.htm
Connecting to 127.0.0.1:8000... connected.
HTTP request sent, awaiting response... 
  HTTP/1.1 200 OK
  Host: 127.0.0.1:8000
  Date: Fri, 07 Nov 2025 12:56:22 GMT
  Connection: close
  Content-Type: text/html; charset=UTF-8
  Content-Length: 4422
Length: 4422 (4.3K) [text/html]
Saving to: 'docs/book03/chapter33.htm'

     0K ....                                                  100%  286M=0s

Last-modified header missing -- time-stamps turned off.
2025-11-07 12:56:22 (286 MB/s) - 'docs/book03/chapter33.htm' saved [4422/4422]

--2025-11-07 12:56:22--  http://127.0.0.1:8000/gb2312/book03/chapter34.htm
Connecting to 127.0.0.1:8000... connected.
HTTP request sent, awaiting response... 
  HTTP/1.1 200 OK
  Host: 127.0.0.1:8000
  Date: Fri, 07 Nov 2025 12:56:22 GMT
  Connection: close
  Content-Type: text/html; charset=UTF-8
  Content-Length: 1897
Length: 1897 (1.9K) [text/html]
Saving to: 'docs/book03/chapter34.htm'

     0K .                                                     100%  120M=0s

Last-modified header missing -- time-stamps turned off.
2025-11-07 12:56:22 (120 MB/s) - 'docs/book03/chapter34.htm' saved [1897/1897]

--2025-11-07 12:56:22--  http://127.0.0.1:8000/gb2312/book03/chapter35.htm
Connecting to 127.0.0.1:8000... connected.
HTTP request sent, awaiting response... 
  HTTP/1.1 200 OK
  Host: 127.0.0.1:8000
  Date: Fri, 07 Nov 2025 12:56:22 GMT
  Connection: close
  Content-Type: text/html; charset=UTF-8
  Content-Length: 1948
Length: 1948 (1.9K) [text/html]
Saving to: 'docs/book03/chapter35.htm'

     0K .                                                     100%  126M=0s

Last-modified header missing -- time-stamps turned off.
2025-11-07 12:56:22 (126 MB/s) - 'docs/book03/chapter35.htm' saved [1948/1948]

--2025-11-07 12:56:22--  http://127.0.0.1:8000/gb2312/book03/chapter36.htm
Connecting to 127.0.0.1:8000... connected.
HTTP request sent, awaiting response... 
  HTTP/1.1 200 OK
  Host: 127.0.0.1:8000
  Date: Fri, 07 Nov 2025 12:56:22 GMT
  Connection: close
  Content-Type: text/html; charset=UTF-8
  Content-Length: 8840
Length: 8840 (8.6K) [text/html]
Saving to: 'docs/book03/chapter36.htm'

     0K ........                                              100% 3.73G=0s

Last-modified header missing -- time-stamps turned off.
2025-11-07 12:56:22 (3.73 GB/s) - 'docs/book03/chapter36.htm' saved [8840/8840]

--2025-11-07 12:56:22--  http://127.0.0.1:8000/gb2312/book03/chapter37.htm
Connecting to 127.0.0.1:8000... connected.
HTTP request sent, awaiting response... 
  HTTP/1.1 200 OK
  Host: 127.0.0.1:8000
  Date: Fri, 07 Nov 2025 12:56:22 GMT
  Connection: close
  Content-Type: text/html; charset=UTF-8
  Content-Length: 3074
Length: 3074 (3.0K) [text/html]
Saving to: 'docs/book03/chapter37.htm'

     0K ...                                                   100% 1.56G=0s

Last-modified header missing -- time-stamps turned off.
2025-11-07 12:56:22 (1.56 GB/s) - 'docs/book03/chapter37.htm' saved [3074/3074]

--2025-11-07 12:56:22--  http://127.0.0.1:8000/gb2312/book03/chapter38.htm
Connecting to 127.0.0.1:8000... connected.
HTTP request sent, awaiting response... 
  HTTP/1.1 200 OK
  Host: 127.0.0.1:8000
  Date: Fri, 07 Nov 2025 12:56:22 GMT
  Connection: close
  Content-Type: text/html; charset=UTF-8
  Content-Length: 3369
Length: 3369 (3.3K) [text/html]
Saving to: 'docs/book03/chapter38.htm'

     0K ...                                                   100% 1.98G=0s

Last-modified header missing -- time-stamps turned off.
2025-11-07 12:56:22 (1.98 GB/s) - 'docs/book03/chapter38.htm' saved [3369/3369]

--2025-11-07 12:56:22--  http://127.0.0.1:8000/gb2312/book03/chapter39.htm
Connecting to 127.0.0.1:8000... connected.
HTTP request sent, awaiting response... 
  HTTP/1.1 200 OK
  Host: 127.0.0.1:8000
  Date: Fri, 07 Nov 2025 12:56:22 GMT
  Connection: close
  Content-Type: text/html; charset=UTF-8
  Content-Length: 9735
Length: 9735 (9.5K) [text/html]
Saving to: 'docs/book03/chapter39.htm'

     0K .........                                             100% 4.84G=0s

Last-modified header missing -- time-stamps turned off.
2025-11-07 12:56:22 (4.84 GB/s) - 'docs/book03/chapter39.htm' saved [9735/9735]

--2025-11-07 12:56:22--  http://127.0.0.1:8000/gb2312/book04/chapter01.htm
Connecting to 127.0.0.1:8000... connected.
HTTP request sent, awaiting response... 
  HTTP/1.1 200 OK
  Host: 127.0.0.1:8000
  Date: Fri, 07 Nov 2025 12:56:22 GMT
  Connection: close
  Content-Type: text/html; charset=UTF-8
  Content-Length: 1448
Length: 1448 (1.4K) [text/html]
Saving to: 'docs/book04/chapter01.htm'

     0K .                                                     100% 73.8M=0s

Last-modified header missing -- time-stamps turned off.
2025-11-07 12:56:22 (73.8 MB/s) - 'docs/book04/chapter01.htm' saved [1448/1448]

--2025-11-07 12:56:22--  http://127.0.0.1:8000/gb2312/book04/chapter02.htm
Connecting to 127.0.0.1:8000... connected.
HTTP request sent, awaiting response... 
  HTTP/1.1 200 OK
  Host: 127.0.0.1:8000
  Date: Fri, 07 Nov 2025 12:56:22 GMT
  Connection: close
  Content-Type: text/html; charset=UTF-8
  Content-Length: 4086
Length: 4086 (4.0K) [text/html]
Saving to: 'docs/book04/chapter02.htm'

     0K ...                                                   100%  201M=0s

Last-modified header missing -- time-stamps turned off.
2025-11-07 12:56:22 (201 MB/s) - 'docs/book04/chapter02.htm' saved [4086/4086]

--2025-11-07 12:56:22--  http://127.0.0.1:8000/gb2312/book04/chapter03.htm
Connecting to 127.0.0.1:8000... connected.
HTTP request sent, awaiting response... 
  HTTP/1.1 200 OK
  Host: 127.0.0.1:8000
  Date: Fri, 07 Nov 2025 12:56:22 GMT
  Connection: close
  Content-Type: text/html; charset=UTF-8
  Content-Length: 3510
Length: 3510 (3.4K) [text/html]
Saving to: 'docs/book04/chapter03.htm'

     0K ...                                                   100% 1.71G=0s

Last-modified header missing -- time-stamps turned off.
2025-11-07 12:56:22 (1.71 GB/s) - 'docs/book04/chapter03.htm' saved [3510/3510]

--2025-11-07 12:56:22--  http://127.0.0.1:8000/gb2312/book04/chapter04.htm
Connecting to 127.0.0.1:8000... connected.
HTTP request sent, awaiting response... 
  HTTP/1.1 200 OK
  Host: 127.0.0.1:8000
  Date: Fri, 07 Nov 2025 12:56:22 GMT
  Connection: close
  Content-Type: text/html; charset=UTF-8
  Content-Length: 1985
Length: 1985 (1.9K) [text/html]
Saving to: 'docs/book04/chapter04.htm'

     0K .                                                     100%  127M=0s

Last-modified header missing -- time-stamps turned off.
2025-11-07 12:56:22 (127 MB/s) - 'docs/book04/chapter04.htm' saved [1985/1985]

--2025-11-07 12:56:22--  http://127.0.0.1:8000/gb2312/book04/chapter05.htm
Connecting to 127.0.0.1:8000... connected.
HTTP request sent, awaiting response... 
  HTTP/1.1 200 OK
  Host: 127.0.0.1:8000
  Date: Fri, 07 Nov 2025 12:56:22 GMT
  Connection: close
  Content-Type: text/html; charset=UTF-8
  Content-Length: 3275
Length: 3275 (3.2K) [text/html]
Saving to: 'docs/book04/chapter05.htm'

     0K ...                                                   100%  214M=0s

Last-modified header missing -- time-stamps turned off.
2025-11-07 12:56:22 (214 MB/s) - 'docs/book04/chapter05.htm' saved [3275/3275]

--2025-11-07 12:56:22--  http://127.0.0.1:8000/gb2312/book04/chapter06.htm
Connecting to 127.0.0.1:8000... connected.
HTTP request sent, awaiting response... 
  HTTP/1.1 200 OK
  Host: 127.0.0.1:8000
  Date: Fri, 07 Nov 2025 12:56:22 GMT
  Connection: close
  Content-Type: text/html; charset=UTF-8
  Content-Length: 4002
Length: 4002 (3.9K) [text/html]
Saving to: 'docs/book04/chapter06.htm'

     0K ...                                                   100%  254M=0s

Last-modified header missing -- time-stamps turned off.
2025-11-07 12:56:22 (254 MB/s) - 'docs/book04/chapter06.htm' saved [4002/4002]

--2025-11-07 12:56:22--  http://127.0.0.1:8000/gb2312/book04/chapter07.htm
Connecting to 127.0.0.1:8000... connected.
HTTP request sent, awaiting response... 
  HTTP/1.1 200 OK
  Host: 127.0.0.1:8000
  Date: Fri, 07 Nov 2025 12:56:22 GMT
  Connection: close
  Content-Type: text/html; charset=UTF-8
  Content-Length: 8681
Length: 8681 (8.5K) [text/html]
Saving to: 'docs/book04/chapter07.htm'

     0K ........                                              100%  296M=0s

Last-modified header missing -- time-stamps turned off.
2025-11-07 12:56:22 (296 MB/s) - 'docs/book04/chapter07.htm' saved [8681/8681]

--2025-11-07 12:56:22--  http://127.0.0.1:8000/gb2312/book04/chapter08.htm
Connecting to 127.0.0.1:8000... connected.
HTTP request sent, awaiting response... 
  HTTP/1.1 200 OK
  Host: 127.0.0.1:8000
  Date: Fri, 07 Nov 2025 12:56:22 GMT
  Connection: close
  Content-Type: text/html; charset=UTF-8
  Content-Length: 5756
Length: 5756 (5.6K) [text/html]
Saving to: 'docs/book04/chapter08.htm'

     0K .....                                                 100% 3.30G=0s

Last-modified header missing -- time-stamps turned off.
2025-11-07 12:56:22 (3.30 GB/s) - 'docs/book04/chapter08.htm' saved [5756/5756]

--2025-11-07 12:56:22--  http://127.0.0.1:8000/gb2312/book04/chapter09.htm
Connecting to 127.0.0.1:8000... connected.
HTTP request sent, awaiting response... 
  HTTP/1.1 200 OK
  Host: 127.0.0.1:8000
  Date: Fri, 07 Nov 2025 12:56:22 GMT
  Connection: close
  Content-Type: text/html; charset=UTF-8
  Content-Length: 2299
Length: 2299 (2.2K) [text/html]
Saving to: 'docs/book04/chapter09.htm'

     0K ..                                                    100%  105M=0s

Last-modified header missing -- time-stamps turned off.
2025-11-07 12:56:22 (105 MB/s) - 'docs/book04/chapter09.htm' saved [2299/2299]

--2025-11-07 12:56:22--  http://127.0.0.1:8000/gb2312/book04/chapter10.htm
Connecting to 127.0.0.1:8000... connected.
HTTP request sent, awaiting response... 
  HTTP/1.1 200 OK
  Host: 127.0.0.1:8000
  Date: Fri, 07 Nov 2025 12:56:22 GMT
  Connection: close
  Content-Type: text/html; charset=UTF-8
  Content-Length: 1623
Length: 1623 (1.6K) [text/html]
Saving to: 'docs/book04/chapter10.htm'

     0K .                                                     100%  581M=0s

Last-modified header missing -- time-stamps turned off.
2025-11-07 12:56:22 (581 MB/s) - 'docs/book04/chapter10.htm' saved [1623/1623]

--2025-11-07 12:56:22--  http://127.0.0.1:8000/gb2312/book04/chapter11.htm
Connecting to 127.0.0.1:8000... connected.
HTTP request sent, awaiting response... 
  HTTP/1.1 200 OK
  Host: 127.0.0.1:8000
  Date: Fri, 07 Nov 2025 12:56:22 GMT
  Connection: close
  Content-Type: text/html; charset=UTF-8
  Content-Length: 6921
Length: 6921 (6.8K) [text/html]
Saving to: 'docs/book04/chapter11.htm'

     0K ......                                                100% 3.77G=0s

Last-modified header missing -- time-stamps turned off.
2025-11-07 12:56:22 (3.77 GB/s) - 'docs/book04/chapter11.htm' saved [6921/6921]

--2025-11-07 12:56:22--  http://127.0.0.1:8000/gb2312/book04/chapter12.htm
Connecting to 127.0.0.1:8000... connected.
HTTP request sent, awaiting response... 
  HTTP/1.1 200 OK
  Host: 127.0.0.1:8000
  Date: Fri, 07 Nov 2025 12:56:22 GMT
  Connection: close
  Content-Type: text/html; charset=UTF-8
  Content-Length: 1720
Length: 1720 (1.7K) [text/html]
Saving to: 'docs/book04/chapter12.htm'

     0K .                                                     100%  110M=0s

Last-modified header missing -- time-stamps turned off.
2025-11-07 12:56:22 (110 MB/s) - 'docs/book04/chapter12.htm' saved [1720/1720]

--2025-11-07 12:56:22--  http://127.0.0.1:8000/gb2312/book04/chapter13.htm
Connecting to 127.0.0.1:8000... connected.
HTTP request sent, awaiting response... 
  HTTP/1.1 200 OK
  Host: 127.0.0.1:8000
  Date: Fri, 07 Nov 2025 12:56:22 GMT
  Connection: close
  Content-Type: text/html; charset=UTF-8
  Content-Length: 3914
Length: 3914 (3.8K) [text/html]
Saving to: 'docs/book04/chapter13.htm'

     0K ...                                                   100%  151M=0s

Last-modified header missing -- time-stamps turned off.
2025-11-07 12:56:22 (151 MB/s) - 'docs/book04/chapter13.htm' saved [3914/3914]

--2025-11-07 12:56:22--  http://127.0.0.1:8000/gb2312/book04/chapter14.htm
Connecting to 127.0.0.1:8000... connected.
HTTP request sent, awaiting response... 
  HTTP/1.1 200 OK
  Host: 127.0.0.1:8000
  Date: Fri, 07 Nov 2025 12:56:22 GMT
  Connection: close
  Content-Type: text/html; charset=UTF-8
  Content-Length: 5900
Length: 5900 (5.8K) [text/html]
Saving to: 'docs/book04/chapter14.htm'

     0K .....                                                 100%  383M=0s

Last-modified header missing -- time-stamps turned off.
2025-11-07 12:56:22 (383 MB/s) - 'docs/book04/chapter14.htm' saved [5900/5900]

--2025-11-07 12:56:22--  http://127.0.0.1:8000/gb2312/book04/chapter15.htm
Connecting to 127.0.0.1:8000... connected.
HTTP request sent, awaiting response... 
  HTTP/1.1 200 OK
  Host: 127.0.0.1:8000
  Date: Fri, 07 Nov 2025 12:56:22 GMT
  Connection: close
  Content-Type: text/html; charset=UTF-8
  Content-Length: 21123
Length: 21123 (21K) [text/html]
Saving to: 'docs/book04/chapter15.htm'

     0K .......... ..........                                 100%  567M=0s

Last-modified header missing -- time-stamps turned off.
2025-11-07 12:56:22 (567 MB/s) - 'docs/book04/chapter15.htm' saved [21123/21123]

--2025-11-07 12:56:22--  http://127.0.0.1:8000/gb2312/book04/chapter16.htm
Connecting to 127.0.0.1:8000... connected.
HTTP request sent, awaiting response... 
  HTTP/1.1 200 OK
  Host: 127.0.0.1:8000
  Date: Fri, 07 Nov 2025 12:56:22 GMT
  Connection: close
  Content-Type: text/html; charset=UTF-8
  Content-Length: 5010
Length: 5010 (4.9K) [text/html]
Saving to: 'docs/book04/chapter16.htm'

     0K ....                                                  100% 2.55G=0s

Last-modified header missing -- time-stamps turned off.
2025-11-07 12:56:22 (2.55 GB/s) - 'docs/book04/chapter16.htm' saved [5010/5010]

--2025-11-07 12:56:22--  http://127.0.0.1:8000/gb2312/book04/chapter17.htm
Connecting to 127.0.0.1:8000... connected.
HTTP request sent, awaiting response... 
  HTTP/1.1 200 OK
  Host: 127.0.0.1:8000
  Date: Fri, 07 Nov 2025 12:56:22 GMT
  Connection: close
  Content-Type: text/html; charset=UTF-8
  Content-Length: 6309
Length: 6309 (6.2K) [text/html]
Saving to: 'docs/book04/chapter17.htm'

     0K ......                                                100%  388M=0s

Last-modified header missing -- time-stamps turned off.
2025-11-07 12:56:22 (388 MB/s) - 'docs/book04/chapter17.htm' saved [6309/6309]

--2025-11-07 12:56:22--  http://127.0.0.1:8000/gb2312/book04/chapter18.htm
Connecting to 127.0.0.1:8000... connected.
HTTP request sent, awaiting response... 
  HTTP/1.1 200 OK
  Host: 127.0.0.1:8000
  Date: Fri, 07 Nov 2025 12:56:22 GMT
  Connection: close
  Content-Type: text/html; charset=UTF-8
  Content-Length: 5152
Length: 5152 (5.0K) [text/html]
Saving to: 'docs/book04/chapter18.htm'

     0K .....                                                 100%  310M=0s

Last-modified header missing -- time-stamps turned off.
2025-11-07 12:56:22 (310 MB/s) - 'docs/book04/chapter18.htm' saved [5152/5152]

--2025-11-07 12:56:22--  http://127.0.0.1:8000/gb2312/book04/chapter19.htm
Connecting to 127.0.0.1:8000... connected.
HTTP request sent, awaiting response... 
  HTTP/1.1 200 OK
  Host: 127.0.0.1:8000
  Date: Fri, 07 Nov 2025 12:56:22 GMT
  Connection: close
  Content-Type: text/html; charset=UTF-8
  Content-Length: 1441
Length: 1441 (1.4K) [text/html]
Saving to: 'docs/book04/chapter19.htm'

     0K .                                                     100%  500M=0s

Last-modified header missing -- time-stamps turned off.
2025-11-07 12:56:22 (500 MB/s) - 'docs/book04/chapter19.htm' saved [1441/1441]

--2025-11-07 12:56:22--  http://127.0.0.1:8000/gb2312/book04/chapter20.htm
Connecting to 127.0.0.1:8000... connected.
HTTP request sent, awaiting response... 
  HTTP/1.1 200 OK
  Host: 127.0.0.1:8000
  Date: Fri, 07 Nov 2025 12:56:22 GMT
  Connection: close
  Content-Type: text/html; charset=UTF-8
  Content-Length: 1380
Length: 1380 (1.3K) [text/html]
Saving to: 'docs/book04/chapter20.htm'

     0K .                                                     100% 88.0M=0s

Last-modified header missing -- time-stamps turned off.
2025-11-07 12:56:22 (88.0 MB/s) - 'docs/book04/chapter20.htm' saved [1380/1380]

--2025-11-07 12:56:22--  http://127.0.0.1:8000/gb2312/book04/chapter21.htm
Connecting to 127.0.0.1:8000... connected.
HTTP request sent, awaiting response... 
  HTTP/1.1 200 OK
  Host: 127.0.0.1:8000
  Date: Fri, 07 Nov 2025 12:56:22 GMT
  Connection: close
  Content-Type: text/html; charset=UTF-8
  Content-Length: 3015
Length: 3015 (2.9K) [text/html]
Saving to: 'docs/book04/chapter21.htm'

     0K ..                                                    100%  187M=0s

Last-modified header missing -- time-stamps turned off.
2025-11-07 12:56:22 (187 MB/s) - 'docs/book04/chapter21.htm' saved [3015/3015]

--2025-11-07 12:56:22--  http://127.0.0.1:8000/gb2312/book04/chapter22.htm
Connecting to 127.0.0.1:8000... connected.
HTTP request sent, awaiting response... 
  HTTP/1.1 200 OK
  Host: 127.0.0.1:8000
  Date: Fri, 07 Nov 2025 12:56:22 GMT
  Connection: close
  Content-Type: text/html; charset=UTF-8
  Content-Length: 4706
Length: 4706 (4.6K) [text/html]
Saving to: 'docs/book04/chapter22.htm'

     0K ....                                                  100% 2.57G=0s

Last-modified header missing -- time-stamps turned off.
2025-11-07 12:56:22 (2.57 GB/s) - 'docs/book04/chapter22.htm' saved [4706/4706]

--2025-11-07 12:56:22--  http://127.0.0.1:8000/gb2312/book04/chapter23.htm
Connecting to 127.0.0.1:8000... connected.
HTTP request sent, awaiting response... 
  HTTP/1.1 200 OK
  Host: 127.0.0.1:8000
  Date: Fri, 07 Nov 2025 12:56:22 GMT
  Connection: close
  Content-Type: text/html; charset=UTF-8
  Content-Length: 6596
Length: 6596 (6.4K) [text/html]
Saving to: 'docs/book04/chapter23.htm'

     0K ......                                                100%  380M=0s

Last-modified header missing -- time-stamps turned off.
2025-11-07 12:56:22 (380 MB/s) - 'docs/book04/chapter23.htm' saved [6596/6596]

--2025-11-07 12:56:22--  http://127.0.0.1:8000/gb2312/book04/chapter24.htm
Connecting to 127.0.0.1:8000... connected.
HTTP request sent, awaiting response... 
  HTTP/1.1 200 OK
  Host: 127.0.0.1:8000
  Date: Fri, 07 Nov 2025 12:56:22 GMT
  Connection: close
  Content-Type: text/html; charset=UTF-8
  Content-Length: 3042
Length: 3042 (3.0K) [text/html]
Saving to: 'docs/book04/chapter24.htm'

     0K ..                                                    100%  193M=0s

Last-modified header missing -- time-stamps turned off.
2025-11-07 12:56:22 (193 MB/s) - 'docs/book04/chapter24.htm' saved [3042/3042]

--2025-11-07 12:56:22--  http://127.0.0.1:8000/gb2312/book04/chapter25.htm
Connecting to 127.0.0.1:8000... connected.
HTTP request sent, awaiting response... 
  HTTP/1.1 200 OK
  Host: 127.0.0.1:8000
  Date: Fri, 07 Nov 2025 12:56:22 GMT
  Connection: close
  Content-Type: text/html; charset=UTF-8
  Content-Length: 1478
Length: 1478 (1.4K) [text/html]
Saving to: 'docs/book04/chapter25.htm'

     0K .                                                     100% 96.7M=0s

Last-modified header missing -- time-stamps turned off.
2025-11-07 12:56:22 (96.7 MB/s) - 'docs/book04/chapter25.htm' saved [1478/1478]

--2025-11-07 12:56:22--  http://127.0.0.1:8000/gb2312/book04/chapter26.htm
Connecting to 127.0.0.1:8000... connected.
HTTP request sent, awaiting response... 
  HTTP/1.1 200 OK
  Host: 127.0.0.1:8000
  Date: Fri, 07 Nov 2025 12:56:22 GMT
  Connection: close
  Content-Type: text/html; charset=UTF-8
  Content-Length: 8577
Length: 8577 (8.4K) [text/html]
Saving to: 'docs/book04/chapter26.htm'

     0K ........                                              100%  375M=0s

Last-modified header missing -- time-stamps turned off.
2025-11-07 12:56:22 (375 MB/s) - 'docs/book04/chapter26.htm' saved [8577/8577]

--2025-11-07 12:56:22--  http://127.0.0.1:8000/gb2312/book04/chapter27.htm
Connecting to 127.0.0.1:8000... connected.
HTTP request sent, awaiting response... 
  HTTP/1.1 200 OK
  Host: 127.0.0.1:8000
  Date: Fri, 07 Nov 2025 12:56:22 GMT
  Connection: close
  Content-Type: text/html; charset=UTF-8
  Content-Length: 2705
Length: 2705 (2.6K) [text/html]
Saving to: 'docs/book04/chapter27.htm'

     0K ..                                                    100%  160M=0s

Last-modified header missing -- time-stamps turned off.
2025-11-07 12:56:22 (160 MB/s) - 'docs/book04/chapter27.htm' saved [2705/2705]

--2025-11-07 12:56:22--  http://127.0.0.1:8000/gb2312/book04/chapter28.htm
Connecting to 127.0.0.1:8000... connected.
HTTP request sent, awaiting response... 
  HTTP/1.1 200 OK
  Host: 127.0.0.1:8000
  Date: Fri, 07 Nov 2025 12:56:22 GMT
  Connection: close
  Content-Type: text/html; charset=UTF-8
  Content-Length: 1442
Length: 1442 (1.4K) [text/html]
Saving to: 'docs/book04/chapter28.htm'

     0K .                                                     100%  869M=0s

Last-modified header missing -- time-stamps turned off.
2025-11-07 12:56:22 (869 MB/s) - 'docs/book04/chapter28.htm' saved [1442/1442]

--2025-11-07 12:56:22--  http://127.0.0.1:8000/gb2312/book04/chapter29.htm
Connecting to 127.0.0.1:8000... connected.
HTTP request sent, awaiting response... 
  HTTP/1.1 200 OK
  Host: 127.0.0.1:8000
  Date: Fri, 07 Nov 2025 12:56:22 GMT
  Connection: close
  Content-Type: text/html; charset=UTF-8
  Content-Length: 5161
Length: 5161 (5.0K) [text/html]
Saving to: 'docs/book04/chapter29.htm'

     0K .....                                                 100% 1.25G=0s

Last-modified header missing -- time-stamps turned off.
2025-11-07 12:56:22 (1.25 GB/s) - 'docs/book04/chapter29.htm' saved [5161/5161]

--2025-11-07 12:56:22--  http://127.0.0.1:8000/gb2312/book04/chapter30.htm
Connecting to 127.0.0.1:8000... connected.
HTTP request sent, awaiting response... 
  HTTP/1.1 200 OK
  Host: 127.0.0.1:8000
  Date: Fri, 07 Nov 2025 12:56:22 GMT
  Connection: close
  Content-Type: text/html; charset=UTF-8
  Content-Length: 3213
Length: 3213 (3.1K) [text/html]
Saving to: 'docs/book04/chapter30.htm'

     0K ...                                                   100% 1.80G=0s

Last-modified header missing -- time-stamps turned off.
2025-11-07 12:56:22 (1.80 GB/s) - 'docs/book04/chapter30.htm' saved [3213/3213]

--2025-11-07 12:56:22--  http://127.0.0.1:8000/gb2312/book05/chapter00.htm
Connecting to 127.0.0.1:8000... connected.
HTTP request sent, awaiting response... 
  HTTP/1.1 200 OK
  Host: 127.0.0.1:8000
  Date: Fri, 07 Nov 2025 12:56:22 GMT
  Connection: close
  Content-Type: text/html; charset=UTF-8
  Content-Length: 2516
Length: 2516 (2.5K) [text/html]
Saving to: 'docs/book05/chapter00.htm'

     0K ..                                                    100% 1.48G=0s

Last-modified header missing -- time-stamps turned off.
2025-11-07 12:56:22 (1.48 GB/s) - 'docs/book05/chapter00.htm' saved [2516/2516]

--2025-11-07 12:56:22--  http://127.0.0.1:8000/gb2312/book05/chapter01.htm
Connecting to 127.0.0.1:8000... connected.
HTTP request sent, awaiting response... 
  HTTP/1.1 200 OK
  Host: 127.0.0.1:8000
  Date: Fri, 07 Nov 2025 12:56:22 GMT
  Connection: close
  Content-Type: text/html; charset=UTF-8
  Content-Length: 34440
Length: 34440 (34K) [text/html]
Saving to: 'docs/book05/chapter01.htm'

     0K .......... .......... .......... ...                  100% 3.45G=0s

Last-modified header missing -- time-stamps turned off.
2025-11-07 12:56:22 (3.45 GB/s) - 'docs/book05/chapter01.htm' saved [34440/34440]

--2025-11-07 12:56:22--  http://127.0.0.1:8000/gb2312/book05/chapter02.htm
Connecting to 127.0.0.1:8000... connected.
HTTP request sent, awaiting response... 
  HTTP/1.1 200 OK
  Host: 127.0.0.1:8000
  Date: Fri, 07 Nov 2025 12:56:22 GMT
  Connection: close
  Content-Type: text/html; charset=UTF-8
  Content-Length: 7571
Length: 7571 (7.4K) [text/html]
Saving to: 'docs/book05/chapter02.htm'

     0K .......                                               100% 3.94G=0s

Last-modified header missing -- time-stamps turned off.
2025-11-07 12:56:22 (3.94 GB/s) - 'docs/book05/chapter02.htm' saved [7571/7571]

--2025-11-07 12:56:22--  http://127.0.0.1:8000/gb2312/book05/chapter03.htm
Connecting to 127.0.0.1:8000... connected.
HTTP request sent, awaiting response... 
  HTTP/1.1 200 OK
  Host: 127.0.0.1:8000
  Date: Fri, 07 Nov 2025 12:56:22 GMT
  Connection: close
  Content-Type: text/html; charset=UTF-8
  Content-Length: 3274
Length: 3274 (3.2K) [text/html]
Saving to: 'docs/book05/chapter03.htm'

     0K ...                                                   100% 1.79G=0s

Last-modified header missing -- time-stamps turned off.
2025-11-07 12:56:22 (1.79 GB/s) - 'docs/book05/chapter03.htm' saved [3274/3274]

--2025-11-07 12:56:22--  http://127.0.0.1:8000/gb2312/book05/chapter04.htm
Connecting to 127.0.0.1:8000... connected.
HTTP request sent, awaiting response... 
  HTTP/1.1 200 OK
  Host: 127.0.0.1:8000
  Date: Fri, 07 Nov 2025 12:56:22 GMT
  Connection: close
  Content-Type: text/html; charset=UTF-8
  Content-Length: 2626
Length: 2626 (2.6K) [text/html]
Saving to: 'docs/book05/chapter04.htm'

     0K ..                                                    100%  169M=0s

Last-modified header missing -- time-stamps turned off.
2025-11-07 12:56:22 (169 MB/s) - 'docs/book05/chapter04.htm' saved [2626/2626]

--2025-11-07 12:56:22--  http://127.0.0.1:8000/gb2312/book05/chapter05.htm
Connecting to 127.0.0.1:8000... connected.
HTTP request sent, awaiting response... 
  HTTP/1.1 200 OK
  Host: 127.0.0.1:8000
  Date: Fri, 07 Nov 2025 12:56:22 GMT
  Connection: close
  Content-Type: text/html; charset=UTF-8
  Content-Length: 5709
Length: 5709 (5.6K) [text/html]
Saving to: 'docs/book05/chapter05.htm'

     0K .....                                                 100%  339M=0s

Last-modified header missing -- time-stamps turned off.
2025-11-07 12:56:22 (339 MB/s) - 'docs/book05/chapter05.htm' saved [5709/5709]

--2025-11-07 12:56:22--  http://127.0.0.1:8000/gb2312/book05/chapter06.htm
Connecting to 127.0.0.1:8000... connected.
HTTP request sent, awaiting response... 
  HTTP/1.1 200 OK
  Host: 127.0.0.1:8000
  Date: Fri, 07 Nov 2025 12:56:22 GMT
  Connection: close
  Content-Type: text/html; charset=UTF-8
  Content-Length: 3801
Length: 3801 (3.7K) [text/html]
Saving to: 'docs/book05/chapter06.htm'

     0K ...                                                   100%  251M=0s

Last-modified header missing -- time-stamps turned off.
2025-11-07 12:56:22 (251 MB/s) - 'docs/book05/chapter06.htm' saved [3801/3801]

--2025-11-07 12:56:22--  http://127.0.0.1:8000/gb2312/book05/chapter07.htm
Connecting to 127.0.0.1:8000... connected.
HTTP request sent, awaiting response... 
  HTTP/1.1 200 OK
  Host: 127.0.0.1:8000
  Date: Fri, 07 Nov 2025 12:56:22 GMT
  Connection: close
  Content-Type: text/html; charset=UTF-8
  Content-Length: 4586
Length: 4586 (4.5K) [text/html]
Saving to: 'docs/book05/chapter07.htm'

     0K ....                                                  100% 1.71G=0s

Last-modified header missing -- time-stamps turned off.
2025-11-07 12:56:22 (1.71 GB/s) - 'docs/book05/chapter07.htm' saved [4586/4586]

--2025-11-07 12:56:22--  http://127.0.0.1:8000/gb2312/book05/chapter08.htm
Connecting to 127.0.0.1:8000... connected.
HTTP request sent, awaiting response... 
  HTTP/1.1 200 OK
  Host: 127.0.0.1:8000
  Date: Fri, 07 Nov 2025 12:56:22 GMT
  Connection: close
  Content-Type: text/html; charset=UTF-8
  Content-Length: 7888
Length: 7888 (7.7K) [text/html]
Saving to: 'docs/book05/chapter08.htm'

     0K .......                                               100%  375M=0s

Last-modified header missing -- time-stamps turned off.
2025-11-07 12:56:22 (375 MB/s) - 'docs/book05/chapter08.htm' saved [7888/7888]

--2025-11-07 12:56:22--  http://127.0.0.1:8000/gb2312/book05/chapter09.htm
Connecting to 127.0.0.1:8000... connected.
HTTP request sent, awaiting response... 
  HTTP/1.1 200 OK
  Host: 127.0.0.1:8000
  Date: Fri, 07 Nov 2025 12:56:22 GMT
  Connection: close
  Content-Type: text/html; charset=UTF-8
  Content-Length: 1624
Length: 1624 (1.6K) [text/html]
Saving to: 'docs/book05/chapter09.htm'

     0K .                                                     100% 80.6M=0s

Last-modified header missing -- time-stamps turned off.
2025-11-07 12:56:22 (80.6 MB/s) - 'docs/book05/chapter09.htm' saved [1624/1624]

--2025-11-07 12:56:22--  http://127.0.0.1:8000/gb2312/book05/chapter10.htm
Connecting to 127.0.0.1:8000... connected.
HTTP request sent, awaiting response... 
  HTTP/1.1 200 OK
  Host: 127.0.0.1:8000
  Date: Fri, 07 Nov 2025 12:56:22 GMT
  Connection: close
  Content-Type: text/html; charset=UTF-8
  Content-Length: 4757
Length: 4757 (4.6K) [text/html]
Saving to: 'docs/book05/chapter10.htm'

     0K ....                                                  100%  295M=0s

Last-modified header missing -- time-stamps turned off.
2025-11-07 12:56:22 (295 MB/s) - 'docs/book05/chapter10.htm' saved [4757/4757]

--2025-11-07 12:56:22--  http://127.0.0.1:8000/gb2312/book05/chapter11.htm
Connecting to 127.0.0.1:8000... connected.
HTTP request sent, awaiting response... 
  HTTP/1.1 200 OK
  Host: 127.0.0.1:8000
  Date: Fri, 07 Nov 2025 12:56:22 GMT
  Connection: close
  Content-Type: text/html; charset=UTF-8
  Content-Length: 5053
Length: 5053 (4.9K) [text/html]
Saving to: 'docs/book05/chapter11.htm'

     0K ....                                                  100%  323M=0s

Last-modified header missing -- time-stamps turned off.
2025-11-07 12:56:22 (323 MB/s) - 'docs/book05/chapter11.htm' saved [5053/5053]

--2025-11-07 12:56:22--  http://127.0.0.1:8000/gb2312/book05/chapter12.htm
Connecting to 127.0.0.1:8000... connected.
HTTP request sent, awaiting response... 
  HTTP/1.1 200 OK
  Host: 127.0.0.1:8000
  Date: Fri, 07 Nov 2025 12:56:22 GMT
  Connection: close
  Content-Type: text/html; charset=UTF-8
  Content-Length: 2703
Length: 2703 (2.6K) [text/html]
Saving to: 'docs/book05/chapter12.htm'

     0K ..                                                    100%  174M=0s

Last-modified header missing -- time-stamps turned off.
2025-11-07 12:56:22 (174 MB/s) - 'docs/book05/chapter12.htm' saved [2703/2703]

--2025-11-07 12:56:22--  http://127.0.0.1:8000/gb2312/book05/chapter13.htm
Connecting to 127.0.0.1:8000... connected.
HTTP request sent, awaiting response... 
  HTTP/1.1 200 OK
  Host: 127.0.0.1:8000
  Date: Fri, 07 Nov 2025 12:56:22 GMT
  Connection: close
  Content-Type: text/html; charset=UTF-8
  Content-Length: 8034
Length: 8034 (7.8K) [text/html]
Saving to: 'docs/book05/chapter13.htm'

     0K .......                                               100%  298M=0s

Last-modified header missing -- time-stamps turned off.
2025-11-07 12:56:22 (298 MB/s) - 'docs/book05/chapter13.htm' saved [8034/8034]

--2025-11-07 12:56:22--  http://127.0.0.1:8000/gb2312/book05/chapter14.htm
Connecting to 127.0.0.1:8000... connected.
HTTP request sent, awaiting response... 
  HTTP/1.1 200 OK
  Host: 127.0.0.1:8000
  Date: Fri, 07 Nov 2025 12:56:22 GMT
  Connection: close
  Content-Type: text/html; charset=UTF-8
  Content-Length: 1805
Length: 1805 (1.8K) [text/html]
Saving to: 'docs/book05/chapter14.htm'

     0K .                                                     100%  113M=0s

Last-modified header missing -- time-stamps turned off.
2025-11-07 12:56:22 (113 MB/s) - 'docs/book05/chapter14.htm' saved [1805/1805]

--2025-11-07 12:56:22--  http://127.0.0.1:8000/gb2312/book05/chapter15.htm
Connecting to 127.0.0.1:8000... connected.
HTTP request sent, awaiting response... 
  HTTP/1.1 200 OK
  Host: 127.0.0.1:8000
  Date: Fri, 07 Nov 2025 12:56:22 GMT
  Connection: close
  Content-Type: text/html; charset=UTF-8
  Content-Length: 1699
Length: 1699 (1.7K) [text/html]
Saving to: 'docs/book05/chapter15.htm'

     0K .                                                     100%  108M=0s

Last-modified header missing -- time-stamps turned off.
2025-11-07 12:56:22 (108 MB/s) - 'docs/book05/chapter15.htm' saved [1699/1699]

--2025-11-07 12:56:22--  http://127.0.0.1:8000/gb2312/book05/chapter16.htm
Connecting to 127.0.0.1:8000... connected.
HTTP request sent, awaiting response... 
  HTTP/1.1 200 OK
  Host: 127.0.0.1:8000
  Date: Fri, 07 Nov 2025 12:56:22 GMT
  Connection: close
  Content-Type: text/html; charset=UTF-8
  Content-Length: 14824
Length: 14824 (14K) [text/html]
Saving to: 'docs/book05/chapter16.htm'

     0K .......... ....                                       100%  516M=0s

Last-modified header missing -- time-stamps turned off.
2025-11-07 12:56:22 (516 MB/s) - 'docs/book05/chapter16.htm' saved [14824/14824]

--2025-11-07 12:56:22--  http://127.0.0.1:8000/gb2312/book05/chapter17.htm
Connecting to 127.0.0.1:8000... connected.
HTTP request sent, awaiting response... 
  HTTP/1.1 200 OK
  Host: 127.0.0.1:8000
  Date: Fri, 07 Nov 2025 12:56:22 GMT
  Connection: close
  Content-Type: text/html; charset=UTF-8
  Content-Length: 5338
Length: 5338 (5.2K) [text/html]
Saving to: 'docs/book05/chapter17.htm'

     0K .....                                                 100% 2.91G=0s

Last-modified header missing -- time-stamps turned off.
2025-11-07 12:56:22 (2.91 GB/s) - 'docs/book05/chapter17.htm' saved [5338/5338]

--2025-11-07 12:56:22--  http://127.0.0.1:8000/gb2312/book05/chapter18.htm
Connecting to 127.0.0.1:8000... connected.
HTTP request sent, awaiting response... 
  HTTP/1.1 200 OK
  Host: 127.0.0.1:8000
  Date: Fri, 07 Nov 2025 12:56:22 GMT
  Connection: close
  Content-Type: text/html; charset=UTF-8
  Content-Length: 8759
Length: 8759 (8.6K) [text/html]
Saving to: 'docs/book05/chapter18.htm'

     0K ........                                              100%  445M=0s

Last-modified header missing -- time-stamps turned off.
2025-11-07 12:56:22 (445 MB/s) - 'docs/book05/chapter18.htm' saved [8759/8759]

--2025-11-07 12:56:22--  http://127.0.0.1:8000/gb2312/book05/chapter19.htm
Connecting to 127.0.0.1:8000... connected.
HTTP request sent, awaiting response... 
  HTTP/1.1 200 OK
  Host: 127.0.0.1:8000
  Date: Fri, 07 Nov 2025 12:56:22 GMT
  Connection: close
  Content-Type: text/html; charset=UTF-8
  Content-Length: 2818
Length: 2818 (2.8K) [text/html]
Saving to: 'docs/book05/chapter19.htm'

     0K ..                                                    100%  187M=0s

Last-modified header missing -- time-stamps turned off.
2025-11-07 12:56:22 (187 MB/s) - 'docs/book05/chapter19.htm' saved [2818/2818]

--2025-11-07 12:56:22--  http://127.0.0.1:8000/gb2312/book05/chapter20.htm
Connecting to 127.0.0.1:8000... connected.
HTTP request sent, awaiting response... 
  HTTP/1.1 200 OK
  Host: 127.0.0.1:8000
  Date: Fri, 07 Nov 2025 12:56:22 GMT
  Connection: close
  Content-Type: text/html; charset=UTF-8
  Content-Length: 4992
Length: 4992 (4.9K) [text/html]
Saving to: 'docs/book05/chapter20.htm'

     0K ....                                                  100%  306M=0s

Last-modified header missing -- time-stamps turned off.
2025-11-07 12:56:22 (306 MB/s) - 'docs/book05/chapter20.htm' saved [4992/4992]

--2025-11-07 12:56:22--  http://127.0.0.1:8000/gb2312/book05/chapter21.htm
Connecting to 127.0.0.1:8000... connected.
HTTP request sent, awaiting response... 
  HTTP/1.1 200 OK
  Host: 127.0.0.1:8000
  Date: Fri, 07 Nov 2025 12:56:22 GMT
  Connection: close
  Content-Type: text/html; charset=UTF-8
  Content-Length: 3643
Length: 3643 (3.6K) [text/html]
Saving to: 'docs/book05/chapter21.htm'

     0K ...                                                   100%  115M=0s

Last-modified header missing -- time-stamps turned off.
2025-11-07 12:56:22 (115 MB/s) - 'docs/book05/chapter21.htm' saved [3643/3643]

--2025-11-07 12:56:22--  http://127.0.0.1:8000/gb2312/book05/chapter22.htm
Connecting to 127.0.0.1:8000... connected.
HTTP request sent, awaiting response... 
  HTTP/1.1 200 OK
  Host: 127.0.0.1:8000
  Date: Fri, 07 Nov 2025 12:56:22 GMT
  Connection: close
  Content-Type: text/html; charset=UTF-8
  Content-Length: 1995
Length: 1995 (1.9K) [text/html]
Saving to: 'docs/book05/chapter22.htm'

     0K .                                                     100%  130M=0s

Last-modified header missing -- time-stamps turned off.
2025-11-07 12:56:22 (130 MB/s) - 'docs/book05/chapter22.htm' saved [1995/1995]

--2025-11-07 12:56:22--  http://127.0.0.1:8000/gb2312/book05/chapter23.htm
Connecting to 127.0.0.1:8000... connected.
HTTP request sent, awaiting response... 
  HTTP/1.1 200 OK
  Host: 127.0.0.1:8000
  Date: Fri, 07 Nov 2025 12:56:22 GMT
  Connection: close
  Content-Type: text/html; charset=UTF-8
  Content-Length: 4894
Length: 4894 (4.8K) [text/html]
Saving to: 'docs/book05/chapter23.htm'

     0K ....                                                  100% 2.60G=0s

Last-modified header missing -- time-stamps turned off.
2025-11-07 12:56:22 (2.60 GB/s) - 'docs/book05/chapter23.htm' saved [4894/4894]

--2025-11-07 12:56:22--  http://127.0.0.1:8000/gb2312/book05/chapter24.htm
Connecting to 127.0.0.1:8000... connected.
HTTP request sent, awaiting response... 
  HTTP/1.1 200 OK
  Host: 127.0.0.1:8000
  Date: Fri, 07 Nov 2025 12:56:22 GMT
  Connection: close
  Content-Type: text/html; charset=UTF-8
  Content-Length: 9706
Length: 9706 (9.5K) [text/html]
Saving to: 'docs/book05/chapter24.htm'

     0K .........                                             100%  570M=0s

Last-modified header missing -- time-stamps turned off.
2025-11-07 12:56:22 (570 MB/s) - 'docs/book05/chapter24.htm' saved [9706/9706]

--2025-11-07 12:56:22--  http://127.0.0.1:8000/gb2312/book05/chapter25.htm
Connecting to 127.0.0.1:8000... connected.
HTTP request sent, awaiting response... 
  HTTP/1.1 200 OK
  Host: 127.0.0.1:8000
  Date: Fri, 07 Nov 2025 12:56:22 GMT
  Connection: close
  Content-Type: text/html; charset=UTF-8
  Content-Length: 1950
Length: 1950 (1.9K) [text/html]
Saving to: 'docs/book05/chapter25.htm'

     0K .                                                     100% 1.15G=0s

Last-modified header missing -- time-stamps turned off.
2025-11-07 12:56:22 (1.15 GB/s) - 'docs/book05/chapter25.htm' saved [1950/1950]

--2025-11-07 12:56:22--  http://127.0.0.1:8000/gb2312/book05/chapter26.htm
Connecting to 127.0.0.1:8000... connected.
HTTP request sent, awaiting response... 
  HTTP/1.1 200 OK
  Host: 127.0.0.1:8000
  Date: Fri, 07 Nov 2025 12:56:22 GMT
  Connection: close
  Content-Type: text/html; charset=UTF-8
  Content-Length: 2014
Length: 2014 (2.0K) [text/html]
Saving to: 'docs/book05/chapter26.htm'

     0K .                                                     100%  136M=0s

Last-modified header missing -- time-stamps turned off.
2025-11-07 12:56:22 (136 MB/s) - 'docs/book05/chapter26.htm' saved [2014/2014]

--2025-11-07 12:56:22--  http://127.0.0.1:8000/gb2312/book05/chapter27.htm
Connecting to 127.0.0.1:8000... connected.
HTTP request sent, awaiting response... 
  HTTP/1.1 200 OK
  Host: 127.0.0.1:8000
  Date: Fri, 07 Nov 2025 12:56:22 GMT
  Connection: close
  Content-Type: text/html; charset=UTF-8
  Content-Length: 2192
Length: 2192 (2.1K) [text/html]
Saving to: 'docs/book05/chapter27.htm'

     0K ..                                                    100%  139M=0s

Last-modified header missing -- time-stamps turned off.
2025-11-07 12:56:22 (139 MB/s) - 'docs/book05/chapter27.htm' saved [2192/2192]

--2025-11-07 12:56:22--  http://127.0.0.1:8000/gb2312/book05/chapter28.htm
Connecting to 127.0.0.1:8000... connected.
HTTP request sent, awaiting response... 
  HTTP/1.1 200 OK
  Host: 127.0.0.1:8000
  Date: Fri, 07 Nov 2025 12:56:22 GMT
  Connection: close
  Content-Type: text/html; charset=UTF-8
  Content-Length: 11869
Length: 11869 (12K) [text/html]
Saving to: 'docs/book05/chapter28.htm'

     0K .......... .                                          100%  641M=0s

Last-modified header missing -- time-stamps turned off.
2025-11-07 12:56:22 (641 MB/s) - 'docs/book05/chapter28.htm' saved [11869/11869]

--2025-11-07 12:56:22--  http://127.0.0.1:8000/gb2312/book06/chapter01.htm
Connecting to 127.0.0.1:8000... connected.
HTTP request sent, awaiting response... 
  HTTP/1.1 200 OK
  Host: 127.0.0.1:8000
  Date: Fri, 07 Nov 2025 12:56:22 GMT
  Connection: close
  Content-Type: text/html; charset=UTF-8
  Content-Length: 2956
Length: 2956 (2.9K) [text/html]
Saving to: 'docs/book06/chapter01.htm'

     0K ..                                                    100% 80.0M=0s

Last-modified header missing -- time-stamps turned off.
2025-11-07 12:56:22 (80.0 MB/s) - 'docs/book06/chapter01.htm' saved [2956/2956]

--2025-11-07 12:56:22--  http://127.0.0.1:8000/gb2312/book06/chapter02.htm
Connecting to 127.0.0.1:8000... connected.
HTTP request sent, awaiting response... 
  HTTP/1.1 200 OK
  Host: 127.0.0.1:8000
  Date: Fri, 07 Nov 2025 12:56:22 GMT
  Connection: close
  Content-Type: text/html; charset=UTF-8
  Content-Length: 7541
Length: 7541 (7.4K) [text/html]
Saving to: 'docs/book06/chapter02.htm'

     0K .......                                               100% 4.44G=0s

Last-modified header missing -- time-stamps turned off.
2025-11-07 12:56:22 (4.44 GB/s) - 'docs/book06/chapter02.htm' saved [7541/7541]

--2025-11-07 12:56:22--  http://127.0.0.1:8000/gb2312/book06/chapter03.htm
Connecting to 127.0.0.1:8000... connected.
HTTP request sent, awaiting response... 
  HTTP/1.1 200 OK
  Host: 127.0.0.1:8000
  Date: Fri, 07 Nov 2025 12:56:22 GMT
  Connection: close
  Content-Type: text/html; charset=UTF-8
  Content-Length: 9250
Length: 9250 (9.0K) [text/html]
Saving to: 'docs/book06/chapter03.htm'

     0K .........                                             100%  548M=0s

Last-modified header missing -- time-stamps turned off.
2025-11-07 12:56:22 (548 MB/s) - 'docs/book06/chapter03.htm' saved [9250/9250]

--2025-11-07 12:56:22--  http://127.0.0.1:8000/gb2312/book06/chapter04.htm
Connecting to 127.0.0.1:8000... connected.
HTTP request sent, awaiting response... 
  HTTP/1.1 200 OK
  Host: 127.0.0.1:8000
  Date: Fri, 07 Nov 2025 12:56:22 GMT
  Connection: close
  Content-Type: text/html; charset=UTF-8
  Content-Length: 3129
Length: 3129 (3.1K) [text/html]
Saving to: 'docs/book06/chapter04.htm'

     0K ...                                                   100%  197M=0s

Last-modified header missing -- time-stamps turned off.
2025-11-07 12:56:22 (197 MB/s) - 'docs/book06/chapter04.htm' saved [3129/3129]

--2025-11-07 12:56:22--  http://127.0.0.1:8000/gb2312/book06/chapter05.htm
Connecting to 127.0.0.1:8000... connected.
HTTP request sent, awaiting response... 
  HTTP/1.1 200 OK
  Host: 127.0.0.1:8000
  Date: Fri, 07 Nov 2025 12:56:22 GMT
  Connection: close
  Content-Type: text/html; charset=UTF-8
  Content-Length: 4637
Length: 4637 (4.5K) [text/html]
Saving to: 'docs/book06/chapter05.htm'

     0K ....                                                  100%  231M=0s

Last-modified header missing -- time-stamps turned off.
2025-11-07 12:56:22 (231 MB/s) - 'docs/book06/chapter05.htm' saved [4637/4637]

--2025-11-07 12:56:22--  http://127.0.0.1:8000/gb2312/book06/chapter06.htm
Connecting to 127.0.0.1:8000... connected.
HTTP request sent, awaiting response... 
  HTTP/1.1 200 OK
  Host: 127.0.0.1:8000
  Date: Fri, 07 Nov 2025 12:56:22 GMT
  Connection: close
  Content-Type: text/html; charset=UTF-8
  Content-Length: 1730
Length: 1730 (1.7K) [text/html]
Saving to: 'docs/book06/chapter06.htm'

     0K .                                                     100%  113M=0s

Last-modified header missing -- time-stamps turned off.
2025-11-07 12:56:22 (113 MB/s) - 'docs/book06/chapter06.htm' saved [1730/1730]

--2025-11-07 12:56:22--  http://127.0.0.1:8000/gb2312/book06/chapter07.htm
Connecting to 127.0.0.1:8000... connected.
HTTP request sent, awaiting response... 
  HTTP/1.1 200 OK
  Host: 127.0.0.1:8000
  Date: Fri, 07 Nov 2025 12:56:22 GMT
  Connection: close
  Content-Type: text/html; charset=UTF-8
  Content-Length: 2373
Length: 2373 (2.3K) [text/html]
Saving to: 'docs/book06/chapter07.htm'

     0K ..                                                    100%  119M=0s

Last-modified header missing -- time-stamps turned off.
2025-11-07 12:56:22 (119 MB/s) - 'docs/book06/chapter07.htm' saved [2373/2373]

--2025-11-07 12:56:22--  http://127.0.0.1:8000/gb2312/book06/chapter08.htm
Connecting to 127.0.0.1:8000... connected.
HTTP request sent, awaiting response... 
  HTTP/1.1 200 OK
  Host: 127.0.0.1:8000
  Date: Fri, 07 Nov 2025 12:56:22 GMT
  Connection: close
  Content-Type: text/html; charset=UTF-8
  Content-Length: 4483
Length: 4483 (4.4K) [text/html]
Saving to: 'docs/book06/chapter08.htm'

     0K ....                                                  100%  107M=0s

Last-modified header missing -- time-stamps turned off.
2025-11-07 12:56:22 (107 MB/s) - 'docs/book06/chapter08.htm' saved [4483/4483]

--2025-11-07 12:56:22--  http://127.0.0.1:8000/gb2312/book06/chapter09.htm
Connecting to 127.0.0.1:8000... connected.
HTTP request sent, awaiting response... 
  HTTP/1.1 200 OK
  Host: 127.0.0.1:8000
  Date: Fri, 07 Nov 2025 12:56:22 GMT
  Connection: close
  Content-Type: text/html; charset=UTF-8
  Content-Length: 4365
Length: 4365 (4.3K) [text/html]
Saving to: 'docs/book06/chapter09.htm'

     0K ....                                                  100% 1.55G=0s

Last-modified header missing -- time-stamps turned off.
2025-11-07 12:56:22 (1.55 GB/s) - 'docs/book06/chapter09.htm' saved [4365/4365]

--2025-11-07 12:56:22--  http://127.0.0.1:8000/gb2312/book06/chapter10.htm
Connecting to 127.0.0.1:8000... connected.
HTTP request sent, awaiting response... 
  HTTP/1.1 200 OK
  Host: 127.0.0.1:8000
  Date: Fri, 07 Nov 2025 12:56:22 GMT
  Connection: close
  Content-Type: text/html; charset=UTF-8
  Content-Length: 1802
Length: 1802 (1.8K) [text/html]
Saving to: 'docs/book06/chapter10.htm'

     0K .                                                     100% 14.2M=0s

Last-modified header missing -- time-stamps turned off.
2025-11-07 12:56:22 (14.2 MB/s) - 'docs/book06/chapter10.htm' saved [1802/1802]

--2025-11-07 12:56:22--  http://127.0.0.1:8000/gb2312/book06/chapter11.htm
Connecting to 127.0.0.1:8000... connected.
HTTP request sent, awaiting response... 
  HTTP/1.1 200 OK
  Host: 127.0.0.1:8000
  Date: Fri, 07 Nov 2025 12:56:22 GMT
  Connection: close
  Content-Type: text/html; charset=UTF-8
  Content-Length: 4955
Length: 4955 (4.8K) [text/html]
Saving to: 'docs/book06/chapter11.htm'

     0K ....                                                  100% 1.63G=0s

Last-modified header missing -- time-stamps turned off.
2025-11-07 12:56:22 (1.63 GB/s) - 'docs/book06/chapter11.htm' saved [4955/4955]

--2025-11-07 12:56:22--  http://127.0.0.1:8000/gb2312/book06/chapter12.htm
Connecting to 127.0.0.1:8000... connected.
HTTP request sent, awaiting response... 
  HTTP/1.1 200 OK
  Host: 127.0.0.1:8000
  Date: Fri, 07 Nov 2025 12:56:22 GMT
  Connection: close
  Content-Type: text/html; charset=UTF-8
  Content-Length: 4936
Length: 4936 (4.8K) [text/html]
Saving to: 'docs/book06/chapter12.htm'

     0K ....                                                  100%  101M=0s

Last-modified header missing -- time-stamps turned off.
2025-11-07 12:56:22 (101 MB/s) - 'docs/book06/chapter12.htm' saved [4936/4936]

--2025-11-07 12:56:22--  http://127.0.0.1:8000/gb2312/book06/chapter13.htm
Connecting to 127.0.0.1:8000... connected.
HTTP request sent, awaiting response... 
  HTTP/1.1 200 OK
  Host: 127.0.0.1:8000
  Date: Fri, 07 Nov 2025 12:56:22 GMT
  Connection: close
  Content-Type: text/html; charset=UTF-8
  Content-Length: 12179
Length: 12179 (12K) [text/html]
Saving to: 'docs/book06/chapter13.htm'

     0K .......... .                                          100%  356M=0s

Last-modified header missing -- time-stamps turned off.
2025-11-07 12:56:22 (356 MB/s) - 'docs/book06/chapter13.htm' saved [12179/12179]

--2025-11-07 12:56:22--  http://127.0.0.1:8000/gb2312/book06/chapter14.htm
Connecting to 127.0.0.1:8000... connected.
HTTP request sent, awaiting response... 
  HTTP/1.1 200 OK
  Host: 127.0.0.1:8000
  Date: Fri, 07 Nov 2025 12:56:22 GMT
  Connection: close
  Content-Type: text/html; charset=UTF-8
  Content-Length: 8138
Length: 8138 (7.9K) [text/html]
Saving to: 'docs/book06/chapter14.htm'

     0K .......                                               100%  300M=0s

Last-modified header missing -- time-stamps turned off.
2025-11-07 12:56:22 (300 MB/s) - 'docs/book06/chapter14.htm' saved [8138/8138]

--2025-11-07 12:56:22--  http://127.0.0.1:8000/gb2312/book06/chapter15.htm
Connecting to 127.0.0.1:8000... connected.
HTTP request sent, awaiting response... 
  HTTP/1.1 200 OK
  Host: 127.0.0.1:8000
  Date: Fri, 07 Nov 2025 12:56:22 GMT
  Connection: close
  Content-Type: text/html; charset=UTF-8
  Content-Length: 1822
Length: 1822 (1.8K) [text/html]
Saving to: 'docs/book06/chapter15.htm'

     0K .                                                     100%  103M=0s

Last-modified header missing -- time-stamps turned off.
2025-11-07 12:56:22 (103 MB/s) - 'docs/book06/chapter15.htm' saved [1822/1822]

--2025-11-07 12:56:22--  http://127.0.0.1:8000/gb2312/book06/chapter16.htm
Connecting to 127.0.0.1:8000... connected.
HTTP request sent, awaiting response... 
  HTTP/1.1 200 OK
  Host: 127.0.0.1:8000
  Date: Fri, 07 Nov 2025 12:56:22 GMT
  Connection: close
  Content-Type: text/html; charset=UTF-8
  Content-Length: 7904
Length: 7904 (7.7K) [text/html]
Saving to: 'docs/book06/chapter16.htm'

     0K .......                                               100%  184M=0s

Last-modified header missing -- time-stamps turned off.
2025-11-07 12:56:22 (184 MB/s) - 'docs/book06/chapter16.htm' saved [7904/7904]

--2025-11-07 12:56:22--  http://127.0.0.1:8000/gb2312/book06/chapter17.htm
Connecting to 127.0.0.1:8000... connected.
HTTP request sent, awaiting response... 
  HTTP/1.1 200 OK
  Host: 127.0.0.1:8000
  Date: Fri, 07 Nov 2025 12:56:22 GMT
  Connection: close
  Content-Type: text/html; charset=UTF-8
  Content-Length: 2236
Length: 2236 (2.2K) [text/html]
Saving to: 'docs/book06/chapter17.htm'

     0K ..                                                    100%  474M=0s

Last-modified header missing -- time-stamps turned off.
2025-11-07 12:56:22 (474 MB/s) - 'docs/book06/chapter17.htm' saved [2236/2236]

--2025-11-07 12:56:22--  http://127.0.0.1:8000/gb2312/book06/chapter18.htm
Connecting to 127.0.0.1:8000... connected.
HTTP request sent, awaiting response... 
  HTTP/1.1 200 OK
  Host: 127.0.0.1:8000
  Date: Fri, 07 Nov 2025 12:56:22 GMT
  Connection: close
  Content-Type: text/html; charset=UTF-8
  Content-Length: 4018
Length: 4018 (3.9K) [text/html]
Saving to: 'docs/book06/chapter18.htm'

     0K ...                                                   100% 1.66G=0s

Last-modified header missing -- time-stamps turned off.
2025-11-07 12:56:22 (1.66 GB/s) - 'docs/book06/chapter18.htm' saved [4018/4018]

--2025-11-07 12:56:22--  http://127.0.0.1:8000/gb2312/book06/chapter19.htm
Connecting to 127.0.0.1:8000... connected.
HTTP request sent, awaiting response... 
  HTTP/1.1 200 OK
  Host: 127.0.0.1:8000
  Date: Fri, 07 Nov 2025 12:56:22 GMT
  Connection: close
  Content-Type: text/html; charset=UTF-8
  Content-Length: 12611
Length: 12611 (12K) [text/html]
Saving to: 'docs/book06/chapter19.htm'

     0K .......... ..                                         100% 3.03G=0s

Last-modified header missing -- time-stamps turned off.
2025-11-07 12:56:22 (3.03 GB/s) - 'docs/book06/chapter19.htm' saved [12611/12611]

--2025-11-07 12:56:22--  http://127.0.0.1:8000/gb2312/book06/chapter20.htm
Connecting to 127.0.0.1:8000... connected.
HTTP request sent, awaiting response... 
  HTTP/1.1 200 OK
  Host: 127.0.0.1:8000
  Date: Fri, 07 Nov 2025 12:56:22 GMT
  Connection: close
  Content-Type: text/html; charset=UTF-8
  Content-Length: 2911
Length: 2911 (2.8K) [text/html]
Saving to: 'docs/book06/chapter20.htm'

     0K ..                                                    100% 1.20G=0s

Last-modified header missing -- time-stamps turned off.
2025-11-07 12:56:22 (1.20 GB/s) - 'docs/book06/chapter20.htm' saved [2911/2911]

--2025-11-07 12:56:22--  http://127.0.0.1:8000/gb2312/book06/chapter21.htm
Connecting to 127.0.0.1:8000... connected.
HTTP request sent, awaiting response... 
  HTTP/1.1 200 OK
  Host: 127.0.0.1:8000
  Date: Fri, 07 Nov 2025 12:56:22 GMT
  Connection: close
  Content-Type: text/html; charset=UTF-8
  Content-Length: 2762
Length: 2762 (2.7K) [text/html]
Saving to: 'docs/book06/chapter21.htm'

     0K ..                                                    100%  790M=0s

Last-modified header missing -- time-stamps turned off.
2025-11-07 12:56:22 (790 MB/s) - 'docs/book06/chapter21.htm' saved [2762/2762]

--2025-11-07 12:56:22--  http://127.0.0.1:8000/gb2312/book06/chapter22.htm
Connecting to 127.0.0.1:8000... connected.
HTTP request sent, awaiting response... 
  HTTP/1.1 200 OK
  Host: 127.0.0.1:8000
  Date: Fri, 07 Nov 2025 12:56:22 GMT
  Connection: close
  Content-Type: text/html; charset=UTF-8
  Content-Length: 4129
Length: 4129 (4.0K) [text/html]
Saving to: 'docs/book06/chapter22.htm'

     0K ....                                                  100% 98.8M=0s

Last-modified header missing -- time-stamps turned off.
2025-11-07 12:56:22 (98.8 MB/s) - 'docs/book06/chapter22.htm' saved [4129/4129]

--2025-11-07 12:56:22--  http://127.0.0.1:8000/gb2312/book06/chapter23.htm
Connecting to 127.0.0.1:8000... connected.
HTTP request sent, awaiting response... 
  HTTP/1.1 200 OK
  Host: 127.0.0.1:8000
  Date: Fri, 07 Nov 2025 12:56:22 GMT
  Connection: close
  Content-Type: text/html; charset=UTF-8
  Content-Length: 3280
Length: 3280 (3.2K) [text/html]
Saving to: 'docs/book06/chapter23.htm'

     0K ...                                                   100%  132M=0s

Last-modified header missing -- time-stamps turned off.
2025-11-07 12:56:22 (132 MB/s) - 'docs/book06/chapter23.htm' saved [3280/3280]

--2025-11-07 12:56:22--  http://127.0.0.1:8000/gb2312/book06/chapter24.htm
Connecting to 127.0.0.1:8000... connected.
HTTP request sent, awaiting response... 
  HTTP/1.1 200 OK
  Host: 127.0.0.1:8000
  Date: Fri, 07 Nov 2025 12:56:22 GMT
  Connection: close
  Content-Type: text/html; charset=UTF-8
  Content-Length: 2071
Length: 2071 (2.0K) [text/html]
Saving to: 'docs/book06/chapter24.htm'

     0K ..                                                    100% 94.6M=0s

Last-modified header missing -- time-stamps turned off.
2025-11-07 12:56:22 (94.6 MB/s) - 'docs/book06/chapter24.htm' saved [2071/2071]

--2025-11-07 12:56:22--  http://127.0.0.1:8000/gb2312/book06/chapter25.htm
Connecting to 127.0.0.1:8000... connected.
HTTP request sent, awaiting response... 
  HTTP/1.1 200 OK
  Host: 127.0.0.1:8000
  Date: Fri, 07 Nov 2025 12:56:22 GMT
  Connection: close
  Content-Type: text/html; charset=UTF-8
  Content-Length: 10165
Length: 10165 (9.9K) [text/html]
Saving to: 'docs/book06/chapter25.htm'

     0K .........                                             100%  230M=0s

Last-modified header missing -- time-stamps turned off.
2025-11-07 12:56:22 (230 MB/s) - 'docs/book06/chapter25.htm' saved [10165/10165]

--2025-11-07 12:56:22--  http://127.0.0.1:8000/gb2312/book06/chapter26.htm
Connecting to 127.0.0.1:8000... connected.
HTTP request sent, awaiting response... 
  HTTP/1.1 200 OK
  Host: 127.0.0.1:8000
  Date: Fri, 07 Nov 2025 12:56:22 GMT
  Connection: close
  Content-Type: text/html; charset=UTF-8
  Content-Length: 2260
Length: 2260 (2.2K) [text/html]
Saving to: 'docs/book06/chapter26.htm'

     0K ..                                                    100%  750M=0s

Last-modified header missing -- time-stamps turned off.
2025-11-07 12:56:22 (750 MB/s) - 'docs/book06/chapter26.htm' saved [2260/2260]

--2025-11-07 12:56:22--  http://127.0.0.1:8000/gb2312/book06/chapter27.htm
Connecting to 127.0.0.1:8000... connected.
HTTP request sent, awaiting response... 
  HTTP/1.1 200 OK
  Host: 127.0.0.1:8000
  Date: Fri, 07 Nov 2025 12:56:22 GMT
  Connection: close
  Content-Type: text/html; charset=UTF-8
  Content-Length: 1750
Length: 1750 (1.7K) [text/html]
Saving to: 'docs/book06/chapter27.htm'

     0K .                                                     100% 91.9M=0s

Last-modified header missing -- time-stamps turned off.
2025-11-07 12:56:22 (91.9 MB/s) - 'docs/book06/chapter27.htm' saved [1750/1750]

--2025-11-07 12:56:22--  http://127.0.0.1:8000/gb2312/book06/chapter28.htm
Connecting to 127.0.0.1:8000... connected.
HTTP request sent, awaiting response... 
  HTTP/1.1 200 OK
  Host: 127.0.0.1:8000
  Date: Fri, 07 Nov 2025 12:56:22 GMT
  Connection: close
  Content-Type: text/html; charset=UTF-8
  Content-Length: 2616
Length: 2616 (2.6K) [text/html]
Saving to: 'docs/book06/chapter28.htm'

     0K ..                                                    100%  117M=0s

Last-modified header missing -- time-stamps turned off.
2025-11-07 12:56:22 (117 MB/s) - 'docs/book06/chapter28.htm' saved [2616/2616]

--2025-11-07 12:56:22--  http://127.0.0.1:8000/gb2312/book06/chapter29.htm
Connecting to 127.0.0.1:8000... connected.
HTTP request sent, awaiting response... 
  HTTP/1.1 200 OK
  Host: 127.0.0.1:8000
  Date: Fri, 07 Nov 2025 12:56:22 GMT
  Connection: close
  Content-Type: text/html; charset=UTF-8
  Content-Length: 3081
Length: 3081 (3.0K) [text/html]
Saving to: 'docs/book06/chapter29.htm'

     0K ...                                                   100%  148M=0s

Last-modified header missing -- time-stamps turned off.
2025-11-07 12:56:22 (148 MB/s) - 'docs/book06/chapter29.htm' saved [3081/3081]

--2025-11-07 12:56:22--  http://127.0.0.1:8000/gb2312/book06/chapter30.htm
Connecting to 127.0.0.1:8000... connected.
HTTP request sent, awaiting response... 
  HTTP/1.1 200 OK
  Host: 127.0.0.1:8000
  Date: Fri, 07 Nov 2025 12:56:22 GMT
  Connection: close
  Content-Type: text/html; charset=UTF-8
  Content-Length: 2823
Length: 2823 (2.8K) [text/html]
Saving to: 'docs/book06/chapter30.htm'

     0K ..                                                    100% 1.47G=0s

Last-modified header missing -- time-stamps turned off.
2025-11-07 12:56:22 (1.47 GB/s) - 'docs/book06/chapter30.htm' saved [2823/2823]

--2025-11-07 12:56:22--  http://127.0.0.1:8000/gb2312/book06/chapter31.htm
Connecting to 127.0.0.1:8000... connected.
HTTP request sent, awaiting response... 
  HTTP/1.1 200 OK
  Host: 127.0.0.1:8000
  Date: Fri, 07 Nov 2025 12:56:22 GMT
  Connection: close
  Content-Type: text/html; charset=UTF-8
  Content-Length: 2536
Length: 2536 (2.5K) [text/html]
Saving to: 'docs/book06/chapter31.htm'

     0K ..                                                    100%  114M=0s

Last-modified header missing -- time-stamps turned off.
2025-11-07 12:56:22 (114 MB/s) - 'docs/book06/chapter31.htm' saved [2536/2536]

--2025-11-07 12:56:22--  http://127.0.0.1:8000/gb2312/book06/chapter32.htm
Connecting to 127.0.0.1:8000... connected.
HTTP request sent, awaiting response... 
  HTTP/1.1 200 OK
  Host: 127.0.0.1:8000
  Date: Fri, 07 Nov 2025 12:56:22 GMT
  Connection: close
  Content-Type: text/html; charset=UTF-8
  Content-Length: 2990
Length: 2990 (2.9K) [text/html]
Saving to: 'docs/book06/chapter32.htm'

     0K ..                                                    100% 90.9M=0s

Last-modified header missing -- time-stamps turned off.
2025-11-07 12:56:22 (90.9 MB/s) - 'docs/book06/chapter32.htm' saved [2990/2990]

--2025-11-07 12:56:22--  http://127.0.0.1:8000/gb2312/book06/chapter33.htm
Connecting to 127.0.0.1:8000... connected.
HTTP request sent, awaiting response... 
  HTTP/1.1 200 OK
  Host: 127.0.0.1:8000
  Date: Fri, 07 Nov 2025 12:56:22 GMT
  Connection: close
  Content-Type: text/html; charset=UTF-8
  Content-Length: 3367
Length: 3367 (3.3K) [text/html]
Saving to: 'docs/book06/chapter33.htm'

     0K ...                                                   100%  123M=0s

Last-modified header missing -- time-stamps turned off.
2025-11-07 12:56:22 (123 MB/s) - 'docs/book06/chapter33.htm' saved [3367/3367]

--2025-11-07 12:56:22--  http://127.0.0.1:8000/gb2312/book06/chapter34.htm
Connecting to 127.0.0.1:8000... connected.
HTTP request sent, awaiting response... 
  HTTP/1.1 200 OK
  Host: 127.0.0.1:8000
  Date: Fri, 07 Nov 2025 12:56:22 GMT
  Connection: close
  Content-Type: text/html; charset=UTF-8
  Content-Length: 3021
Length: 3021 (3.0K) [text/html]
Saving to: 'docs/book06/chapter34.htm'

     0K ..                                                    100%  169M=0s

Last-modified header missing -- time-stamps turned off.
2025-11-07 12:56:22 (169 MB/s) - 'docs/book06/chapter34.htm' saved [3021/3021]

--2025-11-07 12:56:22--  http://127.0.0.1:8000/gb2312/book06/chapter35.htm
Connecting to 127.0.0.1:8000... connected.
HTTP request sent, awaiting response... 
  HTTP/1.1 200 OK
  Host: 127.0.0.1:8000
  Date: Fri, 07 Nov 2025 12:56:22 GMT
  Connection: close
  Content-Type: text/html; charset=UTF-8
  Content-Length: 1610
Length: 1610 (1.6K) [text/html]
Saving to: 'docs/book06/chapter35.htm'

     0K .                                                     100% 93.5M=0s

Last-modified header missing -- time-stamps turned off.
2025-11-07 12:56:22 (93.5 MB/s) - 'docs/book06/chapter35.htm' saved [1610/1610]

--2025-11-07 12:56:22--  http://127.0.0.1:8000/gb2312/book06/chapter36.htm
Connecting to 127.0.0.1:8000... connected.
HTTP request sent, awaiting response... 
  HTTP/1.1 200 OK
  Host: 127.0.0.1:8000
  Date: Fri, 07 Nov 2025 12:56:22 GMT
  Connection: close
  Content-Type: text/html; charset=UTF-8
  Content-Length: 3271
Length: 3271 (3.2K) [text/html]
Saving to: 'docs/book06/chapter36.htm'

     0K ...                                                   100%  157M=0s

Last-modified header missing -- time-stamps turned off.
2025-11-07 12:56:22 (157 MB/s) - 'docs/book06/chapter36.htm' saved [3271/3271]

--2025-11-07 12:56:22--  http://127.0.0.1:8000/gb2312/book06/chapter37.htm
Connecting to 127.0.0.1:8000... connected.
HTTP request sent, awaiting response... 
  HTTP/1.1 200 OK
  Host: 127.0.0.1:8000
  Date: Fri, 07 Nov 2025 12:56:22 GMT
  Connection: close
  Content-Type: text/html; charset=UTF-8
  Content-Length: 1752
Length: 1752 (1.7K) [text/html]
Saving to: 'docs/book06/chapter37.htm'

     0K .                                                     100%  955M=0s

Last-modified header missing -- time-stamps turned off.
2025-11-07 12:56:22 (955 MB/s) - 'docs/book06/chapter37.htm' saved [1752/1752]

--2025-11-07 12:56:22--  http://127.0.0.1:8000/gb2312/book06/chapter38.htm
Connecting to 127.0.0.1:8000... connected.
HTTP request sent, awaiting response... 
  HTTP/1.1 200 OK
  Host: 127.0.0.1:8000
  Date: Fri, 07 Nov 2025 12:56:22 GMT
  Connection: close
  Content-Type: text/html; charset=UTF-8
  Content-Length: 2810
Length: 2810 (2.7K) [text/html]
Saving to: 'docs/book06/chapter38.htm'

     0K ..                                                    100%  130M=0s

Last-modified header missing -- time-stamps turned off.
2025-11-07 12:56:22 (130 MB/s) - 'docs/book06/chapter38.htm' saved [2810/2810]

--2025-11-07 12:56:22--  http://127.0.0.1:8000/gb2312/book06/chapter39.htm
Connecting to 127.0.0.1:8000... connected.
HTTP request sent, awaiting response... 
  HTTP/1.1 200 OK
  Host: 127.0.0.1:8000
  Date: Fri, 07 Nov 2025 12:56:22 GMT
  Connection: close
  Content-Type: text/html; charset=UTF-8
  Content-Length: 4512
Length: 4512 (4.4K) [text/html]
Saving to: 'docs/book06/chapter39.htm'

     0K ....                                                  100%  264M=0s

Last-modified header missing -- time-stamps turned off.
2025-11-07 12:56:22 (264 MB/s) - 'docs/book06/chapter39.htm' saved [4512/4512]

--2025-11-07 12:56:22--  http://127.0.0.1:8000/gb2312/book06/chapter40.htm
Connecting to 127.0.0.1:8000... connected.
HTTP request sent, awaiting response... 
  HTTP/1.1 200 OK
  Host: 127.0.0.1:8000
  Date: Fri, 07 Nov 2025 12:56:22 GMT
  Connection: close
  Content-Type: text/html; charset=UTF-8
  Content-Length: 6104
Length: 6104 (6.0K) [text/html]
Saving to: 'docs/book06/chapter40.htm'

     0K .....                                                 100% 2.90G=0s

Last-modified header missing -- time-stamps turned off.
2025-11-07 12:56:22 (2.90 GB/s) - 'docs/book06/chapter40.htm' saved [6104/6104]

--2025-11-07 12:56:22--  http://127.0.0.1:8000/gb2312/book06/chapter41.htm
Connecting to 127.0.0.1:8000... connected.
HTTP request sent, awaiting response... 
  HTTP/1.1 200 OK
  Host: 127.0.0.1:8000
  Date: Fri, 07 Nov 2025 12:56:22 GMT
  Connection: close
  Content-Type: text/html; charset=UTF-8
  Content-Length: 12557
Length: 12557 (12K) [text/html]
Saving to: 'docs/book06/chapter41.htm'

     0K .......... ..                                         100%  255M=0s

Last-modified header missing -- time-stamps turned off.
2025-11-07 12:56:22 (255 MB/s) - 'docs/book06/chapter41.htm' saved [12557/12557]

--2025-11-07 12:56:22--  http://127.0.0.1:8000/gb2312/book06/chapter42.htm
Connecting to 127.0.0.1:8000... connected.
HTTP request sent, awaiting response... 
  HTTP/1.1 200 OK
  Host: 127.0.0.1:8000
  Date: Fri, 07 Nov 2025 12:56:22 GMT
  Connection: close
  Content-Type: text/html; charset=UTF-8
  Content-Length: 6152
Length: 6152 (6.0K) [text/html]
Saving to: 'docs/book06/chapter42.htm'

     0K ......                                                100%  351M=0s

Last-modified header missing -- time-stamps turned off.
2025-11-07 12:56:22 (351 MB/s) - 'docs/book06/chapter42.htm' saved [6152/6152]

--2025-11-07 12:56:22--  http://127.0.0.1:8000/gb2312/book06/chapter43.htm
Connecting to 127.0.0.1:8000... connected.
HTTP request sent, awaiting response... 
  HTTP/1.1 200 OK
  Host: 127.0.0.1:8000
  Date: Fri, 07 Nov 2025 12:56:22 GMT
  Connection: close
  Content-Type: text/html; charset=UTF-8
  Content-Length: 16081
Length: 16081 (16K) [text/html]
Saving to: 'docs/book06/chapter43.htm'

     0K .......... .....                                      100% 4.18G=0s

Last-modified header missing -- time-stamps turned off.
2025-11-07 12:56:22 (4.18 GB/s) - 'docs/book06/chapter43.htm' saved [16081/16081]

--2025-11-07 12:56:22--  http://127.0.0.1:8000/gb2312/book06/chapter44.htm
Connecting to 127.0.0.1:8000... connected.
HTTP request sent, awaiting response... 
  HTTP/1.1 200 OK
  Host: 127.0.0.1:8000
  Date: Fri, 07 Nov 2025 12:56:22 GMT
  Connection: close
  Content-Type: text/html; charset=UTF-8
  Content-Length: 4291
Length: 4291 (4.2K) [text/html]
Saving to: 'docs/book06/chapter44.htm'

     0K ....                                                  100%  119M=0s

Last-modified header missing -- time-stamps turned off.
2025-11-07 12:56:22 (119 MB/s) - 'docs/book06/chapter44.htm' saved [4291/4291]

--2025-11-07 12:56:22--  http://127.0.0.1:8000/gb2312/book06/chapter45.htm
Connecting to 127.0.0.1:8000... connected.
HTTP request sent, awaiting response... 
  HTTP/1.1 200 OK
  Host: 127.0.0.1:8000
  Date: Fri, 07 Nov 2025 12:56:22 GMT
  Connection: close
  Content-Type: text/html; charset=UTF-8
  Content-Length: 2227
Length: 2227 (2.2K) [text/html]
Saving to: 'docs/book06/chapter45.htm'

     0K ..                                                    100%  127M=0s

Last-modified header missing -- time-stamps turned off.
2025-11-07 12:56:22 (127 MB/s) - 'docs/book06/chapter45.htm' saved [2227/2227]

--2025-11-07 12:56:22--  http://127.0.0.1:8000/gb2312/book06/chapter46.htm
Connecting to 127.0.0.1:8000... connected.
HTTP request sent, awaiting response... 
  HTTP/1.1 200 OK
  Host: 127.0.0.1:8000
  Date: Fri, 07 Nov 2025 12:56:22 GMT
  Connection: close
  Content-Type: text/html; charset=UTF-8
  Content-Length: 3008
Length: 3008 (2.9K) [text/html]
Saving to: 'docs/book06/chapter46.htm'

     0K ..                                                    100%  174M=0s

Last-modified header missing -- time-stamps turned off.
2025-11-07 12:56:22 (174 MB/s) - 'docs/book06/chapter46.htm' saved [3008/3008]

--2025-11-07 12:56:22--  http://127.0.0.1:8000/gb2312/book07/chapter00.htm
Connecting to 127.0.0.1:8000... connected.
HTTP request sent, awaiting response... 
  HTTP/1.1 200 OK
  Host: 127.0.0.1:8000
  Date: Fri, 07 Nov 2025 12:56:22 GMT
  Connection: close
  Content-Type: text/html; charset=UTF-8
  Content-Length: 1540
Length: 1540 (1.5K) [text/html]
Saving to: 'docs/book07/chapter00.htm'

     0K .                                                     100% 92.3M=0s

Last-modified header missing -- time-stamps turned off.
2025-11-07 12:56:22 (92.3 MB/s) - 'docs/book07/chapter00.htm' saved [1540/1540]

--2025-11-07 12:56:22--  http://127.0.0.1:8000/gb2312/book07/chapter01.htm
Connecting to 127.0.0.1:8000... connected.
HTTP request sent, awaiting response... 
  HTTP/1.1 200 OK
  Host: 127.0.0.1:8000
  Date: Fri, 07 Nov 2025 12:56:22 GMT
  Connection: close
  Content-Type: text/html; charset=UTF-8
  Content-Length: 2623
Length: 2623 (2.6K) [text/html]
Saving to: 'docs/book07/chapter01.htm'

     0K ..                                                    100%  146M=0s

Last-modified header missing -- time-stamps turned off.
2025-11-07 12:56:22 (146 MB/s) - 'docs/book07/chapter01.htm' saved [2623/2623]

--2025-11-07 12:56:22--  http://127.0.0.1:8000/gb2312/book07/chapter02.htm
Connecting to 127.0.0.1:8000... connected.
HTTP request sent, awaiting response... 
  HTTP/1.1 200 OK
  Host: 127.0.0.1:8000
  Date: Fri, 07 Nov 2025 12:56:22 GMT
  Connection: close
  Content-Type: text/html; charset=UTF-8
  Content-Length: 1780
Length: 1780 (1.7K) [text/html]
Saving to: 'docs/book07/chapter02.htm'

     0K .                                                     100%  111M=0s

Last-modified header missing -- time-stamps turned off.
2025-11-07 12:56:22 (111 MB/s) - 'docs/book07/chapter02.htm' saved [1780/1780]

--2025-11-07 12:56:22--  http://127.0.0.1:8000/gb2312/book07/chapter03.htm
Connecting to 127.0.0.1:8000... connected.
HTTP request sent, awaiting response... 
  HTTP/1.1 200 OK
  Host: 127.0.0.1:8000
  Date: Fri, 07 Nov 2025 12:56:22 GMT
  Connection: close
  Content-Type: text/html; charset=UTF-8
  Content-Length: 2638
Length: 2638 (2.6K) [text/html]
Saving to: 'docs/book07/chapter03.htm'

     0K ..                                                    100%  127M=0s

Last-modified header missing -- time-stamps turned off.
2025-11-07 12:56:22 (127 MB/s) - 'docs/book07/chapter03.htm' saved [2638/2638]

--2025-11-07 12:56:22--  http://127.0.0.1:8000/gb2312/book07/chapter04.htm
Connecting to 127.0.0.1:8000... connected.
HTTP request sent, awaiting response... 
  HTTP/1.1 200 OK
  Host: 127.0.0.1:8000
  Date: Fri, 07 Nov 2025 12:56:22 GMT
  Connection: close
  Content-Type: text/html; charset=UTF-8
  Content-Length: 2020
Length: 2020 (2.0K) [text/html]
Saving to: 'docs/book07/chapter04.htm'

     0K .                                                     100% 1.10G=0s

Last-modified header missing -- time-stamps turned off.
2025-11-07 12:56:22 (1.10 GB/s) - 'docs/book07/chapter04.htm' saved [2020/2020]

--2025-11-07 12:56:22--  http://127.0.0.1:8000/gb2312/book07/chapter05.htm
Connecting to 127.0.0.1:8000... connected.
HTTP request sent, awaiting response... 
  HTTP/1.1 200 OK
  Host: 127.0.0.1:8000
  Date: Fri, 07 Nov 2025 12:56:22 GMT
  Connection: close
  Content-Type: text/html; charset=UTF-8
  Content-Length: 4036
Length: 4036 (3.9K) [text/html]
Saving to: 'docs/book07/chapter05.htm'

     0K ...                                                   100%  169M=0s

Last-modified header missing -- time-stamps turned off.
2025-11-07 12:56:22 (169 MB/s) - 'docs/book07/chapter05.htm' saved [4036/4036]

--2025-11-07 12:56:22--  http://127.0.0.1:8000/gb2312/book07/chapter06.htm
Connecting to 127.0.0.1:8000... connected.
HTTP request sent, awaiting response... 
  HTTP/1.1 200 OK
  Host: 127.0.0.1:8000
  Date: Fri, 07 Nov 2025 12:56:22 GMT
  Connection: close
  Content-Type: text/html; charset=UTF-8
  Content-Length: 3028
Length: 3028 (3.0K) [text/html]
Saving to: 'docs/book07/chapter06.htm'

     0K ..                                                    100%  142M=0s

Last-modified header missing -- time-stamps turned off.
2025-11-07 12:56:22 (142 MB/s) - 'docs/book07/chapter06.htm' saved [3028/3028]

--2025-11-07 12:56:22--  http://127.0.0.1:8000/gb2312/book07/chapter07.htm
Connecting to 127.0.0.1:8000... connected.
HTTP request sent, awaiting response... 
  HTTP/1.1 200 OK
  Host: 127.0.0.1:8000
  Date: Fri, 07 Nov 2025 12:56:22 GMT
  Connection: close
  Content-Type: text/html; charset=UTF-8
  Content-Length: 5307
Length: 5307 (5.2K) [text/html]
Saving to: 'docs/book07/chapter07.htm'

     0K .....                                                 100%  187M=0s

Last-modified header missing -- time-stamps turned off.
2025-11-07 12:56:22 (187 MB/s) - 'docs/book07/chapter07.htm' saved [5307/5307]

--2025-11-07 12:56:22--  http://127.0.0.1:8000/gb2312/book07/chapter08.htm
Connecting to 127.0.0.1:8000... connected.
HTTP request sent, awaiting response... 
  HTTP/1.1 200 OK
  Host: 127.0.0.1:8000
  Date: Fri, 07 Nov 2025 12:56:22 GMT
  Connection: close
  Content-Type: text/html; charset=UTF-8
  Content-Length: 2489
Length: 2489 (2.4K) [text/html]
Saving to: 'docs/book07/chapter08.htm'

     0K ..                                                    100%  135M=0s

Last-modified header missing -- time-stamps turned off.
2025-11-07 12:56:22 (135 MB/s) - 'docs/book07/chapter08.htm' saved [2489/2489]

--2025-11-07 12:56:22--  http://127.0.0.1:8000/gb2312/book07/chapter09.htm
Connecting to 127.0.0.1:8000... connected.
HTTP request sent, awaiting response... 
  HTTP/1.1 200 OK
  Host: 127.0.0.1:8000
  Date: Fri, 07 Nov 2025 12:56:22 GMT
  Connection: close
  Content-Type: text/html; charset=UTF-8
  Content-Length: 3707
Length: 3707 (3.6K) [text/html]
Saving to: 'docs/book07/chapter09.htm'

     0K ...                                                   100% 1.53G=0s

Last-modified header missing -- time-stamps turned off.
2025-11-07 12:56:22 (1.53 GB/s) - 'docs/book07/chapter09.htm' saved [3707/3707]

--2025-11-07 12:56:22--  http://127.0.0.1:8000/gb2312/book07/chapter10.htm
Connecting to 127.0.0.1:8000... connected.
HTTP request sent, awaiting response... 
  HTTP/1.1 200 OK
  Host: 127.0.0.1:8000
  Date: Fri, 07 Nov 2025 12:56:22 GMT
  Connection: close
  Content-Type: text/html; charset=UTF-8
  Content-Length: 8962
Length: 8962 (8.8K) [text/html]
Saving to: 'docs/book07/chapter10.htm'

     0K ........                                              100% 2.38G=0s

Last-modified header missing -- time-stamps turned off.
2025-11-07 12:56:22 (2.38 GB/s) - 'docs/book07/chapter10.htm' saved [8962/8962]

--2025-11-07 12:56:22--  http://127.0.0.1:8000/gb2312/book07/chapter11.htm
Connecting to 127.0.0.1:8000... connected.
HTTP request sent, awaiting response... 
  HTTP/1.1 200 OK
  Host: 127.0.0.1:8000
  Date: Fri, 07 Nov 2025 12:56:22 GMT
  Connection: close
  Content-Type: text/html; charset=UTF-8
  Content-Length: 16004
Length: 16004 (16K) [text/html]
Saving to: 'docs/book07/chapter11.htm'

     0K .......... .....                                      100% 1.12G=0s

Last-modified header missing -- time-stamps turned off.
2025-11-07 12:56:22 (1.12 GB/s) - 'docs/book07/chapter11.htm' saved [16004/16004]

--2025-11-07 12:56:22--  http://127.0.0.1:8000/gb2312/book07/chapter12.htm
Connecting to 127.0.0.1:8000... connected.
HTTP request sent, awaiting response... 
  HTTP/1.1 200 OK
  Host: 127.0.0.1:8000
  Date: Fri, 07 Nov 2025 12:56:22 GMT
  Connection: close
  Content-Type: text/html; charset=UTF-8
  Content-Length: 1987
Length: 1987 (1.9K) [text/html]
Saving to: 'docs/book07/chapter12.htm'

     0K .                                                     100% 1.11G=0s

Last-modified header missing -- time-stamps turned off.
2025-11-07 12:56:22 (1.11 GB/s) - 'docs/book07/chapter12.htm' saved [1987/1987]

--2025-11-07 12:56:22--  http://127.0.0.1:8000/gb2312/book07/chapter13.htm
Connecting to 127.0.0.1:8000... connected.
HTTP request sent, awaiting response... 
  HTTP/1.1 200 OK
  Host: 127.0.0.1:8000
  Date: Fri, 07 Nov 2025 12:56:22 GMT
  Connection: close
  Content-Type: text/html; charset=UTF-8
  Content-Length: 2976
Length: 2976 (2.9K) [text/html]
Saving to: 'docs/book07/chapter13.htm'

     0K ..                                                    100%  180M=0s

Last-modified header missing -- time-stamps turned off.
2025-11-07 12:56:22 (180 MB/s) - 'docs/book07/chapter13.htm' saved [2976/2976]

--2025-11-07 12:56:22--  http://127.0.0.1:8000/gb2312/book07/chapter14.htm
Connecting to 127.0.0.1:8000... connected.
HTTP request sent, awaiting response... 
  HTTP/1.1 200 OK
  Host: 127.0.0.1:8000
  Date: Fri, 07 Nov 2025 12:56:22 GMT
  Connection: close
  Content-Type: text/html; charset=UTF-8
  Content-Length: 1926
Length: 1926 (1.9K) [text/html]
Saving to: 'docs/book07/chapter14.htm'

     0K .                                                     100%  121M=0s

Last-modified header missing -- time-stamps turned off.
2025-11-07 12:56:22 (121 MB/s) - 'docs/book07/chapter14.htm' saved [1926/1926]

--2025-11-07 12:56:22--  http://127.0.0.1:8000/gb2312/book07/chapter15.htm
Connecting to 127.0.0.1:8000... connected.
HTTP request sent, awaiting response... 
  HTTP/1.1 200 OK
  Host: 127.0.0.1:8000
  Date: Fri, 07 Nov 2025 12:56:22 GMT
  Connection: close
  Content-Type: text/html; charset=UTF-8
  Content-Length: 3668
Length: 3668 (3.6K) [text/html]
Saving to: 'docs/book07/chapter15.htm'

     0K ...                                                   100%  218M=0s

Last-modified header missing -- time-stamps turned off.
2025-11-07 12:56:22 (218 MB/s) - 'docs/book07/chapter15.htm' saved [3668/3668]

--2025-11-07 12:56:22--  http://127.0.0.1:8000/gb2312/book07/chapter16.htm
Connecting to 127.0.0.1:8000... connected.
HTTP request sent, awaiting response... 
  HTTP/1.1 200 OK
  Host: 127.0.0.1:8000
  Date: Fri, 07 Nov 2025 12:56:22 GMT
  Connection: close
  Content-Type: text/html; charset=UTF-8
  Content-Length: 1797
Length: 1797 (1.8K) [text/html]
Saving to: 'docs/book07/chapter16.htm'

     0K .                                                     100% 1.03G=0s

Last-modified header missing -- time-stamps turned off.
2025-11-07 12:56:22 (1.03 GB/s) - 'docs/book07/chapter16.htm' saved [1797/1797]

--2025-11-07 12:56:22--  http://127.0.0.1:8000/gb2312/book07/chapter17.htm
Connecting to 127.0.0.1:8000... connected.
HTTP request sent, awaiting response... 
  HTTP/1.1 200 OK
  Host: 127.0.0.1:8000
  Date: Fri, 07 Nov 2025 12:56:22 GMT
  Connection: close
  Content-Type: text/html; charset=UTF-8
  Content-Length: 2067
Length: 2067 (2.0K) [text/html]
Saving to: 'docs/book07/chapter17.htm'

     0K ..                                                    100%  127M=0s

Last-modified header missing -- time-stamps turned off.
2025-11-07 12:56:22 (127 MB/s) - 'docs/book07/chapter17.htm' saved [2067/2067]

--2025-11-07 12:56:22--  http://127.0.0.1:8000/gb2312/book07/chapter18.htm
Connecting to 127.0.0.1:8000... connected.
HTTP request sent, awaiting response... 
  HTTP/1.1 200 OK
  Host: 127.0.0.1:8000
  Date: Fri, 07 Nov 2025 12:56:22 GMT
  Connection: close
  Content-Type: text/html; charset=UTF-8
  Content-Length: 3828
Length: 3828 (3.7K) [text/html]
Saving to: 'docs/book07/chapter18.htm'

     0K ...                                                   100%  190M=0s

Last-modified header missing -- time-stamps turned off.
2025-11-07 12:56:22 (190 MB/s) - 'docs/book07/chapter18.htm' saved [3828/3828]

--2025-11-07 12:56:22--  http://127.0.0.1:8000/gb2312/book07/chapter19.htm
Connecting to 127.0.0.1:8000... connected.
HTTP request sent, awaiting response... 
  HTTP/1.1 200 OK
  Host: 127.0.0.1:8000
  Date: Fri, 07 Nov 2025 12:56:22 GMT
  Connection: close
  Content-Type: text/html; charset=UTF-8
  Content-Length: 2658
Length: 2658 (2.6K) [text/html]
Saving to: 'docs/book07/chapter19.htm'

     0K ..                                                    100% 1.48G=0s

Last-modified header missing -- time-stamps turned off.
2025-11-07 12:56:22 (1.48 GB/s) - 'docs/book07/chapter19.htm' saved [2658/2658]

--2025-11-07 12:56:22--  http://127.0.0.1:8000/gb2312/book07/chapter20.htm
Connecting to 127.0.0.1:8000... connected.
HTTP request sent, awaiting response... 
  HTTP/1.1 200 OK
  Host: 127.0.0.1:8000
  Date: Fri, 07 Nov 2025 12:56:22 GMT
  Connection: close
  Content-Type: text/html; charset=UTF-8
  Content-Length: 3133
Length: 3133 (3.1K) [text/html]
Saving to: 'docs/book07/chapter20.htm'

     0K ...                                                   100% 1.59G=0s

Last-modified header missing -- time-stamps turned off.
2025-11-07 12:56:22 (1.59 GB/s) - 'docs/book07/chapter20.htm' saved [3133/3133]

--2025-11-07 12:56:22--  http://127.0.0.1:8000/gb2312/book07/chapter21.htm
Connecting to 127.0.0.1:8000... connected.
HTTP request sent, awaiting response... 
  HTTP/1.1 200 OK
  Host: 127.0.0.1:8000
  Date: Fri, 07 Nov 2025 12:56:22 GMT
  Connection: close
  Content-Type: text/html; charset=UTF-8
  Content-Length: 5258
Length: 5258 (5.1K) [text/html]
Saving to: 'docs/book07/chapter21.htm'

     0K .....                                                 100%  260M=0s

Last-modified header missing -- time-stamps turned off.
2025-11-07 12:56:22 (260 MB/s) - 'docs/book07/chapter21.htm' saved [5258/5258]

--2025-11-07 12:56:22--  http://127.0.0.1:8000/gb2312/book07/chapter22.htm
Connecting to 127.0.0.1:8000... connected.
HTTP request sent, awaiting response... 
  HTTP/1.1 200 OK
  Host: 127.0.0.1:8000
  Date: Fri, 07 Nov 2025 12:56:22 GMT
  Connection: close
  Content-Type: text/html; charset=UTF-8
  Content-Length: 5508
Length: 5508 (5.4K) [text/html]
Saving to: 'docs/book07/chapter22.htm'

     0K .....                                                 100%  297M=0s

Last-modified header missing -- time-stamps turned off.
2025-11-07 12:56:22 (297 MB/s) - 'docs/book07/chapter22.htm' saved [5508/5508]

--2025-11-07 12:56:22--  http://127.0.0.1:8000/gb2312/book07/chapter23.htm
Connecting to 127.0.0.1:8000... connected.
HTTP request sent, awaiting response... 
  HTTP/1.1 200 OK
  Host: 127.0.0.1:8000
  Date: Fri, 07 Nov 2025 12:56:22 GMT
  Connection: close
  Content-Type: text/html; charset=UTF-8
  Content-Length: 2945
Length: 2945 (2.9K) [text/html]
Saving to: 'docs/book07/chapter23.htm'

     0K ..                                                    100%  138M=0s

Last-modified header missing -- time-stamps turned off.
2025-11-07 12:56:22 (138 MB/s) - 'docs/book07/chapter23.htm' saved [2945/2945]

--2025-11-07 12:56:22--  http://127.0.0.1:8000/gb2312/book07/chapter24.htm
Connecting to 127.0.0.1:8000... connected.
HTTP request sent, awaiting response... 
  HTTP/1.1 200 OK
  Host: 127.0.0.1:8000
  Date: Fri, 07 Nov 2025 12:56:22 GMT
  Connection: close
  Content-Type: text/html; charset=UTF-8
  Content-Length: 6594
Length: 6594 (6.4K) [text/html]
Saving to: 'docs/book07/chapter24.htm'

     0K ......                                                100%  386M=0s

Last-modified header missing -- time-stamps turned off.
2025-11-07 12:56:22 (386 MB/s) - 'docs/book07/chapter24.htm' saved [6594/6594]

--2025-11-07 12:56:22--  http://127.0.0.1:8000/gb2312/book07/chapter25.htm
Connecting to 127.0.0.1:8000... connected.
HTTP request sent, awaiting response... 
  HTTP/1.1 200 OK
  Host: 127.0.0.1:8000
  Date: Fri, 07 Nov 2025 12:56:22 GMT
  Connection: close
  Content-Type: text/html; charset=UTF-8
  Content-Length: 16743
Length: 16743 (16K) [text/html]
Saving to: 'docs/book07/chapter25.htm'

     0K .......... ......                                     100% 3.40G=0s

Last-modified header missing -- time-stamps turned off.
2025-11-07 12:56:22 (3.40 GB/s) - 'docs/book07/chapter25.htm' saved [16743/16743]

--2025-11-07 12:56:22--  http://127.0.0.1:8000/gb2312/book07/chapter26.htm
Connecting to 127.0.0.1:8000... connected.
HTTP request sent, awaiting response... 
  HTTP/1.1 200 OK
  Host: 127.0.0.1:8000
  Date: Fri, 07 Nov 2025 12:56:22 GMT
  Connection: close
  Content-Type: text/html; charset=UTF-8
  Content-Length: 2522
Length: 2522 (2.5K) [text/html]
Saving to: 'docs/book07/chapter26.htm'

     0K ..                                                    100%  134M=0s

Last-modified header missing -- time-stamps turned off.
2025-11-07 12:56:22 (134 MB/s) - 'docs/book07/chapter26.htm' saved [2522/2522]

--2025-11-07 12:56:22--  http://127.0.0.1:8000/gb2312/book07/chapter27.htm
Connecting to 127.0.0.1:8000... connected.
HTTP request sent, awaiting response... 
  HTTP/1.1 200 OK
  Host: 127.0.0.1:8000
  Date: Fri, 07 Nov 2025 12:56:22 GMT
  Connection: close
  Content-Type: text/html; charset=UTF-8
  Content-Length: 3734
Length: 3734 (3.6K) [text/html]
Saving to: 'docs/book07/chapter27.htm'

     0K ...                                                   100%  212M=0s

Last-modified header missing -- time-stamps turned off.
2025-11-07 12:56:22 (212 MB/s) - 'docs/book07/chapter27.htm' saved [3734/3734]

--2025-11-07 12:56:22--  http://127.0.0.1:8000/gb2312/book07/chapter28.htm
Connecting to 127.0.0.1:8000... connected.
HTTP request sent, awaiting response... 
  HTTP/1.1 200 OK
  Host: 127.0.0.1:8000
  Date: Fri, 07 Nov 2025 12:56:22 GMT
  Connection: close
  Content-Type: text/html; charset=UTF-8
  Content-Length: 3354
Length: 3354 (3.3K) [text/html]
Saving to: 'docs/book07/chapter28.htm'

     0K ...                                                   100%  189M=0s

Last-modified header missing -- time-stamps turned off.
2025-11-07 12:56:22 (189 MB/s) - 'docs/book07/chapter28.htm' saved [3354/3354]

--2025-11-07 12:56:22--  http://127.0.0.1:8000/gb2312/book07/chapter29.htm
Connecting to 127.0.0.1:8000... connected.
HTTP request sent, awaiting response... 
  HTTP/1.1 200 OK
  Host: 127.0.0.1:8000
  Date: Fri, 07 Nov 2025 12:56:22 GMT
  Connection: close
  Content-Type: text/html; charset=UTF-8
  Content-Length: 2182
Length: 2182 (2.1K) [text/html]
Saving to: 'docs/book07/chapter29.htm'

     0K ..                                                    100%  110M=0s

Last-modified header missing -- time-stamps turned off.
2025-11-07 12:56:22 (110 MB/s) - 'docs/book07/chapter29.htm' saved [2182/2182]

--2025-11-07 12:56:22--  http://127.0.0.1:8000/gb2312/book07/chapter30.htm
Connecting to 127.0.0.1:8000... connected.
HTTP request sent, awaiting response... 
  HTTP/1.1 200 OK
  Host: 127.0.0.1:8000
  Date: Fri, 07 Nov 2025 12:56:22 GMT
  Connection: close
  Content-Type: text/html; charset=UTF-8
  Content-Length: 12518
Length: 12518 (12K) [text/html]
Saving to: 'docs/book07/chapter30.htm'

     0K .......... ..                                         100%  367M=0s

Last-modified header missing -- time-stamps turned off.
2025-11-07 12:56:22 (367 MB/s) - 'docs/book07/chapter30.htm' saved [12518/12518]

--2025-11-07 12:56:22--  http://127.0.0.1:8000/gb2312/book07/chapter31.htm
Connecting to 127.0.0.1:8000... connected.
HTTP request sent, awaiting response... 
  HTTP/1.1 200 OK
  Host: 127.0.0.1:8000
  Date: Fri, 07 Nov 2025 12:56:22 GMT
  Connection: close
  Content-Type: text/html; charset=UTF-8
  Content-Length: 3572
Length: 3572 (3.5K) [text/html]
Saving to: 'docs/book07/chapter31.htm'

     0K ...                                                   100% 1.17G=0s

Last-modified header missing -- time-stamps turned off.
2025-11-07 12:56:22 (1.17 GB/s) - 'docs/book07/chapter31.htm' saved [3572/3572]

--2025-11-07 12:56:22--  http://127.0.0.1:8000/gb2312/book07/chapter32.htm
Connecting to 127.0.0.1:8000... connected.
HTTP request sent, awaiting response... 
  HTTP/1.1 200 OK
  Host: 127.0.0.1:8000
  Date: Fri, 07 Nov 2025 12:56:22 GMT
  Connection: close
  Content-Type: text/html; charset=UTF-8
  Content-Length: 20940
Length: 20940 (20K) [text/html]
Saving to: 'docs/book07/chapter32.htm'

     0K .......... ..........                                 100% 1.05G=0s

Last-modified header missing -- time-stamps turned off.
2025-11-07 12:56:22 (1.05 GB/s) - 'docs/book07/chapter32.htm' saved [20940/20940]

--2025-11-07 12:56:22--  http://127.0.0.1:8000/gb2312/book08/chapter00.htm
Connecting to 127.0.0.1:8000... connected.
HTTP request sent, awaiting response... 
  HTTP/1.1 200 OK
  Host: 127.0.0.1:8000
  Date: Fri, 07 Nov 2025 12:56:22 GMT
  Connection: close
  Content-Type: text/html; charset=UTF-8
  Content-Length: 1582
Length: 1582 (1.5K) [text/html]
Saving to: 'docs/book08/chapter00.htm'

     0K .                                                     100%  770M=0s

Last-modified header missing -- time-stamps turned off.
2025-11-07 12:56:22 (770 MB/s) - 'docs/book08/chapter00.htm' saved [1582/1582]

--2025-11-07 12:56:22--  http://127.0.0.1:8000/gb2312/book08/chapter01.htm
Connecting to 127.0.0.1:8000... connected.
HTTP request sent, awaiting response... 
  HTTP/1.1 200 OK
  Host: 127.0.0.1:8000
  Date: Fri, 07 Nov 2025 12:56:22 GMT
  Connection: close
  Content-Type: text/html; charset=UTF-8
  Content-Length: 6607
Length: 6607 (6.5K) [text/html]
Saving to: 'docs/book08/chapter01.htm'

     0K ......                                                100% 1.89G=0s

Last-modified header missing -- time-stamps turned off.
2025-11-07 12:56:22 (1.89 GB/s) - 'docs/book08/chapter01.htm' saved [6607/6607]

--2025-11-07 12:56:22--  http://127.0.0.1:8000/gb2312/book08/chapter02.htm
Connecting to 127.0.0.1:8000... connected.
HTTP request sent, awaiting response... 
  HTTP/1.1 200 OK
  Host: 127.0.0.1:8000
  Date: Fri, 07 Nov 2025 12:56:22 GMT
  Connection: close
  Content-Type: text/html; charset=UTF-8
  Content-Length: 5425
Length: 5425 (5.3K) [text/html]
Saving to: 'docs/book08/chapter02.htm'

     0K .....                                                 100% 2.82G=0s

Last-modified header missing -- time-stamps turned off.
2025-11-07 12:56:22 (2.82 GB/s) - 'docs/book08/chapter02.htm' saved [5425/5425]

--2025-11-07 12:56:22--  http://127.0.0.1:8000/gb2312/book08/chapter03.htm
Connecting to 127.0.0.1:8000... connected.
HTTP request sent, awaiting response... 
  HTTP/1.1 200 OK
  Host: 127.0.0.1:8000
  Date: Fri, 07 Nov 2025 12:56:22 GMT
  Connection: close
  Content-Type: text/html; charset=UTF-8
  Content-Length: 3047
Length: 3047 (3.0K) [text/html]
Saving to: 'docs/book08/chapter03.htm'

     0K ..                                                    100% 1.62G=0s

Last-modified header missing -- time-stamps turned off.
2025-11-07 12:56:22 (1.62 GB/s) - 'docs/book08/chapter03.htm' saved [3047/3047]

--2025-11-07 12:56:22--  http://127.0.0.1:8000/gb2312/book08/chapter04.htm
Connecting to 127.0.0.1:8000... connected.
HTTP request sent, awaiting response... 
  HTTP/1.1 200 OK
  Host: 127.0.0.1:8000
  Date: Fri, 07 Nov 2025 12:56:22 GMT
  Connection: close
  Content-Type: text/html; charset=UTF-8
  Content-Length: 4037
Length: 4037 (3.9K) [text/html]
Saving to: 'docs/book08/chapter04.htm'

     0K ...                                                   100% 2.10G=0s

Last-modified header missing -- time-stamps turned off.
2025-11-07 12:56:22 (2.10 GB/s) - 'docs/book08/chapter04.htm' saved [4037/4037]

--2025-11-07 12:56:22--  http://127.0.0.1:8000/gb2312/book08/chapter05.htm
Connecting to 127.0.0.1:8000... connected.
HTTP request sent, awaiting response... 
  HTTP/1.1 200 OK
  Host: 127.0.0.1:8000
  Date: Fri, 07 Nov 2025 12:56:22 GMT
  Connection: close
  Content-Type: text/html; charset=UTF-8
  Content-Length: 2084
Length: 2084 (2.0K) [text/html]
Saving to: 'docs/book08/chapter05.htm'

     0K ..                                                    100% 1.19G=0s

Last-modified header missing -- time-stamps turned off.
2025-11-07 12:56:22 (1.19 GB/s) - 'docs/book08/chapter05.htm' saved [2084/2084]

--2025-11-07 12:56:22--  http://127.0.0.1:8000/gb2312/book08/chapter06.htm
Connecting to 127.0.0.1:8000... connected.
HTTP request sent, awaiting response... 
  HTTP/1.1 200 OK
  Host: 127.0.0.1:8000
  Date: Fri, 07 Nov 2025 12:56:22 GMT
  Connection: close
  Content-Type: text/html; charset=UTF-8
  Content-Length: 8079
Length: 8079 (7.9K) [text/html]
Saving to: 'docs/book08/chapter06.htm'

     0K .......                                               100% 2.44G=0s

Last-modified header missing -- time-stamps turned off.
2025-11-07 12:56:22 (2.44 GB/s) - 'docs/book08/chapter06.htm' saved [8079/8079]

--2025-11-07 12:56:22--  http://127.0.0.1:8000/gb2312/book08/chapter07.htm
Connecting to 127.0.0.1:8000... connected.
HTTP request sent, awaiting response... 
  HTTP/1.1 200 OK
  Host: 127.0.0.1:8000
  Date: Fri, 07 Nov 2025 12:56:22 GMT
  Connection: close
  Content-Type: text/html; charset=UTF-8
  Content-Length: 5025
Length: 5025 (4.9K) [text/html]
Saving to: 'docs/book08/chapter07.htm'

     0K ....                                                  100% 2.44G=0s

Last-modified header missing -- time-stamps turned off.
2025-11-07 12:56:22 (2.44 GB/s) - 'docs/book08/chapter07.htm' saved [5025/5025]

--2025-11-07 12:56:22--  http://127.0.0.1:8000/gb2312/book08/chapter08.htm
Connecting to 127.0.0.1:8000... connected.
HTTP request sent, awaiting response... 
  HTTP/1.1 200 OK
  Host: 127.0.0.1:8000
  Date: Fri, 07 Nov 2025 12:56:22 GMT
  Connection: close
  Content-Type: text/html; charset=UTF-8
  Content-Length: 2682
Length: 2682 (2.6K) [text/html]
Saving to: 'docs/book08/chapter08.htm'

     0K ..                                                    100% 1.50G=0s

Last-modified header missing -- time-stamps turned off.
2025-11-07 12:56:22 (1.50 GB/s) - 'docs/book08/chapter08.htm' saved [2682/2682]

--2025-11-07 12:56:22--  http://127.0.0.1:8000/gb2312/book08/chapter09.htm
Connecting to 127.0.0.1:8000... connected.
HTTP request sent, awaiting response... 
  HTTP/1.1 200 OK
  Host: 127.0.0.1:8000
  Date: Fri, 07 Nov 2025 12:56:22 GMT
  Connection: close
  Content-Type: text/html; charset=UTF-8
  Content-Length: 5515
Length: 5515 (5.4K) [text/html]
Saving to: 'docs/book08/chapter09.htm'

     0K .....                                                 100% 2.37G=0s

Last-modified header missing -- time-stamps turned off.
2025-11-07 12:56:22 (2.37 GB/s) - 'docs/book08/chapter09.htm' saved [5515/5515]

--2025-11-07 12:56:22--  http://127.0.0.1:8000/gb2312/book08/chapter10.htm
Connecting to 127.0.0.1:8000... connected.
HTTP request sent, awaiting response... 
  HTTP/1.1 200 OK
  Host: 127.0.0.1:8000
  Date: Fri, 07 Nov 2025 12:56:22 GMT
  Connection: close
  Content-Type: text/html; charset=UTF-8
  Content-Length: 7755
Length: 7755 (7.6K) [text/html]
Saving to: 'docs/book08/chapter10.htm'

     0K .......                                               100% 3.27G=0s

Last-modified header missing -- time-stamps turned off.
2025-11-07 12:56:22 (3.27 GB/s) - 'docs/book08/chapter10.htm' saved [7755/7755]

--2025-11-07 12:56:22--  http://127.0.0.1:8000/gb2312/book08/chapter11.htm
Connecting to 127.0.0.1:8000... connected.
HTTP request sent, awaiting response... 
  HTTP/1.1 200 OK
  Host: 127.0.0.1:8000
  Date: Fri, 07 Nov 2025 12:56:22 GMT
  Connection: close
  Content-Type: text/html; charset=UTF-8
  Content-Length: 3150
Length: 3150 (3.1K) [text/html]
Saving to: 'docs/book08/chapter11.htm'

     0K ...                                                   100% 1.12G=0s

Last-modified header missing -- time-stamps turned off.
2025-11-07 12:56:22 (1.12 GB/s) - 'docs/book08/chapter11.htm' saved [3150/3150]

--2025-11-07 12:56:22--  http://127.0.0.1:8000/gb2312/book08/chapter12.htm
Connecting to 127.0.0.1:8000... connected.
HTTP request sent, awaiting response... 
  HTTP/1.1 200 OK
  Host: 127.0.0.1:8000
  Date: Fri, 07 Nov 2025 12:56:22 GMT
  Connection: close
  Content-Type: text/html; charset=UTF-8
  Content-Length: 8042
Length: 8042 (7.9K) [text/html]
Saving to: 'docs/book08/chapter12.htm'

     0K .......                                               100% 2.22G=0s

Last-modified header missing -- time-stamps turned off.
2025-11-07 12:56:22 (2.22 GB/s) - 'docs/book08/chapter12.htm' saved [8042/8042]

--2025-11-07 12:56:22--  http://127.0.0.1:8000/gb2312/book08/chapter13.htm
Connecting to 127.0.0.1:8000... connected.
HTTP request sent, awaiting response... 
  HTTP/1.1 200 OK
  Host: 127.0.0.1:8000
  Date: Fri, 07 Nov 2025 12:56:22 GMT
  Connection: close
  Content-Type: text/html; charset=UTF-8
  Content-Length: 14076
Length: 14076 (14K) [text/html]
Saving to: 'docs/book08/chapter13.htm'

     0K .......... ...                                        100% 1.01G=0s

Last-modified header missing -- time-stamps turned off.
2025-11-07 12:56:22 (1.01 GB/s) - 'docs/book08/chapter13.htm' saved [14076/14076]

--2025-11-07 12:56:22--  http://127.0.0.1:8000/gb2312/book08/chapter14.htm
Connecting to 127.0.0.1:8000... connected.
HTTP request sent, awaiting response... 
  HTTP/1.1 200 OK
  Host: 127.0.0.1:8000
  Date: Fri, 07 Nov 2025 12:56:22 GMT
  Connection: close
  Content-Type: text/html; charset=UTF-8
  Content-Length: 10177
Length: 10177 (9.9K) [text/html]
Saving to: 'docs/book08/chapter14.htm'

     0K .........                                             100% 4.55G=0s

Last-modified header missing -- time-stamps turned off.
2025-11-07 12:56:22 (4.55 GB/s) - 'docs/book08/chapter14.htm' saved [10177/10177]

--2025-11-07 12:56:22--  http://127.0.0.1:8000/gb2312/book08/chapter15.htm
Connecting to 127.0.0.1:8000... connected.
HTTP request sent, awaiting response... 
  HTTP/1.1 200 OK
  Host: 127.0.0.1:8000
  Date: Fri, 07 Nov 2025 12:56:22 GMT
  Connection: close
  Content-Type: text/html; charset=UTF-8
  Content-Length: 2719
Length: 2719 (2.7K) [text/html]
Saving to: 'docs/book08/chapter15.htm'

     0K ..                                                    100% 1.41G=0s

Last-modified header missing -- time-stamps turned off.
2025-11-07 12:56:22 (1.41 GB/s) - 'docs/book08/chapter15.htm' saved [2719/2719]

--2025-11-07 12:56:22--  http://127.0.0.1:8000/gb2312/book08/chapter16.htm
Connecting to 127.0.0.1:8000... connected.
HTTP request sent, awaiting response... 
  HTTP/1.1 200 OK
  Host: 127.0.0.1:8000
  Date: Fri, 07 Nov 2025 12:56:22 GMT
  Connection: close
  Content-Type: text/html; charset=UTF-8
  Content-Length: 4188
Length: 4188 (4.1K) [text/html]
Saving to: 'docs/book08/chapter16.htm'

     0K ....                                                  100% 1.95G=0s

Last-modified header missing -- time-stamps turned off.
2025-11-07 12:56:22 (1.95 GB/s) - 'docs/book08/chapter16.htm' saved [4188/4188]

--2025-11-07 12:56:22--  http://127.0.0.1:8000/gb2312/book08/chapter17.htm
Connecting to 127.0.0.1:8000... connected.
HTTP request sent, awaiting response... 
  HTTP/1.1 200 OK
  Host: 127.0.0.1:8000
  Date: Fri, 07 Nov 2025 12:56:22 GMT
  Connection: close
  Content-Type: text/html; charset=UTF-8
  Content-Length: 9030
Length: 9030 (8.8K) [text/html]
Saving to: 'docs/book08/chapter17.htm'

     0K ........                                              100% 2.52G=0s

Last-modified header missing -- time-stamps turned off.
2025-11-07 12:56:22 (2.52 GB/s) - 'docs/book08/chapter17.htm' saved [9030/9030]

--2025-11-07 12:56:22--  http://127.0.0.1:8000/gb2312/book09/chapter01.htm
Connecting to 127.0.0.1:8000... connected.
HTTP request sent, awaiting response... 
  HTTP/1.1 200 OK
  Host: 127.0.0.1:8000
  Date: Fri, 07 Nov 2025 12:56:22 GMT
  Connection: close
  Content-Type: text/html; charset=UTF-8
  Content-Length: 6354
Length: 6354 (6.2K) [text/html]
Saving to: 'docs/book09/chapter01.htm'

     0K ......                                                100%  284M=0s

Last-modified header missing -- time-stamps turned off.
2025-11-07 12:56:22 (284 MB/s) - 'docs/book09/chapter01.htm' saved [6354/6354]

--2025-11-07 12:56:22--  http://127.0.0.1:8000/gb2312/book09/chapter02.htm
Connecting to 127.0.0.1:8000... connected.
HTTP request sent, awaiting response... 
  HTTP/1.1 200 OK
  Host: 127.0.0.1:8000
  Date: Fri, 07 Nov 2025 12:56:22 GMT
  Connection: close
  Content-Type: text/html; charset=UTF-8
  Content-Length: 3191
Length: 3191 (3.1K) [text/html]
Saving to: 'docs/book09/chapter02.htm'

     0K ...                                                   100% 76.1M=0s

Last-modified header missing -- time-stamps turned off.
2025-11-07 12:56:22 (76.1 MB/s) - 'docs/book09/chapter02.htm' saved [3191/3191]

--2025-11-07 12:56:22--  http://127.0.0.1:8000/gb2312/book09/chapter03.htm
Connecting to 127.0.0.1:8000... connected.
HTTP request sent, awaiting response... 
  HTTP/1.1 200 OK
  Host: 127.0.0.1:8000
  Date: Fri, 07 Nov 2025 12:56:22 GMT
  Connection: close
  Content-Type: text/html; charset=UTF-8
  Content-Length: 2338
Length: 2338 (2.3K) [text/html]
Saving to: 'docs/book09/chapter03.htm'

     0K ..                                                    100%  601M=0s

Last-modified header missing -- time-stamps turned off.
2025-11-07 12:56:22 (601 MB/s) - 'docs/book09/chapter03.htm' saved [2338/2338]

--2025-11-07 12:56:22--  http://127.0.0.1:8000/gb2312/book09/chapter04.htm
Connecting to 127.0.0.1:8000... connected.
HTTP request sent, awaiting response... 
  HTTP/1.1 200 OK
  Host: 127.0.0.1:8000
  Date: Fri, 07 Nov 2025 12:56:22 GMT
  Connection: close
  Content-Type: text/html; charset=UTF-8
  Content-Length: 3132
Length: 3132 (3.1K) [text/html]
Saving to: 'docs/book09/chapter04.htm'

     0K ...                                                   100% 1.37G=0s

Last-modified header missing -- time-stamps turned off.
2025-11-07 12:56:22 (1.37 GB/s) - 'docs/book09/chapter04.htm' saved [3132/3132]

--2025-11-07 12:56:22--  http://127.0.0.1:8000/gb2312/book09/chapter05.htm
Connecting to 127.0.0.1:8000... connected.
HTTP request sent, awaiting response... 
  HTTP/1.1 200 OK
  Host: 127.0.0.1:8000
  Date: Fri, 07 Nov 2025 12:56:22 GMT
  Connection: close
  Content-Type: text/html; charset=UTF-8
  Content-Length: 2673
Length: 2673 (2.6K) [text/html]
Saving to: 'docs/book09/chapter05.htm'

     0K ..                                                    100% 99.8M=0s

Last-modified header missing -- time-stamps turned off.
2025-11-07 12:56:22 (99.8 MB/s) - 'docs/book09/chapter05.htm' saved [2673/2673]

--2025-11-07 12:56:22--  http://127.0.0.1:8000/gb2312/book09/chapter06.htm
Connecting to 127.0.0.1:8000... connected.
HTTP request sent, awaiting response... 
  HTTP/1.1 200 OK
  Host: 127.0.0.1:8000
  Date: Fri, 07 Nov 2025 12:56:22 GMT
  Connection: close
  Content-Type: text/html; charset=UTF-8
  Content-Length: 2983
Length: 2983 (2.9K) [text/html]
Saving to: 'docs/book09/chapter06.htm'

     0K ..                                                    100%  121M=0s

Last-modified header missing -- time-stamps turned off.
2025-11-07 12:56:22 (121 MB/s) - 'docs/book09/chapter06.htm' saved [2983/2983]

--2025-11-07 12:56:22--  http://127.0.0.1:8000/gb2312/book09/chapter07.htm
Connecting to 127.0.0.1:8000... connected.
HTTP request sent, awaiting response... 
  HTTP/1.1 200 OK
  Host: 127.0.0.1:8000
  Date: Fri, 07 Nov 2025 12:56:22 GMT
  Connection: close
  Content-Type: text/html; charset=UTF-8
  Content-Length: 8891
Length: 8891 (8.7K) [text/html]
Saving to: 'docs/book09/chapter07.htm'

     0K ........                                              100%  299M=0s

Last-modified header missing -- time-stamps turned off.
2025-11-07 12:56:22 (299 MB/s) - 'docs/book09/chapter07.htm' saved [8891/8891]

--2025-11-07 12:56:22--  http://127.0.0.1:8000/gb2312/book09/chapter08.htm
Connecting to 127.0.0.1:8000... connected.
HTTP request sent, awaiting response... 
  HTTP/1.1 200 OK
  Host: 127.0.0.1:8000
  Date: Fri, 07 Nov 2025 12:56:22 GMT
  Connection: close
  Content-Type: text/html; charset=UTF-8
  Content-Length: 7288
Length: 7288 (7.1K) [text/html]
Saving to: 'docs/book09/chapter08.htm'

     0K .......                                               100%  402M=0s

Last-modified header missing -- time-stamps turned off.
2025-11-07 12:56:22 (402 MB/s) - 'docs/book09/chapter08.htm' saved [7288/7288]

--2025-11-07 12:56:22--  http://127.0.0.1:8000/gb2312/book09/chapter09.htm
Connecting to 127.0.0.1:8000... connected.
HTTP request sent, awaiting response... 
  HTTP/1.1 200 OK
  Host: 127.0.0.1:8000
  Date: Fri, 07 Nov 2025 12:56:22 GMT
  Connection: close
  Content-Type: text/html; charset=UTF-8
  Content-Length: 13982
Length: 13982 (14K) [text/html]
Saving to: 'docs/book09/chapter09.htm'

     0K .......... ...                                        100%  615M=0s

Last-modified header missing -- time-stamps turned off.
2025-11-07 12:56:22 (615 MB/s) - 'docs/book09/chapter09.htm' saved [13982/13982]

--2025-11-07 12:56:22--  http://127.0.0.1:8000/gb2312/book09/chapter10.htm
Connecting to 127.0.0.1:8000... connected.
HTTP request sent, awaiting response... 
  HTTP/1.1 200 OK
  Host: 127.0.0.1:8000
  Date: Fri, 07 Nov 2025 12:56:22 GMT
  Connection: close
  Content-Type: text/html; charset=UTF-8
  Content-Length: 9047
Length: 9047 (8.8K) [text/html]
Saving to: 'docs/book09/chapter10.htm'

     0K ........                                              100%  503M=0s

Last-modified header missing -- time-stamps turned off.
2025-11-07 12:56:22 (503 MB/s) - 'docs/book09/chapter10.htm' saved [9047/9047]

--2025-11-07 12:56:22--  http://127.0.0.1:8000/gb2312/book09/chapter11.htm
Connecting to 127.0.0.1:8000... connected.
HTTP request sent, awaiting response... 
  HTTP/1.1 200 OK
  Host: 127.0.0.1:8000
  Date: Fri, 07 Nov 2025 12:56:22 GMT
  Connection: close
  Content-Type: text/html; charset=UTF-8
  Content-Length: 6001
Length: 6001 (5.9K) [text/html]
Saving to: 'docs/book09/chapter11.htm'

     0K .....                                                 100%  365M=0s

Last-modified header missing -- time-stamps turned off.
2025-11-07 12:56:22 (365 MB/s) - 'docs/book09/chapter11.htm' saved [6001/6001]

--2025-11-07 12:56:22--  http://127.0.0.1:8000/gb2312/book10/chapter01.htm
Connecting to 127.0.0.1:8000... connected.
HTTP request sent, awaiting response... 
  HTTP/1.1 200 OK
  Host: 127.0.0.1:8000
  Date: Fri, 07 Nov 2025 12:56:22 GMT
  Connection: close
  Content-Type: text/html; charset=UTF-8
  Content-Length: 6569
Length: 6569 (6.4K) [text/html]
Saving to: 'docs/book10/chapter01.htm'

     0K ......                                                100% 3.19G=0s

Last-modified header missing -- time-stamps turned off.
2025-11-07 12:56:22 (3.19 GB/s) - 'docs/book10/chapter01.htm' saved [6569/6569]

--2025-11-07 12:56:22--  http://127.0.0.1:8000/gb2312/book10/chapter02.htm
Connecting to 127.0.0.1:8000... connected.
HTTP request sent, awaiting response... 
  HTTP/1.1 200 OK
  Host: 127.0.0.1:8000
  Date: Fri, 07 Nov 2025 12:56:22 GMT
  Connection: close
  Content-Type: text/html; charset=UTF-8
  Content-Length: 2594
Length: 2594 (2.5K) [text/html]
Saving to: 'docs/book10/chapter02.htm'

     0K ..                                                    100% 1.49G=0s

Last-modified header missing -- time-stamps turned off.
2025-11-07 12:56:22 (1.49 GB/s) - 'docs/book10/chapter02.htm' saved [2594/2594]

--2025-11-07 12:56:22--  http://127.0.0.1:8000/gb2312/book10/chapter03.htm
Connecting to 127.0.0.1:8000... connected.
HTTP request sent, awaiting response... 
  HTTP/1.1 200 OK
  Host: 127.0.0.1:8000
  Date: Fri, 07 Nov 2025 12:56:22 GMT
  Connection: close
  Content-Type: text/html; charset=UTF-8
  Content-Length: 3046
Length: 3046 (3.0K) [text/html]
Saving to: 'docs/book10/chapter03.htm'

     0K ..                                                    100% 1.70G=0s

Last-modified header missing -- time-stamps turned off.
2025-11-07 12:56:22 (1.70 GB/s) - 'docs/book10/chapter03.htm' saved [3046/3046]

--2025-11-07 12:56:22--  http://127.0.0.1:8000/gb2312/book10/chapter04.htm
Connecting to 127.0.0.1:8000... connected.
HTTP request sent, awaiting response... 
  HTTP/1.1 200 OK
  Host: 127.0.0.1:8000
  Date: Fri, 07 Nov 2025 12:56:22 GMT
  Connection: close
  Content-Type: text/html; charset=UTF-8
  Content-Length: 51859
Length: 51859 (51K) [text/html]
Saving to: 'docs/book10/chapter04.htm'

     0K .......... .......... .......... .......... .......... 98%  869M 0s
    50K                                                       100% 1.26M=0s

Last-modified header missing -- time-stamps turned off.
2025-11-07 12:56:22 (881 MB/s) - 'docs/book10/chapter04.htm' saved [51859/51859]

--2025-11-07 12:56:22--  http://127.0.0.1:8000/gb2312/book10/chapter05.htm
Connecting to 127.0.0.1:8000... connected.
HTTP request sent, awaiting response... 
  HTTP/1.1 200 OK
  Host: 127.0.0.1:8000
  Date: Fri, 07 Nov 2025 12:56:22 GMT
  Connection: close
  Content-Type: text/html; charset=UTF-8
  Content-Length: 16335
Length: 16335 (16K) [text/html]
Saving to: 'docs/book10/chapter05.htm'

     0K .......... .....                                      100% 4.45G=0s

Last-modified header missing -- time-stamps turned off.
2025-11-07 12:56:22 (4.45 GB/s) - 'docs/book10/chapter05.htm' saved [16335/16335]

--2025-11-07 12:56:22--  http://127.0.0.1:8000/gb2312/book10/chapter06.htm
Connecting to 127.0.0.1:8000... connected.
HTTP request sent, awaiting response... 
  HTTP/1.1 200 OK
  Host: 127.0.0.1:8000
  Date: Fri, 07 Nov 2025 12:56:22 GMT
  Connection: close
  Content-Type: text/html; charset=UTF-8
  Content-Length: 4763
Length: 4763 (4.7K) [text/html]
Saving to: 'docs/book10/chapter06.htm'

     0K ....                                                  100% 2.53G=0s

Last-modified header missing -- time-stamps turned off.
2025-11-07 12:56:22 (2.53 GB/s) - 'docs/book10/chapter06.htm' saved [4763/4763]

--2025-11-07 12:56:22--  http://127.0.0.1:8000/gb2312/book10/chapter07.htm
Connecting to 127.0.0.1:8000... connected.
HTTP request sent, awaiting response... 
  HTTP/1.1 200 OK
  Host: 127.0.0.1:8000
  Date: Fri, 07 Nov 2025 12:56:22 GMT
  Connection: close
  Content-Type: text/html; charset=UTF-8
  Content-Length: 3212
Length: 3212 (3.1K) [text/html]
Saving to: 'docs/book10/chapter07.htm'

     0K ...                                                   100%  276M=0s

Last-modified header missing -- time-stamps turned off.
2025-11-07 12:56:22 (276 MB/s) - 'docs/book10/chapter07.htm' saved [3212/3212]

--2025-11-07 12:56:22--  http://127.0.0.1:8000/gb2312/book10/chapter08.htm
Connecting to 127.0.0.1:8000... connected.
HTTP request sent, awaiting response... 
  HTTP/1.1 200 OK
  Host: 127.0.0.1:8000
  Date: Fri, 07 Nov 2025 12:56:22 GMT
  Connection: close
  Content-Type: text/html; charset=UTF-8
  Content-Length: 11132
Length: 11132 (11K) [text/html]
Saving to: 'docs/book10/chapter08.htm'

     0K ..........                                            100% 3.50G=0s

Last-modified header missing -- time-stamps turned off.
2025-11-07 12:56:22 (3.50 GB/s) - 'docs/book10/chapter08.htm' saved [11132/11132]

--2025-11-07 12:56:22--  http://127.0.0.1:8000/gb2312/book10/chapter09.htm
Connecting to 127.0.0.1:8000... connected.
HTTP request sent, awaiting response... 
  HTTP/1.1 200 OK
  Host: 127.0.0.1:8000
  Date: Fri, 07 Nov 2025 12:56:22 GMT
  Connection: close
  Content-Type: text/html; charset=UTF-8
  Content-Length: 5166
Length: 5166 (5.0K) [text/html]
Saving to: 'docs/book10/chapter09.htm'

     0K .....                                                 100% 1.34G=0s

Last-modified header missing -- time-stamps turned off.
2025-11-07 12:56:22 (1.34 GB/s) - 'docs/book10/chapter09.htm' saved [5166/5166]

--2025-11-07 12:56:22--  http://127.0.0.1:8000/guestbook/corner.htm
Connecting to 127.0.0.1:8000... connected.
HTTP request sent, awaiting response... 
  HTTP/1.1 200 OK
  Host: 127.0.0.1:8000
  Date: Fri, 07 Nov 2025 12:56:22 GMT
  Connection: close
  Content-Type: text/html; charset=UTF-8
  Content-Length: 637
Length: 637 [text/html]
Saving to: 'docs/corner.htm'

     0K                                                       100% 31.8M=0s

Last-modified header missing -- time-stamps turned off.
2025-11-07 12:56:22 (31.8 MB/s) - 'docs/corner.htm' saved [637/637]

--2025-11-07 12:56:22--  http://127.0.0.1:8000/guestbook/leftframe.htm
Connecting to 127.0.0.1:8000... connected.
HTTP request sent, awaiting response... 
  HTTP/1.1 200 OK
  Host: 127.0.0.1:8000
  Date: Fri, 07 Nov 2025 12:56:22 GMT
  Connection: close
  Content-Type: text/html; charset=UTF-8
  Content-Length: 571
Length: 571 [text/html]
Saving to: 'docs/leftframe.htm'

     0K                                                       100% 26.6M=0s

Last-modified header missing -- time-stamps turned off.
2025-11-07 12:56:22 (26.6 MB/s) - 'docs/leftframe.htm' saved [571/571]

--2025-11-07 12:56:22--  http://127.0.0.1:8000/guestbook/left.htm
Connecting to 127.0.0.1:8000... connected.
HTTP request sent, awaiting response... 
  HTTP/1.1 200 OK
  Host: 127.0.0.1:8000
  Date: Fri, 07 Nov 2025 12:56:22 GMT
  Connection: close
  Content-Type: text/html; charset=UTF-8
  Content-Length: 2352
Length: 2352 (2.3K) [text/html]
Saving to: 'docs/left.htm'

     0K ..                                                    100% 85.6M=0s

Last-modified header missing -- time-stamps turned off.
2025-11-07 12:56:22 (85.6 MB/s) - 'docs/left.htm' saved [2352/2352]

--2025-11-07 12:56:22--  http://127.0.0.1:8000/guestbook/right.htm
Connecting to 127.0.0.1:8000... connected.
HTTP request sent, awaiting response... 
  HTTP/1.1 200 OK
  Host: 127.0.0.1:8000
  Date: Fri, 07 Nov 2025 12:56:22 GMT
  Connection: close
  Content-Type: text/html; charset=UTF-8
  Content-Length: 571
Length: 571 [text/html]
Saving to: 'docs/right.htm'

     0K                                                       100%  201M=0s

Last-modified header missing -- time-stamps turned off.
2025-11-07 12:56:22 (201 MB/s) - 'docs/right.htm' saved [571/571]

--2025-11-07 12:56:22--  http://127.0.0.1:8000/guestbook/top.htm
Connecting to 127.0.0.1:8000... connected.
HTTP request sent, awaiting response... 
  HTTP/1.1 200 OK
  Host: 127.0.0.1:8000
  Date: Fri, 07 Nov 2025 12:56:22 GMT
  Connection: close
  Content-Type: text/html; charset=UTF-8
  Content-Length: 594
Length: 594 [text/html]
Saving to: 'docs/top.htm'

     0K                                                       100% 26.0M=0s

Last-modified header missing -- time-stamps turned off.
2025-11-07 12:56:22 (26.0 MB/s) - 'docs/top.htm' saved [594/594]

--2025-11-07 12:56:22--  http://127.0.0.1:8000/guestbook/main.php
Connecting to 127.0.0.1:8000... connected.
HTTP request sent, awaiting response... 
  HTTP/1.1 200 OK
  Host: 127.0.0.1:8000
  Date: Fri, 07 Nov 2025 12:56:22 GMT
  Connection: close
  X-Powered-By: PHP/8.2.29
  Content-type: text/html; charset=UTF-8
Length: unspecified [text/html]
Saving to: 'docs/main.php.html'

     0K                                                        90.7M=0s

Last-modified header missing -- time-stamps turned off.
2025-11-07 12:56:22 (90.7 MB/s) - 'docs/main.php.html' saved [206]

--2025-11-07 12:56:22--  http://127.0.0.1:8000/gb2312/book09/chapter00.htm
Connecting to 127.0.0.1:8000... connected.
HTTP request sent, awaiting response... 
  HTTP/1.1 404 Not Found
  Host: 127.0.0.1:8000
  Date: Fri, 07 Nov 2025 12:56:22 GMT
  Connection: close
  Content-Type: text/html; charset=UTF-8
  Content-Length: 560
2025-11-07 12:56:22 ERROR 404: Not Found.

FINISHED --2025-11-07 12:56:22--
Total wall clock time: 0.8s
Downloaded: 754 files, 3.5M in 0.01s (264 MB/s)
Converting links in docs/book06/chapter12.htm... 6.
6-0
Converting links in docs/book09/chapter11.htm... 6.
6-0
Converting links in docs/link/left.htm... 19.
17-2
Converting links in docs/book01/top.htm... 1.
1-0
Converting links in docs/book03/chapter37.htm... 4.
4-0
Converting links in docs/book07/chapter19.htm... 6.
6-0
Converting links in docs/book06/chapter36.htm... 5.
5-0
Converting links in docs/book01/chapter08.htm... 10.
10-0
Converting links in docs/book02/chapter08.htm... 5.
5-0
Converting links in docs/book04/chapter07.htm... 6.
6-0
Converting links in docs/book05/chapter07.htm... 5.
5-0
Converting links in docs/book03/chapter24.htm... 13.
13-0
Converting links in docs/book07/chapter06.htm... 5.
5-0
Converting links in docs/book06/chapter23.htm... 5.
5-0
Converting links in docs/book08/index.html... 6.
6-0
Converting links in docs/book08/chapter06.htm... 10.
10-0
Converting links in docs/book08/top.htm... 1.
1-0
Converting links in docs/book10/chapter08.htm... 6.
6-0
Converting links in docs/book03/chapter11.htm... 5.
5-0
Converting links in docs/book06/chapter10.htm... 4.
4-0
Converting links in docs/book02/chapter19.htm... 7.
7-0
Converting links in docs/book07/index.html... 6.
6-0
Converting links in docs/book04/chapter18.htm... 4.
4-0
Converting links in docs/book05/chapter18.htm... 8.
8-0
Converting links in docs/book03/chapter35.htm... 4.
4-0
Converting links in docs/book07/chapter17.htm... 4.
4-0
Converting links in docs/book06/chapter34.htm... 6.
6-0
Converting links in docs/book08/chapter17.htm... 4.
4-0
Converting links in docs/book01/chapter06.htm... 16.
16-0
Converting links in docs/book02/chapter06.htm... 5.
5-0
Converting links in docs/book04/chapter05.htm... 4.
4-0
Converting links in docs/book05/chapter05.htm... 7.
7-0
Converting links in docs/book03/chapter22.htm... 5.
5-0
Converting links in docs/book08/corner.htm... 1.
1-0
Converting links in docs/book07/chapter04.htm... 5.
5-0
Converting links in docs/book06/chapter21.htm... 4.
4-0
Converting links in docs/book08/chapter04.htm... 5.
5-0
Converting links in docs/book10/chapter06.htm... 8.
8-0
Converting links in docs/book04/chapter29.htm... 6.
6-0
Converting links in docs/book04/top.htm... 1.
1-0
Converting links in docs/book07/chapter28.htm... 5.
5-0
Converting links in docs/book06/chapter45.htm... 4.
4-0
Converting links in docs/book02/chapter17.htm... 5.
5-0
Converting links in docs/book02/main.htm... 31.
31-0
Converting links in docs/book04/chapter16.htm... 4.
4-0
Converting links in docs/book05/chapter16.htm... 8.
8-0
Converting links in docs/book04/main.htm... 34.
34-0
Converting links in docs/book03/chapter33.htm... 5.
5-0
Converting links in docs/book07/chapter15.htm... 5.
5-0
Converting links in docs/book06/chapter32.htm... 5.
5-0
Converting links in docs/book08/chapter15.htm... 5.
5-0
Converting links in docs/author/leftframe.htm... nothing to do.
Converting links in docs/book01/chapter04.htm... 10.
10-0
Converting links in docs/book02/chapter04.htm... 8.
8-0
Converting links in docs/book04/chapter03.htm... 7.
7-0
Converting links in docs/book05/chapter03.htm... 4.
4-0
Converting links in docs/book03/chapter20.htm... 5.
5-0
Converting links in docs/book07/chapter02.htm... 4.
4-0
Converting links in docs/book08/chapter02.htm... 8.
8-0
Converting links in docs/book10/main.htm... 12.
12-0
Converting links in docs/book10/chapter04.htm... 68.
68-0
Converting links in docs/book01/corner.htm... 1.
1-0
Converting links in docs/book04/chapter27.htm... 5.
5-0
Converting links in docs/book05/chapter27.htm... 4.
4-0
Converting links in docs/book07/chapter26.htm... 4.
4-0
Converting links in docs/index.html... 6.
6-0
Converting links in docs/book06/chapter43.htm... 10.
10-0
Converting links in docs/book09/chapter09.htm... 11.
11-0
Converting links in docs/book02/chapter15.htm... 5.
5-0
Converting links in docs/book04/chapter14.htm... 5.
5-0
Converting links in docs/book03/chapter31.htm... 4.
4-0
Converting links in docs/book05/chapter14.htm... 4.
4-0
Converting links in docs/author/top.htm... 1.
1-0
Converting links in docs/book10/index.html... 6.
6-0
Converting links in docs/book06/chapter30.htm... 5.
5-0
Converting links in docs/book07/chapter13.htm... 5.
5-0
Converting links in docs/book08/chapter13.htm... 13.
13-0
Converting links in docs/book01/chapter02.htm... 27.
27-0
Converting links in docs/book02/chapter02.htm... 8.
8-0
Converting links in docs/main.php.html... nothing to do.
Converting links in docs/book04/chapter01.htm... 3.
3-0
Converting links in docs/book05/chapter01.htm... 17.
17-0
Converting links in docs/book07/chapter00.htm... 3.
3-0
Converting links in docs/book08/chapter00.htm... 3.
3-0
Converting links in docs/book10/left.htm... 17.
15-2
Converting links in docs/book10/chapter02.htm... 5.
5-0
Converting links in docs/book03/chapter09.htm... 5.
5-0
Converting links in docs/book02/chapter26.htm... 5.
5-0
Converting links in docs/book06/chapter08.htm... 5.
5-0
Converting links in docs/book05/chapter25.htm... 4.
4-0
Converting links in docs/book06/right.htm... nothing to do.
Converting links in docs/book04/leftframe.htm... nothing to do.
Converting links in docs/book05/leftframe.htm... nothing to do.
Converting links in docs/book04/chapter25.htm... 4.
4-0
Converting links in docs/leftframe.htm... nothing to do.
Converting links in docs/corner.htm... 1.
1-0
Converting links in docs/book01/chapter13.htm... 8.
8-0
Converting links in docs/book02/chapter13.htm... 11.
11-0
Converting links in docs/book06/chapter41.htm... 8.
8-0
Converting links in docs/book07/chapter24.htm... 5.
5-0
Converting links in docs/book04/chapter12.htm... 4.
4-0
Converting links in docs/book05/chapter12.htm... 5.
5-0
Converting links in docs/book10/corner.htm... 1.
1-0
Converting links in docs/book09/chapter07.htm... 6.
6-0
Converting links in docs/book07/chapter11.htm... 15.
15-0
Converting links in docs/book03/index.html... 6.
6-0
Converting links in docs/book08/chapter11.htm... 5.
5-0
Converting links in docs/book02/chapter00.htm... 3.
3-0
Converting links in docs/book07/right.htm... nothing to do.
Converting links in docs/book04/corner.htm... 1.
1-0
Converting links in docs/book06/chapter19.htm... 7.
7-0
Converting links in docs/book02/top.htm... 1.
1-0
Converting links in docs/book03/chapter07.htm... 4.
4-0
Converting links in docs/book01/right.htm... nothing to do.
Converting links in docs/book02/chapter24.htm... 4.
4-0
Converting links in docs/book06/chapter06.htm... 4.
4-0
Converting links in docs/book05/chapter23.htm... 5.
5-0
Converting links in docs/book04/chapter23.htm... 5.
5-0
Converting links in docs/book07/chapter22.htm... 4.
4-0
Converting links in docs/book09/chapter05.htm... 5.
5-0
Converting links in docs/book01/chapter11.htm... 4.
4-0
Converting links in docs/book02/chapter11.htm... 4.
4-0
Converting links in docs/book04/chapter10.htm... 4.
4-0
Converting links in docs/book05/chapter10.htm... 8.
8-0
Converting links in docs/book02/right.htm... nothing to do.
Converting links in docs/book09/top.htm... 1.
1-0
Converting links in docs/book03/chapter18.htm... 5.
5-0
Converting links in docs/book06/chapter17.htm... 5.
5-0
Converting links in docs/author/index.html... 6.
6-0
Converting links in docs/book03/chapter05.htm... 4.
4-0
Converting links in docs/book02/chapter22.htm... 8.
8-0
Converting links in docs/book04/chapter21.htm... 5.
5-0
Converting links in docs/book05/chapter21.htm... 5.
5-0
Converting links in docs/book06/chapter04.htm... 5.
5-0
Converting links in docs/book07/chapter20.htm... 6.
6-0
Converting links in docs/book09/chapter03.htm... 5.
5-0
Converting links in docs/book06/index.html... 6.
6-0
Converting links in docs/book05/main.htm... 33.
33-0
Converting links in docs/book07/main.htm... 37.
37-0
Converting links in docs/book09/main.htm... 15.
15-0
Converting links in docs/book03/chapter29.htm... 5.
5-0
Converting links in docs/book06/chapter28.htm... 5.
5-0
Converting links in docs/author/left.htm... 19.
17-2
Converting links in docs/book07/corner.htm... 1.
1-0
Converting links in docs/book03/chapter16.htm... 5.
5-0
Converting links in docs/author/corner.htm... 1.
1-0
Converting links in docs/book06/chapter15.htm... 4.
4-0
Converting links in docs/book07/chapter31.htm... 6.
6-0
Converting links in docs/left.htm... 17.
5-12
Converting links in docs/book02/chapter20.htm... 6.
6-0
Converting links in docs/book03/chapter03.htm... 18.
18-0
Converting links in docs/book06/chapter02.htm... 5.
5-0
Converting links in docs/book09/chapter01.htm... 5.
4-1
Converting links in docs/book01/left.htm... 17.
15-2
Converting links in docs/book03/left.htm... 17.
15-2
Converting links in docs/book05/left.htm... 17.
15-2
Converting links in docs/book06/chapter39.htm... 6.
6-0
Converting links in docs/book07/left.htm... 17.
15-2
Converting links in docs/book09/left.htm... 17.
15-2
Converting links in docs/book03/chapter27.htm... 6.
6-0
Converting links in docs/link/index.html... 6.
6-0
Converting links in docs/book07/chapter09.htm... 4.
4-0
Converting links in docs/book06/chapter26.htm... 5.
5-0
Converting links in docs/book08/chapter09.htm... 6.
6-0
Converting links in docs/link/top.htm... 1.
1-0
Converting links in docs/book09/leftframe.htm... nothing to do.
Converting links in docs/book03/chapter14.htm... 4.
4-0
Converting links in docs/book06/chapter13.htm... 25.
25-0
Converting links in docs/book04/chapter30.htm... 4.
4-0
Converting links in docs/book03/chapter01.htm... 8.
8-0
Converting links in docs/book03/chapter38.htm... 4.
4-0
Converting links in docs/book06/chapter37.htm... 4.
4-0
Converting links in docs/book07/top.htm... 1.
1-0
Converting links in docs/book01/chapter09.htm... 8.
8-0
Converting links in docs/book02/chapter09.htm... 6.
6-0
Converting links in docs/link/corner.htm... 1.
1-0
Converting links in docs/book04/chapter08.htm... 6.
6-0
Converting links in docs/book03/chapter25.htm... 11.
11-0
Converting links in docs/book05/chapter08.htm... 5.
5-0
Converting links in docs/book03/leftframe.htm... nothing to do.
Converting links in docs/book06/chapter24.htm... 4.
4-0
Converting links in docs/book07/chapter07.htm... 6.
6-0
Converting links in docs/book08/chapter07.htm... 5.
5-0
Converting links in docs/book10/chapter09.htm... 3.
3-0
Converting links in docs/book03/chapter12.htm... 4.
4-0
Converting links in docs/book06/chapter11.htm... 5.
5-0
Converting links in docs/book09/chapter10.htm... 7.
7-0
Converting links in docs/book04/chapter19.htm... 4.
4-0
Converting links in docs/book05/chapter19.htm... 4.
4-0
Converting links in docs/book03/chapter36.htm... 7.
7-0
Converting links in docs/book07/chapter18.htm... 5.
5-0
Converting links in docs/author/right.htm... nothing to do.
Converting links in docs/book06/chapter35.htm... 4.
4-0
Converting links in docs/book01/chapter07.htm... 21.
21-0
Converting links in docs/book02/chapter07.htm... 5.
5-0
Converting links in docs/book02/index.html... 6.
6-0
Converting links in docs/book04/chapter06.htm... 5.
5-0
Converting links in docs/book05/chapter06.htm... 6.
6-0
Converting links in docs/book03/chapter23.htm... 6.
6-0
Converting links in docs/book08/right.htm... nothing to do.
Converting links in docs/book07/chapter05.htm... 4.
4-0
Converting links in docs/book06/chapter22.htm... 6.
6-0
Converting links in docs/book08/chapter05.htm... 4.
4-0
Converting links in docs/book10/chapter07.htm... 6.
6-0
Converting links in docs/book03/chapter10.htm... 8.
8-0
Converting links in docs/book03/corner.htm... 1.
1-0
Converting links in docs/author/main.htm... 2.
2-0
Converting links in docs/book06/chapter46.htm... 3.
3-0
Converting links in docs/book07/chapter29.htm... 4.
4-0
Converting links in docs/link/leftframe.htm... nothing to do.
Converting links in docs/book02/chapter18.htm... 5.
5-0
Converting links in docs/book04/chapter17.htm... 4.
4-0
Converting links in docs/book05/chapter17.htm... 10.
10-0
Converting links in docs/book03/chapter34.htm... 4.
4-0
Converting links in docs/top.htm... 1.
1-0
Converting links in docs/book07/chapter16.htm... 4.
4-0
Converting links in docs/book06/chapter33.htm... 5.
5-0
Converting links in docs/book08/chapter16.htm... 6.
6-0
Converting links in docs/book01/chapter05.htm... 7.
7-0
Converting links in docs/book02/chapter05.htm... 8.
8-0
Converting links in docs/right.htm... nothing to do.
Converting links in docs/main.htm... 2.
2-0
Converting links in docs/book04/chapter04.htm... 5.
5-0
Converting links in docs/book05/chapter04.htm... 4.
4-0
Converting links in docs/book03/chapter21.htm... 5.
5-0
Converting links in docs/book03/right.htm... nothing to do.
Converting links in docs/book07/chapter03.htm... 5.
5-0
Converting links in docs/book06/chapter20.htm... 5.
5-0
Converting links in docs/book08/chapter03.htm... 4.
4-0
Converting links in docs/book01/main.htm... 16.
16-0
Converting links in docs/book10/chapter05.htm... 13.
13-0
Converting links in docs/book03/main.htm... 43.
43-0
Converting links in docs/book04/chapter28.htm... 4.
4-0
Converting links in docs/book05/chapter28.htm... 9.
9-0
Converting links in docs/book07/chapter27.htm... 6.
6-0
Converting links in docs/book06/chapter44.htm... 5.
5-0
Converting links in docs/book02/chapter16.htm... 5.
5-0
Converting links in docs/book04/chapter15.htm... 6.
6-0
Converting links in docs/book05/chapter15.htm... 4.
4-0
Converting links in docs/book03/chapter32.htm... 6.
6-0
Converting links in docs/book05/top.htm... 1.
1-0
Converting links in docs/book05/index.html... 6.
6-0
Converting links in docs/book06/chapter31.htm... 4.
4-0
Converting links in docs/book07/chapter14.htm... 4.
4-0
Converting links in docs/book08/chapter14.htm... 6.
6-0
Converting links in docs/book01/chapter03.htm... 16.
16-0
Converting links in docs/book02/chapter03.htm... 7.
7-0
Converting links in docs/book04/chapter02.htm... 7.
7-0
Converting links in docs/book05/chapter02.htm... 12.
12-0
Converting links in docs/book07/chapter01.htm... 6.
6-0
Converting links in docs/book08/chapter01.htm... 7.
7-0
Converting links in docs/book06/corner.htm... 1.
1-0
Converting links in docs/book10/chapter03.htm... 5.
5-0
Converting links in docs/book10/right.htm... nothing to do.
Converting links in docs/book06/chapter09.htm... 4.
4-0
Converting links in docs/book04/chapter26.htm... 5.
5-0
Converting links in docs/book05/chapter26.htm... 4.
4-0
Converting links in docs/book07/chapter25.htm... 20.
20-0
Converting links in docs/book06/chapter42.htm... 6.
6-0
Converting links in docs/book09/chapter08.htm... 4.
4-0
Converting links in docs/book08/leftframe.htm... nothing to do.
Converting links in docs/book02/chapter14.htm... 6.
6-0
Converting links in docs/book04/chapter13.htm... 4.
4-0
Converting links in docs/book05/chapter13.htm... 10.
10-0
Converting links in docs/book03/chapter30.htm... 6.
6-0
Converting links in docs/book07/chapter12.htm... 4.
4-0
Converting links in docs/book08/chapter12.htm... 6.
6-0
Converting links in docs/book01/chapter01.htm... 10.
10-0
Converting links in docs/book02/chapter01.htm... 9.
9-0
Converting links in docs/book05/chapter00.htm... 4.
4-0
Converting links in docs/book09/index.html... 6.
6-0
Converting links in docs/book10/chapter01.htm... 11.
11-0
Converting links in docs/link/right.htm... nothing to do.
Converting links in docs/book03/chapter08.htm... 4.
4-0
Converting links in docs/book02/chapter25.htm... 14.
14-0
Converting links in docs/book01/leftframe.htm... nothing to do.
Converting links in docs/book06/chapter07.htm... 5.
5-0
Converting links in docs/book04/chapter24.htm... 5.
5-0
Converting links in docs/book05/chapter24.htm... 8.
8-0
Converting links in docs/book02/leftframe.htm... nothing to do.
Converting links in docs/book07/chapter23.htm... 4.
4-0
Converting links in docs/book06/chapter40.htm... 5.
5-0
Converting links in docs/book09/chapter06.htm... 4.
4-0
Converting links in docs/book01/chapter12.htm... 14.
14-0
Converting links in docs/book02/chapter12.htm... 5.
5-0
Converting links in docs/book04/chapter11.htm... 6.
6-0
Converting links in docs/book05/chapter11.htm... 7.
7-0
Converting links in docs/book10/leftframe.htm... nothing to do.
Converting links in docs/book07/chapter10.htm... 13.
13-0
Converting links in docs/book08/chapter10.htm... 8.
8-0
Converting links in docs/book09/corner.htm... 1.
1-0
Converting links in docs/book03/chapter19.htm... 4.
4-0
Converting links in docs/book06/chapter18.htm... 5.
5-0
Converting links in docs/book03/chapter06.htm... 4.
4-0
Converting links in docs/book02/chapter23.htm... 10.
10-0
Converting links in docs/book06/chapter05.htm... 5.
5-0
Converting links in docs/book04/chapter22.htm... 4.
4-0
Converting links in docs/book05/chapter22.htm... 4.
4-0
Converting links in docs/index.php?counter=no.html... 17.
16-1
Converting links in docs/book07/chapter21.htm... 4.
4-0
Converting links in docs/book09/chapter04.htm... 5.
5-0
Converting links in docs/book01/chapter10.htm... 9.
9-0
Converting links in docs/book03/top.htm... 1.
1-0
Converting links in docs/book02/chapter10.htm... 7.
7-0
Converting links in docs/book01/index.html... 6.
6-0
Converting links in docs/book06/chapter29.htm... 4.
4-0
Converting links in docs/book09/right.htm... nothing to do.
Converting links in docs/book03/chapter17.htm... 5.
5-0
Converting links in docs/book06/chapter16.htm... 11.
11-0
Converting links in docs/book06/main.htm... 50.
50-0
Converting links in docs/book02/corner.htm... 1.
1-0
Converting links in docs/book08/main.htm... 22.
22-0
Converting links in docs/book07/chapter32.htm... 14.
14-0
Converting links in docs/book03/chapter04.htm... 13.
13-0
Converting links in docs/book02/chapter21.htm... 4.
4-0
Converting links in docs/book06/chapter03.htm... 8.
8-0
Converting links in docs/book04/chapter20.htm... 4.
4-0
Converting links in docs/book05/chapter20.htm... 4.
4-0
Converting links in docs/book09/chapter02.htm... 6.
6-0
Converting links in docs/book03/chapter28.htm... 7.
7-0
Converting links in docs/book04/right.htm... nothing to do.
Converting links in docs/book06/chapter27.htm... 4.
4-0
Converting links in docs/book02/left.htm... 17.
15-2
Converting links in docs/book03/chapter15.htm... 4.
4-0
Converting links in docs/book04/left.htm... 17.
15-2
Converting links in docs/book06/chapter14.htm... 12.
12-0
Converting links in docs/book06/left.htm... 17.
15-2
Converting links in docs/book08/left.htm... 17.
15-2
Converting links in docs/book07/chapter30.htm... 7.
7-0
Converting links in docs/link/main.htm... 2.
2-0
Converting links in docs/book03/chapter02.htm... 6.
6-0
Converting links in docs/book05/right.htm... nothing to do.
Converting links in docs/book06/chapter01.htm... 5.
5-0
Converting links in docs/book06/top.htm... 1.
1-0
Converting links in docs/book03/chapter39.htm... 6.
6-0
Converting links in docs/book06/chapter38.htm... 5.
5-0
Converting links in docs/book04/index.html... 6.
6-0
Converting links in docs/book10/top.htm... 1.
1-0
Converting links in docs/book04/chapter09.htm... 4.
4-0
Converting links in docs/book05/chapter09.htm... 4.
4-0
Converting links in docs/book03/chapter26.htm... 4.
4-0
Converting links in docs/book07/chapter08.htm... 6.
6-0
Converting links in docs/book06/chapter25.htm... 14.
14-0
Converting links in docs/book08/chapter08.htm... 5.
5-0
Converting links in docs/book06/leftframe.htm... nothing to do.
Converting links in docs/book07/leftframe.htm... nothing to do.
Converting links in docs/book05/corner.htm... 1.
1-0
Converting links in docs/book03/chapter13.htm... 4.
4-0
Converted links in 348 files in 0.6 seconds.
