--2025-11-07 13:31:27--  http://ekklesiahistory.fttt.org.tw/
Resolving ekklesiahistory.fttt.org.tw (ekklesiahistory.fttt.org.tw)... 152.42.191.121
Connecting to ekklesiahistory.fttt.org.tw (ekklesiahistory.fttt.org.tw)|152.42.191.121|:80... connected.
HTTP request sent, awaiting response... 200 OK
Length: 4517 (4.4K) [text/html]
Saving to: 'docs_live/index.html'

     0K ....                                                  100%  240M=0s

Last-modified header missing -- time-stamps turned off.
2025-11-07 13:31:27 (240 MB/s) - 'docs_live/index.html' saved [4517/4517]

Loading robots.txt; please ignore errors.
--2025-11-07 13:31:27--  http://ekklesiahistory.fttt.org.tw/robots.txt
Reusing existing connection to ekklesiahistory.fttt.org.tw:80.
HTTP request sent, awaiting response... 200 OK
Length: 24 [text/plain]
Saving to: 'docs_live/robots.txt'

     0K                                                       100% 1.15M=0s

2025-11-07 13:31:27 (1.15 MB/s) - 'docs_live/robots.txt' saved [24/24]

--2025-11-07 13:31:27--  http://ekklesiahistory.fttt.org.tw/image/frontpage/shim.gif
Reusing existing connection to ekklesiahistory.fttt.org.tw:80.
HTTP request sent, awaiting response... 200 OK
Length: 43 [image/gif]
Saving to: 'docs_live/image/frontpage/shim.gif'

     0K                                                       100% 3.69M=0s

2025-11-07 13:31:28 (3.69 MB/s) - 'docs_live/image/frontpage/shim.gif' saved [43/43]

--2025-11-07 13:31:28--  http://ekklesiahistory.fttt.org.tw/image/frontpage/frontpage_r1_c1.jpg
Reusing existing connection to ekklesiahistory.fttt.org.tw:80.
HTTP request sent, awaiting response... 200 OK
Length: 26021 (25K) [image/jpeg]
Saving to: 'docs_live/image/frontpage/frontpage_r1_c1.jpg'

     0K .......... .......... .....                           100%  280K=0.09s

2025-11-07 13:31:28 (280 KB/s) - 'docs_live/image/frontpage/frontpage_r1_c1.jpg' saved [26021/26021]

--2025-11-07 13:31:28--  http://ekklesiahistory.fttt.org.tw/image/frontpage/frontpage_r2_c1.jpg
Reusing existing connection to ekklesiahistory.fttt.org.tw:80.
HTTP request sent, awaiting response... 200 OK
Length: 4712 (4.6K) [image/jpeg]
Saving to: 'docs_live/image/frontpage/frontpage_r2_c1.jpg'

     0K ....                                                  100%  128M=0s

2025-11-07 13:31:28 (128 MB/s) - 'docs_live/image/frontpage/frontpage_r2_c1.jpg' saved [4712/4712]

--2025-11-07 13:31:28--  http://ekklesiahistory.fttt.org.tw/big5/index.html
Reusing existing connection to ekklesiahistory.fttt.org.tw:80.
HTTP request sent, awaiting response... 200 OK
Length: 1697 (1.7K) [text/html]
Saving to: 'docs_live/big5/index.html'

     0K .                                                     100%  181M=0s

2025-11-07 13:31:28 (181 MB/s) - 'docs_live/big5/index.html' saved [1697/1697]

--2025-11-07 13:31:28--  http://ekklesiahistory.fttt.org.tw/image/frontpage/frontpage_r2_c2.jpg
Reusing existing connection to ekklesiahistory.fttt.org.tw:80.
HTTP request sent, awaiting response... 200 OK
Length: 3110 (3.0K) [image/jpeg]
Saving to: 'docs_live/image/frontpage/frontpage_r2_c2.jpg'

     0K ...                                                   100%  260M=0s

2025-11-07 13:31:28 (260 MB/s) - 'docs_live/image/frontpage/frontpage_r2_c2.jpg' saved [3110/3110]

--2025-11-07 13:31:28--  http://ekklesiahistory.fttt.org.tw/image/frontpage/frontpage_r2_c3.jpg
Reusing existing connection to ekklesiahistory.fttt.org.tw:80.
HTTP request sent, awaiting response... 200 OK
Length: 13256 (13K) [image/jpeg]
Saving to: 'docs_live/image/frontpage/frontpage_r2_c3.jpg'

     0K .......... ..                                         100% 99.7M=0s

2025-11-07 13:31:28 (99.7 MB/s) - 'docs_live/image/frontpage/frontpage_r2_c3.jpg' saved [13256/13256]

--2025-11-07 13:31:28--  http://ekklesiahistory.fttt.org.tw/image/frontpage/frontpage_r3_c2.jpg
Reusing existing connection to ekklesiahistory.fttt.org.tw:80.
HTTP request sent, awaiting response... 200 OK
Length: 781 [image/jpeg]
Saving to: 'docs_live/image/frontpage/frontpage_r3_c2.jpg'

     0K                                                       100% 48.4M=0s

2025-11-07 13:31:28 (48.4 MB/s) - 'docs_live/image/frontpage/frontpage_r3_c2.jpg' saved [781/781]

--2025-11-07 13:31:28--  http://ekklesiahistory.fttt.org.tw/image/counter/1.gif
Reusing existing connection to ekklesiahistory.fttt.org.tw:80.
HTTP request sent, awaiting response... 200 OK
Length: 166 [image/gif]
Saving to: 'docs_live/image/counter/1.gif'

     0K                                                       100% 10.2M=0s

2025-11-07 13:31:28 (10.2 MB/s) - 'docs_live/image/counter/1.gif' saved [166/166]

--2025-11-07 13:31:28--  http://ekklesiahistory.fttt.org.tw/image/counter/0.gif
Reusing existing connection to ekklesiahistory.fttt.org.tw:80.
HTTP request sent, awaiting response... 200 OK
Length: 287 [image/gif]
Saving to: 'docs_live/image/counter/0.gif'

     0K                                                       100% 18.2M=0s

2025-11-07 13:31:28 (18.2 MB/s) - 'docs_live/image/counter/0.gif' saved [287/287]

--2025-11-07 13:31:28--  http://ekklesiahistory.fttt.org.tw/image/counter/9.gif
Reusing existing connection to ekklesiahistory.fttt.org.tw:80.
HTTP request sent, awaiting response... 200 OK
Length: 290 [image/gif]
Saving to: 'docs_live/image/counter/9.gif'

     0K                                                       100% 41.0M=0s

2025-11-07 13:31:28 (41.0 MB/s) - 'docs_live/image/counter/9.gif' saved [290/290]

--2025-11-07 13:31:28--  http://ekklesiahistory.fttt.org.tw/image/counter/4.gif
Reusing existing connection to ekklesiahistory.fttt.org.tw:80.
HTTP request sent, awaiting response... 200 OK
Length: 178 [image/gif]
Saving to: 'docs_live/image/counter/4.gif'

     0K                                                       100% 13.9M=0s

2025-11-07 13:31:29 (13.9 MB/s) - 'docs_live/image/counter/4.gif' saved [178/178]

--2025-11-07 13:31:29--  http://ekklesiahistory.fttt.org.tw/big5/corner.htm
Reusing existing connection to ekklesiahistory.fttt.org.tw:80.
HTTP request sent, awaiting response... 200 OK
Length: 867 [text/html]
Saving to: 'docs_live/big5/corner.htm'

     0K                                                       100% 69.6M=0s

2025-11-07 13:31:29 (69.6 MB/s) - 'docs_live/big5/corner.htm' saved [867/867]

--2025-11-07 13:31:29--  http://ekklesiahistory.fttt.org.tw/big5/leftframe.htm
Reusing existing connection to ekklesiahistory.fttt.org.tw:80.
HTTP request sent, awaiting response... 200 OK
Length: 571 [text/html]
Saving to: 'docs_live/big5/leftframe.htm'

     0K                                                       100% 39.4M=0s

2025-11-07 13:31:29 (39.4 MB/s) - 'docs_live/big5/leftframe.htm' saved [571/571]

--2025-11-07 13:31:29--  http://ekklesiahistory.fttt.org.tw/big5/left.htm
Reusing existing connection to ekklesiahistory.fttt.org.tw:80.
HTTP request sent, awaiting response... 200 OK
Length: 2170 (2.1K) [text/html]
Saving to: 'docs_live/big5/left.htm'

     0K ..                                                    100%  137M=0s

2025-11-07 13:31:29 (137 MB/s) - 'docs_live/big5/left.htm' saved [2170/2170]

--2025-11-07 13:31:29--  http://ekklesiahistory.fttt.org.tw/big5/right.htm
Reusing existing connection to ekklesiahistory.fttt.org.tw:80.
HTTP request sent, awaiting response... 200 OK
Length: 571 [text/html]
Saving to: 'docs_live/big5/right.htm'

     0K                                                       100% 42.4M=0s

2025-11-07 13:31:29 (42.4 MB/s) - 'docs_live/big5/right.htm' saved [571/571]

--2025-11-07 13:31:29--  http://ekklesiahistory.fttt.org.tw/big5/top.htm
Reusing existing connection to ekklesiahistory.fttt.org.tw:80.
HTTP request sent, awaiting response... 200 OK
Length: 582 [text/html]
Saving to: 'docs_live/big5/top.htm'

     0K                                                       100% 73.2M=0s

2025-11-07 13:31:29 (73.2 MB/s) - 'docs_live/big5/top.htm' saved [582/582]

--2025-11-07 13:31:29--  http://ekklesiahistory.fttt.org.tw/big5/main.htm
Reusing existing connection to ekklesiahistory.fttt.org.tw:80.
HTTP request sent, awaiting response... 200 OK
Length: 12760 (12K) [text/html]
Saving to: 'docs_live/big5/main.htm'

     0K .......... ..                                         100% 5.18M=0.002s

2025-11-07 13:31:29 (5.18 MB/s) - 'docs_live/big5/main.htm' saved [12760/12760]

--2025-11-07 13:31:29--  http://ekklesiahistory.fttt.org.tw/image/theme00_corner.jpg
Reusing existing connection to ekklesiahistory.fttt.org.tw:80.
HTTP request sent, awaiting response... 200 OK
Length: 7149 (7.0K) [image/jpeg]
Saving to: 'docs_live/image/theme00_corner.jpg'

     0K ......                                                100% 13.6M=0.001s

2025-11-07 13:31:29 (13.6 MB/s) - 'docs_live/image/theme00_corner.jpg' saved [7149/7149]

--2025-11-07 13:31:29--  http://ekklesiahistory.fttt.org.tw/image/theme00_left.jpg
Reusing existing connection to ekklesiahistory.fttt.org.tw:80.
HTTP request sent, awaiting response... 200 OK
Length: 4121 (4.0K) [image/jpeg]
Saving to: 'docs_live/image/theme00_left.jpg'

     0K ....                                                  100%  119M=0s

2025-11-07 13:31:29 (119 MB/s) - 'docs_live/image/theme00_left.jpg' saved [4121/4121]

--2025-11-07 13:31:29--  http://ekklesiahistory.fttt.org.tw/big5/author/index.html
Reusing existing connection to ekklesiahistory.fttt.org.tw:80.
HTTP request sent, awaiting response... 200 OK
Length: 1736 (1.7K) [text/html]
Saving to: 'docs_live/big5/author/index.html'

     0K .                                                     100% 93.5M=0s

2025-11-07 13:31:29 (93.5 MB/s) - 'docs_live/big5/author/index.html' saved [1736/1736]

--2025-11-07 13:31:29--  http://ekklesiahistory.fttt.org.tw/big5/book01/index.html
Reusing existing connection to ekklesiahistory.fttt.org.tw:80.
HTTP request sent, awaiting response... 200 OK
Length: 1736 (1.7K) [text/html]
Saving to: 'docs_live/big5/book01/index.html'

     0K .                                                     100%  113M=0s

2025-11-07 13:31:30 (113 MB/s) - 'docs_live/big5/book01/index.html' saved [1736/1736]

--2025-11-07 13:31:30--  http://ekklesiahistory.fttt.org.tw/big5/book02/index.html
Reusing existing connection to ekklesiahistory.fttt.org.tw:80.
HTTP request sent, awaiting response... 200 OK
Length: 1736 (1.7K) [text/html]
Saving to: 'docs_live/big5/book02/index.html'

     0K .                                                     100% 71.6M=0s

2025-11-07 13:31:30 (71.6 MB/s) - 'docs_live/big5/book02/index.html' saved [1736/1736]

--2025-11-07 13:31:30--  http://ekklesiahistory.fttt.org.tw/big5/book03/index.html
Reusing existing connection to ekklesiahistory.fttt.org.tw:80.
HTTP request sent, awaiting response... 200 OK
Length: 1736 (1.7K) [text/html]
Saving to: 'docs_live/big5/book03/index.html'

     0K .                                                     100% 89.3M=0s

2025-11-07 13:31:30 (89.3 MB/s) - 'docs_live/big5/book03/index.html' saved [1736/1736]

--2025-11-07 13:31:30--  http://ekklesiahistory.fttt.org.tw/big5/book04/index.html
Reusing existing connection to ekklesiahistory.fttt.org.tw:80.
HTTP request sent, awaiting response... 200 OK
Length: 1736 (1.7K) [text/html]
Saving to: 'docs_live/big5/book04/index.html'

     0K .                                                     100% 81.3M=0s

2025-11-07 13:31:30 (81.3 MB/s) - 'docs_live/big5/book04/index.html' saved [1736/1736]

--2025-11-07 13:31:30--  http://ekklesiahistory.fttt.org.tw/big5/book05/index.html
Reusing existing connection to ekklesiahistory.fttt.org.tw:80.
HTTP request sent, awaiting response... 200 OK
Length: 1791 (1.7K) [text/html]
Saving to: 'docs_live/big5/book05/index.html'

     0K .                                                     100%  180M=0s

2025-11-07 13:31:30 (180 MB/s) - 'docs_live/big5/book05/index.html' saved [1791/1791]

--2025-11-07 13:31:30--  http://ekklesiahistory.fttt.org.tw/big5/book06/index.html
Reusing existing connection to ekklesiahistory.fttt.org.tw:80.
HTTP request sent, awaiting response... 200 OK
Length: 1736 (1.7K) [text/html]
Saving to: 'docs_live/big5/book06/index.html'

     0K .                                                     100% 69.1M=0s

2025-11-07 13:31:30 (69.1 MB/s) - 'docs_live/big5/book06/index.html' saved [1736/1736]

--2025-11-07 13:31:30--  http://ekklesiahistory.fttt.org.tw/big5/book07/index.html
Reusing existing connection to ekklesiahistory.fttt.org.tw:80.
HTTP request sent, awaiting response... 200 OK
Length: 1736 (1.7K) [text/html]
Saving to: 'docs_live/big5/book07/index.html'

     0K .                                                     100% 71.9M=0s

2025-11-07 13:31:30 (71.9 MB/s) - 'docs_live/big5/book07/index.html' saved [1736/1736]

--2025-11-07 13:31:30--  http://ekklesiahistory.fttt.org.tw/big5/book08/index.html
Reusing existing connection to ekklesiahistory.fttt.org.tw:80.
HTTP request sent, awaiting response... 200 OK
Length: 1736 (1.7K) [text/html]
Saving to: 'docs_live/big5/book08/index.html'

     0K .                                                     100%  120M=0s

2025-11-07 13:31:30 (120 MB/s) - 'docs_live/big5/book08/index.html' saved [1736/1736]

--2025-11-07 13:31:30--  http://ekklesiahistory.fttt.org.tw/big5/book09/index.html
Reusing existing connection to ekklesiahistory.fttt.org.tw:80.
HTTP request sent, awaiting response... 200 OK
Length: 1736 (1.7K) [text/html]
Saving to: 'docs_live/big5/book09/index.html'

     0K .                                                     100% 82.6M=0s

2025-11-07 13:31:30 (82.6 MB/s) - 'docs_live/big5/book09/index.html' saved [1736/1736]

--2025-11-07 13:31:30--  http://ekklesiahistory.fttt.org.tw/big5/book10/index.html
Reusing existing connection to ekklesiahistory.fttt.org.tw:80.
HTTP request sent, awaiting response... 200 OK
Length: 1736 (1.7K) [text/html]
Saving to: 'docs_live/big5/book10/index.html'

     0K .                                                     100%  160M=0s

2025-11-07 13:31:30 (160 MB/s) - 'docs_live/big5/book10/index.html' saved [1736/1736]

--2025-11-07 13:31:30--  http://ekklesiahistory.fttt.org.tw/gb2312/index.html
Reusing existing connection to ekklesiahistory.fttt.org.tw:80.
HTTP request sent, awaiting response... 200 OK
Length: 1859 (1.8K) [text/html]
Saving to: 'docs_live/gb2312/index.html'

     0K .                                                     100%  293M=0s

2025-11-07 13:31:30 (293 MB/s) - 'docs_live/gb2312/index.html' saved [1859/1859]

--2025-11-07 13:31:30--  http://ekklesiahistory.fttt.org.tw/image/simplify.gif
Reusing existing connection to ekklesiahistory.fttt.org.tw:80.
HTTP request sent, awaiting response... 200 OK
Length: 138 [image/gif]
Saving to: 'docs_live/image/simplify.gif'

     0K                                                       100% 15.9M=0s

2025-11-07 13:31:31 (15.9 MB/s) - 'docs_live/image/simplify.gif' saved [138/138]

--2025-11-07 13:31:31--  http://ekklesiahistory.fttt.org.tw/big5/link/index.html
Reusing existing connection to ekklesiahistory.fttt.org.tw:80.
HTTP request sent, awaiting response... 200 OK
Length: 1736 (1.7K) [text/html]
Saving to: 'docs_live/big5/link/index.html'

     0K .                                                     100%  133M=0s

2025-11-07 13:31:31 (133 MB/s) - 'docs_live/big5/link/index.html' saved [1736/1736]

--2025-11-07 13:31:31--  http://ekklesiahistory.fttt.org.tw/index.php?counter=no
Reusing existing connection to ekklesiahistory.fttt.org.tw:80.
HTTP request sent, awaiting response... 200 OK
Length: 4517 (4.4K) [text/html]
Saving to: 'docs_live/index.php?counter=no.html'

     0K ....                                                  100%  109M=0s

Last-modified header missing -- time-stamps turned off.
2025-11-07 13:31:31 (109 MB/s) - 'docs_live/index.php?counter=no.html' saved [4517/4517]

--2025-11-07 13:31:31--  http://ekklesiahistory.fttt.org.tw/image/theme00_top.jpg
Reusing existing connection to ekklesiahistory.fttt.org.tw:80.
HTTP request sent, awaiting response... 200 OK
Length: 9353 (9.1K) [image/jpeg]
Saving to: 'docs_live/image/theme00_top.jpg'

     0K .........                                             100% 76.1M=0s

2025-11-07 13:31:31 (76.1 MB/s) - 'docs_live/image/theme00_top.jpg' saved [9353/9353]

--2025-11-07 13:31:31--  http://ekklesiahistory.fttt.org.tw/image/theme00_main.jpg
Reusing existing connection to ekklesiahistory.fttt.org.tw:80.
HTTP request sent, awaiting response... 200 OK
Length: 12450 (12K) [image/jpeg]
Saving to: 'docs_live/image/theme00_main.jpg'

     0K .......... ..                                         100%  182M=0s

2025-11-07 13:31:31 (182 MB/s) - 'docs_live/image/theme00_main.jpg' saved [12450/12450]

--2025-11-07 13:31:31--  http://ekklesiahistory.fttt.org.tw/big5/author/corner.htm
Reusing existing connection to ekklesiahistory.fttt.org.tw:80.
HTTP request sent, awaiting response... 200 OK
Length: 878 [text/html]
Saving to: 'docs_live/big5/author/corner.htm'

     0K                                                       100% 42.2M=0s

2025-11-07 13:31:31 (42.2 MB/s) - 'docs_live/big5/author/corner.htm' saved [878/878]

--2025-11-07 13:31:31--  http://ekklesiahistory.fttt.org.tw/big5/author/leftframe.htm
Reusing existing connection to ekklesiahistory.fttt.org.tw:80.
HTTP request sent, awaiting response... 200 OK
Length: 571 [text/html]
Saving to: 'docs_live/big5/author/leftframe.htm'

     0K                                                       100% 46.5M=0s

2025-11-07 13:31:31 (46.5 MB/s) - 'docs_live/big5/author/leftframe.htm' saved [571/571]

--2025-11-07 13:31:31--  http://ekklesiahistory.fttt.org.tw/big5/author/left.htm
Reusing existing connection to ekklesiahistory.fttt.org.tw:80.
HTTP request sent, awaiting response... 200 OK
Length: 2223 (2.2K) [text/html]
Saving to: 'docs_live/big5/author/left.htm'

     0K ..                                                    100%  170M=0s

2025-11-07 13:31:31 (170 MB/s) - 'docs_live/big5/author/left.htm' saved [2223/2223]

--2025-11-07 13:31:31--  http://ekklesiahistory.fttt.org.tw/big5/author/right.htm
Reusing existing connection to ekklesiahistory.fttt.org.tw:80.
HTTP request sent, awaiting response... 200 OK
Length: 801 [text/html]
Saving to: 'docs_live/big5/author/right.htm'

     0K                                                       100% 44.8M=0s

2025-11-07 13:31:31 (44.8 MB/s) - 'docs_live/big5/author/right.htm' saved [801/801]

--2025-11-07 13:31:31--  http://ekklesiahistory.fttt.org.tw/big5/author/top.htm
Reusing existing connection to ekklesiahistory.fttt.org.tw:80.
HTTP request sent, awaiting response... 200 OK
Length: 827 [text/html]
Saving to: 'docs_live/big5/author/top.htm'

     0K                                                       100% 53.6M=0s

2025-11-07 13:31:31 (53.6 MB/s) - 'docs_live/big5/author/top.htm' saved [827/827]

--2025-11-07 13:31:31--  http://ekklesiahistory.fttt.org.tw/big5/author/main.htm
Reusing existing connection to ekklesiahistory.fttt.org.tw:80.
HTTP request sent, awaiting response... 200 OK
Length: 6633 (6.5K) [text/html]
Saving to: 'docs_live/big5/author/main.htm'

     0K ......                                                100% 87.2M=0s

2025-11-07 13:31:32 (87.2 MB/s) - 'docs_live/big5/author/main.htm' saved [6633/6633]

--2025-11-07 13:31:32--  http://ekklesiahistory.fttt.org.tw/big5/book01/corner.htm
Reusing existing connection to ekklesiahistory.fttt.org.tw:80.
HTTP request sent, awaiting response... 200 OK
Length: 877 [text/html]
Saving to: 'docs_live/big5/book01/corner.htm'

     0K                                                       100% 33.3M=0s

2025-11-07 13:31:32 (33.3 MB/s) - 'docs_live/big5/book01/corner.htm' saved [877/877]

--2025-11-07 13:31:32--  http://ekklesiahistory.fttt.org.tw/big5/book01/leftframe.htm
Reusing existing connection to ekklesiahistory.fttt.org.tw:80.
HTTP request sent, awaiting response... 200 OK
Length: 571 [text/html]
Saving to: 'docs_live/big5/book01/leftframe.htm'

     0K                                                       100% 33.9M=0s

2025-11-07 13:31:32 (33.9 MB/s) - 'docs_live/big5/book01/leftframe.htm' saved [571/571]

--2025-11-07 13:31:32--  http://ekklesiahistory.fttt.org.tw/big5/book01/left.htm
Reusing existing connection to ekklesiahistory.fttt.org.tw:80.
HTTP request sent, awaiting response... 200 OK
Length: 2223 (2.2K) [text/html]
Saving to: 'docs_live/big5/book01/left.htm'

     0K ..                                                    100% 91.5M=0s

2025-11-07 13:31:32 (91.5 MB/s) - 'docs_live/big5/book01/left.htm' saved [2223/2223]

--2025-11-07 13:31:32--  http://ekklesiahistory.fttt.org.tw/big5/book01/right.htm
Reusing existing connection to ekklesiahistory.fttt.org.tw:80.
HTTP request sent, awaiting response... 200 OK
Length: 801 [text/html]
Saving to: 'docs_live/big5/book01/right.htm'

     0K                                                       100% 66.2M=0s

2025-11-07 13:31:32 (66.2 MB/s) - 'docs_live/big5/book01/right.htm' saved [801/801]

--2025-11-07 13:31:32--  http://ekklesiahistory.fttt.org.tw/big5/book01/top.htm
Reusing existing connection to ekklesiahistory.fttt.org.tw:80.
HTTP request sent, awaiting response... 200 OK
Length: 598 [text/html]
Saving to: 'docs_live/big5/book01/top.htm'

     0K                                                       100% 42.5M=0s

2025-11-07 13:31:32 (42.5 MB/s) - 'docs_live/big5/book01/top.htm' saved [598/598]

--2025-11-07 13:31:32--  http://ekklesiahistory.fttt.org.tw/big5/book01/main.htm
Reusing existing connection to ekklesiahistory.fttt.org.tw:80.
HTTP request sent, awaiting response... 200 OK
Length: 2521 (2.5K) [text/html]
Saving to: 'docs_live/big5/book01/main.htm'

     0K ..                                                    100%  105M=0s

2025-11-07 13:31:32 (105 MB/s) - 'docs_live/big5/book01/main.htm' saved [2521/2521]

--2025-11-07 13:31:32--  http://ekklesiahistory.fttt.org.tw/big5/book02/corner.htm
Reusing existing connection to ekklesiahistory.fttt.org.tw:80.
HTTP request sent, awaiting response... 200 OK
Length: 877 [text/html]
Saving to: 'docs_live/big5/book02/corner.htm'

     0K                                                       100% 40.3M=0s

2025-11-07 13:31:32 (40.3 MB/s) - 'docs_live/big5/book02/corner.htm' saved [877/877]

--2025-11-07 13:31:32--  http://ekklesiahistory.fttt.org.tw/big5/book02/leftframe.htm
Reusing existing connection to ekklesiahistory.fttt.org.tw:80.
HTTP request sent, awaiting response... 200 OK
Length: 571 [text/html]
Saving to: 'docs_live/big5/book02/leftframe.htm'

     0K                                                       100% 22.8M=0s

2025-11-07 13:31:32 (22.8 MB/s) - 'docs_live/big5/book02/leftframe.htm' saved [571/571]

--2025-11-07 13:31:32--  http://ekklesiahistory.fttt.org.tw/big5/book02/left.htm
Reusing existing connection to ekklesiahistory.fttt.org.tw:80.
HTTP request sent, awaiting response... 200 OK
Length: 2223 (2.2K) [text/html]
Saving to: 'docs_live/big5/book02/left.htm'

     0K ..                                                    100%  146M=0s

2025-11-07 13:31:32 (146 MB/s) - 'docs_live/big5/book02/left.htm' saved [2223/2223]

--2025-11-07 13:31:32--  http://ekklesiahistory.fttt.org.tw/big5/book02/right.htm
Reusing existing connection to ekklesiahistory.fttt.org.tw:80.
HTTP request sent, awaiting response... 200 OK
Length: 801 [text/html]
Saving to: 'docs_live/big5/book02/right.htm'

     0K                                                       100% 93.1M=0s

2025-11-07 13:31:32 (93.1 MB/s) - 'docs_live/big5/book02/right.htm' saved [801/801]

--2025-11-07 13:31:32--  http://ekklesiahistory.fttt.org.tw/big5/book02/top.htm
Reusing existing connection to ekklesiahistory.fttt.org.tw:80.
HTTP request sent, awaiting response... 200 OK
Length: 598 [text/html]
Saving to: 'docs_live/big5/book02/top.htm'

     0K                                                       100% 97.1M=0s

2025-11-07 13:31:33 (97.1 MB/s) - 'docs_live/big5/book02/top.htm' saved [598/598]

--2025-11-07 13:31:33--  http://ekklesiahistory.fttt.org.tw/big5/book02/main.htm
Reusing existing connection to ekklesiahistory.fttt.org.tw:80.
HTTP request sent, awaiting response... 200 OK
Length: 3282 (3.2K) [text/html]
Saving to: 'docs_live/big5/book02/main.htm'

     0K ...                                                   100%  132M=0s

2025-11-07 13:31:33 (132 MB/s) - 'docs_live/big5/book02/main.htm' saved [3282/3282]

--2025-11-07 13:31:33--  http://ekklesiahistory.fttt.org.tw/big5/book03/corner.htm
Reusing existing connection to ekklesiahistory.fttt.org.tw:80.
HTTP request sent, awaiting response... 200 OK
Length: 877 [text/html]
Saving to: 'docs_live/big5/book03/corner.htm'

     0K                                                       100% 64.3M=0s

2025-11-07 13:31:33 (64.3 MB/s) - 'docs_live/big5/book03/corner.htm' saved [877/877]

--2025-11-07 13:31:33--  http://ekklesiahistory.fttt.org.tw/big5/book03/leftframe.htm
Reusing existing connection to ekklesiahistory.fttt.org.tw:80.
HTTP request sent, awaiting response... 200 OK
Length: 571 [text/html]
Saving to: 'docs_live/big5/book03/leftframe.htm'

     0K                                                       100% 6.75M=0s

2025-11-07 13:31:33 (6.75 MB/s) - 'docs_live/big5/book03/leftframe.htm' saved [571/571]

--2025-11-07 13:31:33--  http://ekklesiahistory.fttt.org.tw/big5/book03/left.htm
Reusing existing connection to ekklesiahistory.fttt.org.tw:80.
HTTP request sent, awaiting response... 200 OK
Length: 2223 (2.2K) [text/html]
Saving to: 'docs_live/big5/book03/left.htm'

     0K ..                                                    100%  102M=0s

2025-11-07 13:31:33 (102 MB/s) - 'docs_live/big5/book03/left.htm' saved [2223/2223]

--2025-11-07 13:31:33--  http://ekklesiahistory.fttt.org.tw/big5/book03/right.htm
Reusing existing connection to ekklesiahistory.fttt.org.tw:80.
HTTP request sent, awaiting response... 200 OK
Length: 801 [text/html]
Saving to: 'docs_live/big5/book03/right.htm'

     0K                                                       100% 26.4M=0s

2025-11-07 13:31:33 (26.4 MB/s) - 'docs_live/big5/book03/right.htm' saved [801/801]

--2025-11-07 13:31:33--  http://ekklesiahistory.fttt.org.tw/big5/book03/top.htm
Reusing existing connection to ekklesiahistory.fttt.org.tw:80.
HTTP request sent, awaiting response... 200 OK
Length: 598 [text/html]
Saving to: 'docs_live/big5/book03/top.htm'

     0K                                                       100% 50.3M=0s

2025-11-07 13:31:33 (50.3 MB/s) - 'docs_live/big5/book03/top.htm' saved [598/598]

--2025-11-07 13:31:33--  http://ekklesiahistory.fttt.org.tw/big5/book03/main.htm
Reusing existing connection to ekklesiahistory.fttt.org.tw:80.
HTTP request sent, awaiting response... 200 OK
Length: 3904 (3.8K) [text/html]
Saving to: 'docs_live/big5/book03/main.htm'

     0K ...                                                   100%  197M=0s

2025-11-07 13:31:33 (197 MB/s) - 'docs_live/big5/book03/main.htm' saved [3904/3904]

--2025-11-07 13:31:33--  http://ekklesiahistory.fttt.org.tw/big5/book04/corner.htm
Reusing existing connection to ekklesiahistory.fttt.org.tw:80.
HTTP request sent, awaiting response... 200 OK
Length: 878 [text/html]
Saving to: 'docs_live/big5/book04/corner.htm'

     0K                                                       100% 33.5M=0s

2025-11-07 13:31:33 (33.5 MB/s) - 'docs_live/big5/book04/corner.htm' saved [878/878]

--2025-11-07 13:31:33--  http://ekklesiahistory.fttt.org.tw/big5/book04/leftframe.htm
Reusing existing connection to ekklesiahistory.fttt.org.tw:80.
HTTP request sent, awaiting response... 200 OK
Length: 571 [text/html]
Saving to: 'docs_live/big5/book04/leftframe.htm'

     0K                                                       100% 40.3M=0s

2025-11-07 13:31:33 (40.3 MB/s) - 'docs_live/big5/book04/leftframe.htm' saved [571/571]

--2025-11-07 13:31:33--  http://ekklesiahistory.fttt.org.tw/big5/book04/left.htm
Reusing existing connection to ekklesiahistory.fttt.org.tw:80.
HTTP request sent, awaiting response... 200 OK
Length: 2223 (2.2K) [text/html]
Saving to: 'docs_live/big5/book04/left.htm'

     0K ..                                                    100%  121M=0s

2025-11-07 13:31:34 (121 MB/s) - 'docs_live/big5/book04/left.htm' saved [2223/2223]

--2025-11-07 13:31:34--  http://ekklesiahistory.fttt.org.tw/big5/book04/right.htm
Reusing existing connection to ekklesiahistory.fttt.org.tw:80.
HTTP request sent, awaiting response... 200 OK
Length: 801 [text/html]
Saving to: 'docs_live/big5/book04/right.htm'

     0K                                                       100% 42.3M=0s

2025-11-07 13:31:34 (42.3 MB/s) - 'docs_live/big5/book04/right.htm' saved [801/801]

--2025-11-07 13:31:34--  http://ekklesiahistory.fttt.org.tw/big5/book04/top.htm
Reusing existing connection to ekklesiahistory.fttt.org.tw:80.
HTTP request sent, awaiting response... 200 OK
Length: 598 [text/html]
Saving to: 'docs_live/big5/book04/top.htm'

     0K                                                       100% 48.4M=0s

2025-11-07 13:31:34 (48.4 MB/s) - 'docs_live/big5/book04/top.htm' saved [598/598]

--2025-11-07 13:31:34--  http://ekklesiahistory.fttt.org.tw/big5/book04/main.htm
Reusing existing connection to ekklesiahistory.fttt.org.tw:80.
HTTP request sent, awaiting response... 200 OK
Length: 3841 (3.8K) [text/html]
Saving to: 'docs_live/big5/book04/main.htm'

     0K ...                                                   100% 61.7M=0s

2025-11-07 13:31:34 (61.7 MB/s) - 'docs_live/big5/book04/main.htm' saved [3841/3841]

--2025-11-07 13:31:34--  http://ekklesiahistory.fttt.org.tw/big5/book05/corner.htm
Reusing existing connection to ekklesiahistory.fttt.org.tw:80.
HTTP request sent, awaiting response... 200 OK
Length: 878 [text/html]
Saving to: 'docs_live/big5/book05/corner.htm'

     0K                                                       100% 49.1M=0s

2025-11-07 13:31:34 (49.1 MB/s) - 'docs_live/big5/book05/corner.htm' saved [878/878]

--2025-11-07 13:31:34--  http://ekklesiahistory.fttt.org.tw/big5/book05/leftframe.htm
Reusing existing connection to ekklesiahistory.fttt.org.tw:80.
HTTP request sent, awaiting response... 200 OK
Length: 571 [text/html]
Saving to: 'docs_live/big5/book05/leftframe.htm'

     0K                                                       100% 27.1M=0s

2025-11-07 13:31:34 (27.1 MB/s) - 'docs_live/big5/book05/leftframe.htm' saved [571/571]

--2025-11-07 13:31:34--  http://ekklesiahistory.fttt.org.tw/big5/book05/left.htm
Reusing existing connection to ekklesiahistory.fttt.org.tw:80.
HTTP request sent, awaiting response... 200 OK
Length: 2223 (2.2K) [text/html]
Saving to: 'docs_live/big5/book05/left.htm'

     0K ..                                                    100%  109M=0s

2025-11-07 13:31:34 (109 MB/s) - 'docs_live/big5/book05/left.htm' saved [2223/2223]

--2025-11-07 13:31:34--  http://ekklesiahistory.fttt.org.tw/big5/book05/right.htm
Reusing existing connection to ekklesiahistory.fttt.org.tw:80.
HTTP request sent, awaiting response... 200 OK
Length: 801 [text/html]
Saving to: 'docs_live/big5/book05/right.htm'

     0K                                                       100% 45.9M=0s

2025-11-07 13:31:34 (45.9 MB/s) - 'docs_live/big5/book05/right.htm' saved [801/801]

--2025-11-07 13:31:34--  http://ekklesiahistory.fttt.org.tw/big5/book05/top.htm
Reusing existing connection to ekklesiahistory.fttt.org.tw:80.
HTTP request sent, awaiting response... 200 OK
Length: 598 [text/html]
Saving to: 'docs_live/big5/book05/top.htm'

     0K                                                       100% 29.3M=0s

2025-11-07 13:31:34 (29.3 MB/s) - 'docs_live/big5/book05/top.htm' saved [598/598]

--2025-11-07 13:31:34--  http://ekklesiahistory.fttt.org.tw/big5/book05/main.htm
Reusing existing connection to ekklesiahistory.fttt.org.tw:80.
HTTP request sent, awaiting response... 200 OK
Length: 3694 (3.6K) [text/html]
Saving to: 'docs_live/big5/book05/main.htm'

     0K ...                                                   100% 35.4M=0s

2025-11-07 13:31:34 (35.4 MB/s) - 'docs_live/big5/book05/main.htm' saved [3694/3694]

--2025-11-07 13:31:34--  http://ekklesiahistory.fttt.org.tw/big5/book06/corner.htm
Reusing existing connection to ekklesiahistory.fttt.org.tw:80.
HTTP request sent, awaiting response... 200 OK
Length: 877 [text/html]
Saving to: 'docs_live/big5/book06/corner.htm'

     0K                                                       100% 48.0M=0s

2025-11-07 13:31:34 (48.0 MB/s) - 'docs_live/big5/book06/corner.htm' saved [877/877]

--2025-11-07 13:31:34--  http://ekklesiahistory.fttt.org.tw/big5/book06/leftframe.htm
Reusing existing connection to ekklesiahistory.fttt.org.tw:80.
HTTP request sent, awaiting response... 200 OK
Length: 571 [text/html]
Saving to: 'docs_live/big5/book06/leftframe.htm'

     0K                                                       100% 24.2M=0s

2025-11-07 13:31:35 (24.2 MB/s) - 'docs_live/big5/book06/leftframe.htm' saved [571/571]

--2025-11-07 13:31:35--  http://ekklesiahistory.fttt.org.tw/big5/book06/left.htm
Reusing existing connection to ekklesiahistory.fttt.org.tw:80.
HTTP request sent, awaiting response... 200 OK
Length: 2223 (2.2K) [text/html]
Saving to: 'docs_live/big5/book06/left.htm'

     0K ..                                                    100%  137M=0s

2025-11-07 13:31:35 (137 MB/s) - 'docs_live/big5/book06/left.htm' saved [2223/2223]

--2025-11-07 13:31:35--  http://ekklesiahistory.fttt.org.tw/big5/book06/right.htm
Reusing existing connection to ekklesiahistory.fttt.org.tw:80.
HTTP request sent, awaiting response... 200 OK
Length: 801 [text/html]
Saving to: 'docs_live/big5/book06/right.htm'

     0K                                                       100% 33.0M=0s

2025-11-07 13:31:35 (33.0 MB/s) - 'docs_live/big5/book06/right.htm' saved [801/801]

--2025-11-07 13:31:35--  http://ekklesiahistory.fttt.org.tw/big5/book06/top.htm
Reusing existing connection to ekklesiahistory.fttt.org.tw:80.
HTTP request sent, awaiting response... 200 OK
Length: 598 [text/html]
Saving to: 'docs_live/big5/book06/top.htm'

     0K                                                       100% 80.0M=0s

2025-11-07 13:31:35 (80.0 MB/s) - 'docs_live/big5/book06/top.htm' saved [598/598]

--2025-11-07 13:31:35--  http://ekklesiahistory.fttt.org.tw/big5/book06/main.htm
Reusing existing connection to ekklesiahistory.fttt.org.tw:80.
HTTP request sent, awaiting response... 200 OK
Length: 4407 (4.3K) [text/html]
Saving to: 'docs_live/big5/book06/main.htm'

     0K ....                                                  100%  238M=0s

2025-11-07 13:31:35 (238 MB/s) - 'docs_live/big5/book06/main.htm' saved [4407/4407]

--2025-11-07 13:31:35--  http://ekklesiahistory.fttt.org.tw/big5/book07/corner.htm
Reusing existing connection to ekklesiahistory.fttt.org.tw:80.
HTTP request sent, awaiting response... 200 OK
Length: 877 [text/html]
Saving to: 'docs_live/big5/book07/corner.htm'

     0K                                                       100% 33.2M=0s

2025-11-07 13:31:35 (33.2 MB/s) - 'docs_live/big5/book07/corner.htm' saved [877/877]

--2025-11-07 13:31:35--  http://ekklesiahistory.fttt.org.tw/big5/book07/leftframe.htm
Reusing existing connection to ekklesiahistory.fttt.org.tw:80.
HTTP request sent, awaiting response... 200 OK
Length: 571 [text/html]
Saving to: 'docs_live/big5/book07/leftframe.htm'

     0K                                                       100% 29.5M=0s

2025-11-07 13:31:35 (29.5 MB/s) - 'docs_live/big5/book07/leftframe.htm' saved [571/571]

--2025-11-07 13:31:35--  http://ekklesiahistory.fttt.org.tw/big5/book07/left.htm
Reusing existing connection to ekklesiahistory.fttt.org.tw:80.
HTTP request sent, awaiting response... 200 OK
Length: 2223 (2.2K) [text/html]
Saving to: 'docs_live/big5/book07/left.htm'

     0K ..                                                    100% 71.2M=0s

2025-11-07 13:31:35 (71.2 MB/s) - 'docs_live/big5/book07/left.htm' saved [2223/2223]

--2025-11-07 13:31:35--  http://ekklesiahistory.fttt.org.tw/big5/book07/right.htm
Reusing existing connection to ekklesiahistory.fttt.org.tw:80.
HTTP request sent, awaiting response... 200 OK
Length: 801 [text/html]
Saving to: 'docs_live/big5/book07/right.htm'

     0K                                                       100% 55.4M=0s

2025-11-07 13:31:35 (55.4 MB/s) - 'docs_live/big5/book07/right.htm' saved [801/801]

--2025-11-07 13:31:35--  http://ekklesiahistory.fttt.org.tw/big5/book07/top.htm
Reusing existing connection to ekklesiahistory.fttt.org.tw:80.
HTTP request sent, awaiting response... 200 OK
Length: 598 [text/html]
Saving to: 'docs_live/big5/book07/top.htm'

     0K                                                       100% 23.6M=0s

2025-11-07 13:31:35 (23.6 MB/s) - 'docs_live/big5/book07/top.htm' saved [598/598]

--2025-11-07 13:31:35--  http://ekklesiahistory.fttt.org.tw/big5/book07/main.htm
Reusing existing connection to ekklesiahistory.fttt.org.tw:80.
HTTP request sent, awaiting response... 200 OK
Length: 3890 (3.8K) [text/html]
Saving to: 'docs_live/big5/book07/main.htm'

     0K ...                                                   100% 95.2M=0s

2025-11-07 13:31:36 (95.2 MB/s) - 'docs_live/big5/book07/main.htm' saved [3890/3890]

--2025-11-07 13:31:36--  http://ekklesiahistory.fttt.org.tw/big5/book08/corner.htm
Reusing existing connection to ekklesiahistory.fttt.org.tw:80.
HTTP request sent, awaiting response... 200 OK
Length: 877 [text/html]
Saving to: 'docs_live/big5/book08/corner.htm'

     0K                                                       100% 47.8M=0s

2025-11-07 13:31:36 (47.8 MB/s) - 'docs_live/big5/book08/corner.htm' saved [877/877]

--2025-11-07 13:31:36--  http://ekklesiahistory.fttt.org.tw/big5/book08/leftframe.htm
Reusing existing connection to ekklesiahistory.fttt.org.tw:80.
HTTP request sent, awaiting response... 200 OK
Length: 571 [text/html]
Saving to: 'docs_live/big5/book08/leftframe.htm'

     0K                                                       100% 23.8M=0s

2025-11-07 13:31:36 (23.8 MB/s) - 'docs_live/big5/book08/leftframe.htm' saved [571/571]

--2025-11-07 13:31:36--  http://ekklesiahistory.fttt.org.tw/big5/book08/left.htm
Reusing existing connection to ekklesiahistory.fttt.org.tw:80.
HTTP request sent, awaiting response... 200 OK
Length: 2223 (2.2K) [text/html]
Saving to: 'docs_live/big5/book08/left.htm'

     0K ..                                                    100% 30.9M=0s

2025-11-07 13:31:36 (30.9 MB/s) - 'docs_live/big5/book08/left.htm' saved [2223/2223]

--2025-11-07 13:31:36--  http://ekklesiahistory.fttt.org.tw/big5/book08/right.htm
Reusing existing connection to ekklesiahistory.fttt.org.tw:80.
HTTP request sent, awaiting response... 200 OK
Length: 801 [text/html]
Saving to: 'docs_live/big5/book08/right.htm'

     0K                                                       100% 38.5M=0s

2025-11-07 13:31:36 (38.5 MB/s) - 'docs_live/big5/book08/right.htm' saved [801/801]

--2025-11-07 13:31:36--  http://ekklesiahistory.fttt.org.tw/big5/book08/top.htm
Reusing existing connection to ekklesiahistory.fttt.org.tw:80.
HTTP request sent, awaiting response... 200 OK
Length: 598 [text/html]
Saving to: 'docs_live/big5/book08/top.htm'

     0K                                                       100% 23.7M=0s

2025-11-07 13:31:36 (23.7 MB/s) - 'docs_live/big5/book08/top.htm' saved [598/598]

--2025-11-07 13:31:36--  http://ekklesiahistory.fttt.org.tw/big5/book08/main.htm
Reusing existing connection to ekklesiahistory.fttt.org.tw:80.
HTTP request sent, awaiting response... 200 OK
Length: 2683 (2.6K) [text/html]
Saving to: 'docs_live/big5/book08/main.htm'

     0K ..                                                    100% 41.1M=0s

2025-11-07 13:31:36 (41.1 MB/s) - 'docs_live/big5/book08/main.htm' saved [2683/2683]

--2025-11-07 13:31:36--  http://ekklesiahistory.fttt.org.tw/big5/book09/corner.htm
Reusing existing connection to ekklesiahistory.fttt.org.tw:80.
HTTP request sent, awaiting response... 200 OK
Length: 885 [text/html]
Saving to: 'docs_live/big5/book09/corner.htm'

     0K                                                       100% 38.1M=0s

2025-11-07 13:31:36 (38.1 MB/s) - 'docs_live/big5/book09/corner.htm' saved [885/885]

--2025-11-07 13:31:36--  http://ekklesiahistory.fttt.org.tw/big5/book09/leftframe.htm
Reusing existing connection to ekklesiahistory.fttt.org.tw:80.
HTTP request sent, awaiting response... 200 OK
Length: 571 [text/html]
Saving to: 'docs_live/big5/book09/leftframe.htm'

     0K                                                       100% 28.5M=0s

2025-11-07 13:31:36 (28.5 MB/s) - 'docs_live/big5/book09/leftframe.htm' saved [571/571]

--2025-11-07 13:31:36--  http://ekklesiahistory.fttt.org.tw/big5/book09/left.htm
Reusing existing connection to ekklesiahistory.fttt.org.tw:80.
HTTP request sent, awaiting response... 200 OK
Length: 2223 (2.2K) [text/html]
Saving to: 'docs_live/big5/book09/left.htm'

     0K ..                                                    100% 57.7M=0s

2025-11-07 13:31:36 (57.7 MB/s) - 'docs_live/big5/book09/left.htm' saved [2223/2223]

--2025-11-07 13:31:36--  http://ekklesiahistory.fttt.org.tw/big5/book09/right.htm
Reusing existing connection to ekklesiahistory.fttt.org.tw:80.
HTTP request sent, awaiting response... 200 OK
Length: 801 [text/html]
Saving to: 'docs_live/big5/book09/right.htm'

     0K                                                       100% 62.8M=0s

2025-11-07 13:31:36 (62.8 MB/s) - 'docs_live/big5/book09/right.htm' saved [801/801]

--2025-11-07 13:31:36--  http://ekklesiahistory.fttt.org.tw/big5/book09/top.htm
Reusing existing connection to ekklesiahistory.fttt.org.tw:80.
HTTP request sent, awaiting response... 200 OK
Length: 598 [text/html]
Saving to: 'docs_live/big5/book09/top.htm'

     0K                                                       100% 20.6M=0s

2025-11-07 13:31:37 (20.6 MB/s) - 'docs_live/big5/book09/top.htm' saved [598/598]

--2025-11-07 13:31:37--  http://ekklesiahistory.fttt.org.tw/big5/book09/main.htm
Reusing existing connection to ekklesiahistory.fttt.org.tw:80.
HTTP request sent, awaiting response... 200 OK
Length: 2218 (2.2K) [text/html]
Saving to: 'docs_live/big5/book09/main.htm'

     0K ..                                                    100% 30.3M=0s

2025-11-07 13:31:37 (30.3 MB/s) - 'docs_live/big5/book09/main.htm' saved [2218/2218]

--2025-11-07 13:31:37--  http://ekklesiahistory.fttt.org.tw/big5/book10/corner.htm
Reusing existing connection to ekklesiahistory.fttt.org.tw:80.
HTTP request sent, awaiting response... 200 OK
Length: 878 [text/html]
Saving to: 'docs_live/big5/book10/corner.htm'

     0K                                                       100% 33.8M=0s

2025-11-07 13:31:37 (33.8 MB/s) - 'docs_live/big5/book10/corner.htm' saved [878/878]

--2025-11-07 13:31:37--  http://ekklesiahistory.fttt.org.tw/big5/book10/leftframe.htm
Reusing existing connection to ekklesiahistory.fttt.org.tw:80.
HTTP request sent, awaiting response... 200 OK
Length: 571 [text/html]
Saving to: 'docs_live/big5/book10/leftframe.htm'

     0K                                                       100% 33.0M=0s

2025-11-07 13:31:37 (33.0 MB/s) - 'docs_live/big5/book10/leftframe.htm' saved [571/571]

--2025-11-07 13:31:37--  http://ekklesiahistory.fttt.org.tw/big5/book10/left.htm
Reusing existing connection to ekklesiahistory.fttt.org.tw:80.
HTTP request sent, awaiting response... 200 OK
Length: 2225 (2.2K) [text/html]
Saving to: 'docs_live/big5/book10/left.htm'

     0K ..                                                    100% 52.3M=0s

2025-11-07 13:31:37 (52.3 MB/s) - 'docs_live/big5/book10/left.htm' saved [2225/2225]

--2025-11-07 13:31:37--  http://ekklesiahistory.fttt.org.tw/big5/book10/right.htm
Connecting to ekklesiahistory.fttt.org.tw (ekklesiahistory.fttt.org.tw)|152.42.191.121|:80... connected.
HTTP request sent, awaiting response... 200 OK
Length: 801 [text/html]
Saving to: 'docs_live/big5/book10/right.htm'

     0K                                                       100% 41.2M=0s

2025-11-07 13:31:37 (41.2 MB/s) - 'docs_live/big5/book10/right.htm' saved [801/801]

--2025-11-07 13:31:37--  http://ekklesiahistory.fttt.org.tw/big5/book10/top.htm
Reusing existing connection to ekklesiahistory.fttt.org.tw:80.
HTTP request sent, awaiting response... 200 OK
Length: 598 [text/html]
Saving to: 'docs_live/big5/book10/top.htm'

     0K                                                       100% 30.9M=0s

2025-11-07 13:31:37 (30.9 MB/s) - 'docs_live/big5/book10/top.htm' saved [598/598]

--2025-11-07 13:31:37--  http://ekklesiahistory.fttt.org.tw/big5/book10/main.htm
Reusing existing connection to ekklesiahistory.fttt.org.tw:80.
HTTP request sent, awaiting response... 200 OK
Length: 2009 (2.0K) [text/html]
Saving to: 'docs_live/big5/book10/main.htm'

     0K .                                                     100% 35.1M=0s

2025-11-07 13:31:37 (35.1 MB/s) - 'docs_live/big5/book10/main.htm' saved [2009/2009]

--2025-11-07 13:31:37--  http://ekklesiahistory.fttt.org.tw/gb2312/corner.htm
Reusing existing connection to ekklesiahistory.fttt.org.tw:80.
HTTP request sent, awaiting response... 200 OK
Length: 1029 (1.0K) [text/html]
Saving to: 'docs_live/gb2312/corner.htm'

     0K .                                                     100% 54.3M=0s

2025-11-07 13:31:37 (54.3 MB/s) - 'docs_live/gb2312/corner.htm' saved [1029/1029]

--2025-11-07 13:31:37--  http://ekklesiahistory.fttt.org.tw/gb2312/leftframe.htm
Reusing existing connection to ekklesiahistory.fttt.org.tw:80.
HTTP request sent, awaiting response... 200 OK
Length: 733 [text/html]
Saving to: 'docs_live/gb2312/leftframe.htm'

     0K                                                       100% 28.3M=0s

2025-11-07 13:31:37 (28.3 MB/s) - 'docs_live/gb2312/leftframe.htm' saved [733/733]

--2025-11-07 13:31:37--  http://ekklesiahistory.fttt.org.tw/gb2312/left.htm
Reusing existing connection to ekklesiahistory.fttt.org.tw:80.
HTTP request sent, awaiting response... 200 OK
Length: 2174 (2.1K) [text/html]
Saving to: 'docs_live/gb2312/left.htm'

     0K ..                                                    100% 33.7M=0s

2025-11-07 13:31:38 (33.7 MB/s) - 'docs_live/gb2312/left.htm' saved [2174/2174]

--2025-11-07 13:31:38--  http://ekklesiahistory.fttt.org.tw/gb2312/right.htm
Reusing existing connection to ekklesiahistory.fttt.org.tw:80.
HTTP request sent, awaiting response... 200 OK
Length: 733 [text/html]
Saving to: 'docs_live/gb2312/right.htm'

     0K                                                       100% 31.0M=0s

2025-11-07 13:31:38 (31.0 MB/s) - 'docs_live/gb2312/right.htm' saved [733/733]

--2025-11-07 13:31:38--  http://ekklesiahistory.fttt.org.tw/gb2312/top.htm
Reusing existing connection to ekklesiahistory.fttt.org.tw:80.
HTTP request sent, awaiting response... 200 OK
Length: 754 [text/html]
Saving to: 'docs_live/gb2312/top.htm'

     0K                                                       100% 16.4M=0s

2025-11-07 13:31:38 (16.4 MB/s) - 'docs_live/gb2312/top.htm' saved [754/754]

--2025-11-07 13:31:38--  http://ekklesiahistory.fttt.org.tw/gb2312/main.htm
Reusing existing connection to ekklesiahistory.fttt.org.tw:80.
HTTP request sent, awaiting response... 200 OK
Length: 12762 (12K) [text/html]
Saving to: 'docs_live/gb2312/main.htm'

     0K .......... ..                                         100% 39.9M=0s

2025-11-07 13:31:38 (39.9 MB/s) - 'docs_live/gb2312/main.htm' saved [12762/12762]

--2025-11-07 13:31:38--  http://ekklesiahistory.fttt.org.tw/big5/link/corner.htm
Reusing existing connection to ekklesiahistory.fttt.org.tw:80.
HTTP request sent, awaiting response... 200 OK
Length: 878 [text/html]
Saving to: 'docs_live/big5/link/corner.htm'

     0K                                                       100% 38.9M=0s

2025-11-07 13:31:38 (38.9 MB/s) - 'docs_live/big5/link/corner.htm' saved [878/878]

--2025-11-07 13:31:38--  http://ekklesiahistory.fttt.org.tw/big5/link/leftframe.htm
Reusing existing connection to ekklesiahistory.fttt.org.tw:80.
HTTP request sent, awaiting response... 200 OK
Length: 571 [text/html]
Saving to: 'docs_live/big5/link/leftframe.htm'

     0K                                                       100% 24.9M=0s

2025-11-07 13:31:38 (24.9 MB/s) - 'docs_live/big5/link/leftframe.htm' saved [571/571]

--2025-11-07 13:31:38--  http://ekklesiahistory.fttt.org.tw/big5/link/left.htm
Reusing existing connection to ekklesiahistory.fttt.org.tw:80.
HTTP request sent, awaiting response... 200 OK
Length: 2223 (2.2K) [text/html]
Saving to: 'docs_live/big5/link/left.htm'

     0K ..                                                    100% 68.2M=0s

2025-11-07 13:31:38 (68.2 MB/s) - 'docs_live/big5/link/left.htm' saved [2223/2223]

--2025-11-07 13:31:38--  http://ekklesiahistory.fttt.org.tw/big5/link/right.htm
Reusing existing connection to ekklesiahistory.fttt.org.tw:80.
HTTP request sent, awaiting response... 200 OK
Length: 801 [text/html]
Saving to: 'docs_live/big5/link/right.htm'

     0K                                                       100% 50.2M=0s

2025-11-07 13:31:38 (50.2 MB/s) - 'docs_live/big5/link/right.htm' saved [801/801]

--2025-11-07 13:31:38--  http://ekklesiahistory.fttt.org.tw/big5/link/top.htm
Reusing existing connection to ekklesiahistory.fttt.org.tw:80.
HTTP request sent, awaiting response... 200 OK
Length: 598 [text/html]
Saving to: 'docs_live/big5/link/top.htm'

     0K                                                       100% 4.82M=0s

2025-11-07 13:31:38 (4.82 MB/s) - 'docs_live/big5/link/top.htm' saved [598/598]

--2025-11-07 13:31:38--  http://ekklesiahistory.fttt.org.tw/big5/link/main.htm
Reusing existing connection to ekklesiahistory.fttt.org.tw:80.
HTTP request sent, awaiting response... 200 OK
Length: 4527 (4.4K) [text/html]
Saving to: 'docs_live/big5/link/main.htm'

     0K ....                                                  100%  200M=0s

2025-11-07 13:31:38 (200 MB/s) - 'docs_live/big5/link/main.htm' saved [4527/4527]

--2025-11-07 13:31:38--  http://ekklesiahistory.fttt.org.tw/image/counter/5.gif
Reusing existing connection to ekklesiahistory.fttt.org.tw:80.
HTTP request sent, awaiting response... 200 OK
Length: 181 [image/gif]
Saving to: 'docs_live/image/counter/5.gif'

     0K                                                       100% 1.05M=0s

2025-11-07 13:31:38 (1.05 MB/s) - 'docs_live/image/counter/5.gif' saved [181/181]

--2025-11-07 13:31:38--  http://ekklesiahistory.fttt.org.tw/image/theme01_corner.jpg
Reusing existing connection to ekklesiahistory.fttt.org.tw:80.
HTTP request sent, awaiting response... 200 OK
Length: 11268 (11K) [image/jpeg]
Saving to: 'docs_live/image/theme01_corner.jpg'

     0K .......... .                                          100%  166M=0s

2025-11-07 13:31:39 (166 MB/s) - 'docs_live/image/theme01_corner.jpg' saved [11268/11268]

--2025-11-07 13:31:39--  http://ekklesiahistory.fttt.org.tw/image/theme01_left.jpg
Reusing existing connection to ekklesiahistory.fttt.org.tw:80.
HTTP request sent, awaiting response... 200 OK
Length: 4975 (4.9K) [image/jpeg]
Saving to: 'docs_live/image/theme01_left.jpg'

     0K ....                                                  100%  109M=0s

2025-11-07 13:31:39 (109 MB/s) - 'docs_live/image/theme01_left.jpg' saved [4975/4975]

--2025-11-07 13:31:39--  http://ekklesiahistory.fttt.org.tw/image/theme01_top.jpg
Reusing existing connection to ekklesiahistory.fttt.org.tw:80.
HTTP request sent, awaiting response... 200 OK
Length: 8361 (8.2K) [image/jpeg]
Saving to: 'docs_live/image/theme01_top.jpg'

     0K ........                                              100% 63.6M=0s

2025-11-07 13:31:39 (63.6 MB/s) - 'docs_live/image/theme01_top.jpg' saved [8361/8361]

--2025-11-07 13:31:39--  http://ekklesiahistory.fttt.org.tw/image/theme01_main.jpg
Reusing existing connection to ekklesiahistory.fttt.org.tw:80.
HTTP request sent, awaiting response... 200 OK
Length: 22491 (22K) [image/jpeg]
Saving to: 'docs_live/image/theme01_main.jpg'

     0K .......... .......... .                               100% 98.7M=0s

2025-11-07 13:31:39 (98.7 MB/s) - 'docs_live/image/theme01_main.jpg' saved [22491/22491]

--2025-11-07 13:31:39--  http://ekklesiahistory.fttt.org.tw/big5/book01/chapter01.htm
Reusing existing connection to ekklesiahistory.fttt.org.tw:80.
HTTP request sent, awaiting response... 200 OK
Length: 7625 (7.4K) [text/html]
Saving to: 'docs_live/big5/book01/chapter01.htm'

     0K .......                                               100% 19.3M=0s

2025-11-07 13:31:39 (19.3 MB/s) - 'docs_live/big5/book01/chapter01.htm' saved [7625/7625]

--2025-11-07 13:31:39--  http://ekklesiahistory.fttt.org.tw/big5/book01/chapter02.htm
Reusing existing connection to ekklesiahistory.fttt.org.tw:80.
HTTP request sent, awaiting response... 200 OK
Length: 21540 (21K) [text/html]
Saving to: 'docs_live/big5/book01/chapter02.htm'

     0K .......... .......... .                               100%  182M=0s

2025-11-07 13:31:39 (182 MB/s) - 'docs_live/big5/book01/chapter02.htm' saved [21540/21540]

--2025-11-07 13:31:39--  http://ekklesiahistory.fttt.org.tw/big5/book01/chapter03.htm
Reusing existing connection to ekklesiahistory.fttt.org.tw:80.
HTTP request sent, awaiting response... 200 OK
Length: 14322 (14K) [text/html]
Saving to: 'docs_live/big5/book01/chapter03.htm'

     0K .......... ...                                        100%  299M=0s

2025-11-07 13:31:39 (299 MB/s) - 'docs_live/big5/book01/chapter03.htm' saved [14322/14322]

--2025-11-07 13:31:39--  http://ekklesiahistory.fttt.org.tw/big5/book01/chapter04.htm
Reusing existing connection to ekklesiahistory.fttt.org.tw:80.
HTTP request sent, awaiting response... 200 OK
Length: 8742 (8.5K) [text/html]
Saving to: 'docs_live/big5/book01/chapter04.htm'

     0K ........                                              100% 36.7M=0s

2025-11-07 13:31:39 (36.7 MB/s) - 'docs_live/big5/book01/chapter04.htm' saved [8742/8742]

--2025-11-07 13:31:39--  http://ekklesiahistory.fttt.org.tw/big5/book01/chapter05.htm
Reusing existing connection to ekklesiahistory.fttt.org.tw:80.
HTTP request sent, awaiting response... 200 OK
Length: 6431 (6.3K) [text/html]
Saving to: 'docs_live/big5/book01/chapter05.htm'

     0K ......                                                100%  223M=0s

2025-11-07 13:31:39 (223 MB/s) - 'docs_live/big5/book01/chapter05.htm' saved [6431/6431]

--2025-11-07 13:31:39--  http://ekklesiahistory.fttt.org.tw/big5/book01/chapter06.htm
Reusing existing connection to ekklesiahistory.fttt.org.tw:80.
HTTP request sent, awaiting response... 200 OK
Length: 10944 (11K) [text/html]
Saving to: 'docs_live/big5/book01/chapter06.htm'

     0K ..........                                            100% 52.5M=0s

2025-11-07 13:31:39 (52.5 MB/s) - 'docs_live/big5/book01/chapter06.htm' saved [10944/10944]

--2025-11-07 13:31:39--  http://ekklesiahistory.fttt.org.tw/big5/book01/chapter07.htm
Reusing existing connection to ekklesiahistory.fttt.org.tw:80.
HTTP request sent, awaiting response... 200 OK
Length: 15194 (15K) [text/html]
Saving to: 'docs_live/big5/book01/chapter07.htm'

     0K .......... ....                                       100%  142M=0s

2025-11-07 13:31:39 (142 MB/s) - 'docs_live/big5/book01/chapter07.htm' saved [15194/15194]

--2025-11-07 13:31:39--  http://ekklesiahistory.fttt.org.tw/big5/book01/chapter08.htm
Reusing existing connection to ekklesiahistory.fttt.org.tw:80.
HTTP request sent, awaiting response... 200 OK
Length: 9869 (9.6K) [text/html]
Saving to: 'docs_live/big5/book01/chapter08.htm'

     0K .........                                             100% 67.8M=0s

2025-11-07 13:31:40 (67.8 MB/s) - 'docs_live/big5/book01/chapter08.htm' saved [9869/9869]

--2025-11-07 13:31:40--  http://ekklesiahistory.fttt.org.tw/big5/book01/chapter09.htm
Reusing existing connection to ekklesiahistory.fttt.org.tw:80.
HTTP request sent, awaiting response... 200 OK
Length: 4992 (4.9K) [text/html]
Saving to: 'docs_live/big5/book01/chapter09.htm'

     0K ....                                                  100%  101M=0s

2025-11-07 13:31:40 (101 MB/s) - 'docs_live/big5/book01/chapter09.htm' saved [4992/4992]

--2025-11-07 13:31:40--  http://ekklesiahistory.fttt.org.tw/big5/book01/chapter10.htm
Reusing existing connection to ekklesiahistory.fttt.org.tw:80.
HTTP request sent, awaiting response... 200 OK
Length: 6303 (6.2K) [text/html]
Saving to: 'docs_live/big5/book01/chapter10.htm'

     0K ......                                                100%  123M=0s

2025-11-07 13:31:40 (123 MB/s) - 'docs_live/big5/book01/chapter10.htm' saved [6303/6303]

--2025-11-07 13:31:40--  http://ekklesiahistory.fttt.org.tw/big5/book01/chapter11.htm
Reusing existing connection to ekklesiahistory.fttt.org.tw:80.
HTTP request sent, awaiting response... 200 OK
Length: 5034 (4.9K) [text/html]
Saving to: 'docs_live/big5/book01/chapter11.htm'

     0K ....                                                  100% 82.6M=0s

2025-11-07 13:31:40 (82.6 MB/s) - 'docs_live/big5/book01/chapter11.htm' saved [5034/5034]

--2025-11-07 13:31:40--  http://ekklesiahistory.fttt.org.tw/big5/book01/chapter12.htm
Reusing existing connection to ekklesiahistory.fttt.org.tw:80.
HTTP request sent, awaiting response... 200 OK
Length: 6841 (6.7K) [text/html]
Saving to: 'docs_live/big5/book01/chapter12.htm'

     0K ......                                                100% 59.9M=0s

2025-11-07 13:31:40 (59.9 MB/s) - 'docs_live/big5/book01/chapter12.htm' saved [6841/6841]

--2025-11-07 13:31:40--  http://ekklesiahistory.fttt.org.tw/big5/book01/chapter13.htm
Reusing existing connection to ekklesiahistory.fttt.org.tw:80.
HTTP request sent, awaiting response... 200 OK
Length: 13438 (13K) [text/html]
Saving to: 'docs_live/big5/book01/chapter13.htm'

     0K .......... ...                                        100% 52.2M=0s

2025-11-07 13:31:40 (52.2 MB/s) - 'docs_live/big5/book01/chapter13.htm' saved [13438/13438]

--2025-11-07 13:31:40--  http://ekklesiahistory.fttt.org.tw/image/theme02_corner.jpg
Reusing existing connection to ekklesiahistory.fttt.org.tw:80.
HTTP request sent, awaiting response... 200 OK
Length: 10006 (9.8K) [image/jpeg]
Saving to: 'docs_live/image/theme02_corner.jpg'

     0K .........                                             100% 72.7M=0s

2025-11-07 13:31:40 (72.7 MB/s) - 'docs_live/image/theme02_corner.jpg' saved [10006/10006]

--2025-11-07 13:31:40--  http://ekklesiahistory.fttt.org.tw/image/theme02_left.jpg
Reusing existing connection to ekklesiahistory.fttt.org.tw:80.
HTTP request sent, awaiting response... 200 OK
Length: 4832 (4.7K) [image/jpeg]
Saving to: 'docs_live/image/theme02_left.jpg'

     0K ....                                                  100%  111M=0s

2025-11-07 13:31:40 (111 MB/s) - 'docs_live/image/theme02_left.jpg' saved [4832/4832]

--2025-11-07 13:31:40--  http://ekklesiahistory.fttt.org.tw/image/theme02_top.jpg
Reusing existing connection to ekklesiahistory.fttt.org.tw:80.
HTTP request sent, awaiting response... 200 OK
Length: 9206 (9.0K) [image/jpeg]
Saving to: 'docs_live/image/theme02_top.jpg'

     0K ........                                              100%  103M=0s

2025-11-07 13:31:40 (103 MB/s) - 'docs_live/image/theme02_top.jpg' saved [9206/9206]

--2025-11-07 13:31:40--  http://ekklesiahistory.fttt.org.tw/image/theme02_main.jpg
Reusing existing connection to ekklesiahistory.fttt.org.tw:80.
HTTP request sent, awaiting response... 200 OK
Length: 23831 (23K) [image/jpeg]
Saving to: 'docs_live/image/theme02_main.jpg'

     0K .......... .......... ...                             100%  175M=0s

2025-11-07 13:31:40 (175 MB/s) - 'docs_live/image/theme02_main.jpg' saved [23831/23831]

--2025-11-07 13:31:40--  http://ekklesiahistory.fttt.org.tw/big5/book02/chapter00.htm
Reusing existing connection to ekklesiahistory.fttt.org.tw:80.
HTTP request sent, awaiting response... 200 OK
Length: 1912 (1.9K) [text/html]
Saving to: 'docs_live/big5/book02/chapter00.htm'

     0K .                                                     100%  234M=0s

2025-11-07 13:31:40 (234 MB/s) - 'docs_live/big5/book02/chapter00.htm' saved [1912/1912]

--2025-11-07 13:31:40--  http://ekklesiahistory.fttt.org.tw/big5/book02/chapter01.htm
Reusing existing connection to ekklesiahistory.fttt.org.tw:80.
HTTP request sent, awaiting response... 200 OK
Length: 10681 (10K) [text/html]
Saving to: 'docs_live/big5/book02/chapter01.htm'

     0K ..........                                            100% 17.2M=0.001s

2025-11-07 13:31:41 (17.2 MB/s) - 'docs_live/big5/book02/chapter01.htm' saved [10681/10681]

--2025-11-07 13:31:41--  http://ekklesiahistory.fttt.org.tw/big5/book02/chapter02.htm
Reusing existing connection to ekklesiahistory.fttt.org.tw:80.
HTTP request sent, awaiting response... 200 OK
Length: 5730 (5.6K) [text/html]
Saving to: 'docs_live/big5/book02/chapter02.htm'

     0K .....                                                 100%  255M=0s

2025-11-07 13:31:41 (255 MB/s) - 'docs_live/big5/book02/chapter02.htm' saved [5730/5730]

--2025-11-07 13:31:41--  http://ekklesiahistory.fttt.org.tw/big5/book02/chapter03.htm
Reusing existing connection to ekklesiahistory.fttt.org.tw:80.
HTTP request sent, awaiting response... 200 OK
Length: 4812 (4.7K) [text/html]
Saving to: 'docs_live/big5/book02/chapter03.htm'

     0K ....                                                  100%  204M=0s

2025-11-07 13:31:41 (204 MB/s) - 'docs_live/big5/book02/chapter03.htm' saved [4812/4812]

--2025-11-07 13:31:41--  http://ekklesiahistory.fttt.org.tw/big5/book02/chapter04.htm
Reusing existing connection to ekklesiahistory.fttt.org.tw:80.
HTTP request sent, awaiting response... 200 OK
Length: 4647 (4.5K) [text/html]
Saving to: 'docs_live/big5/book02/chapter04.htm'

     0K ....                                                  100%  143M=0s

2025-11-07 13:31:41 (143 MB/s) - 'docs_live/big5/book02/chapter04.htm' saved [4647/4647]

--2025-11-07 13:31:41--  http://ekklesiahistory.fttt.org.tw/big5/book02/chapter05.htm
Reusing existing connection to ekklesiahistory.fttt.org.tw:80.
HTTP request sent, awaiting response... 200 OK
Length: 6711 (6.6K) [text/html]
Saving to: 'docs_live/big5/book02/chapter05.htm'

     0K ......                                                100%  222M=0s

2025-11-07 13:31:41 (222 MB/s) - 'docs_live/big5/book02/chapter05.htm' saved [6711/6711]

--2025-11-07 13:31:41--  http://ekklesiahistory.fttt.org.tw/big5/book02/chapter06.htm
Reusing existing connection to ekklesiahistory.fttt.org.tw:80.
HTTP request sent, awaiting response... 200 OK
Length: 5372 (5.2K) [text/html]
Saving to: 'docs_live/big5/book02/chapter06.htm'

     0K .....                                                 100%  259M=0s

2025-11-07 13:31:41 (259 MB/s) - 'docs_live/big5/book02/chapter06.htm' saved [5372/5372]

--2025-11-07 13:31:41--  http://ekklesiahistory.fttt.org.tw/big5/book02/chapter07.htm
Reusing existing connection to ekklesiahistory.fttt.org.tw:80.
HTTP request sent, awaiting response... 200 OK
Length: 2478 (2.4K) [text/html]
Saving to: 'docs_live/big5/book02/chapter07.htm'

     0K ..                                                    100% 81.3M=0s

2025-11-07 13:31:41 (81.3 MB/s) - 'docs_live/big5/book02/chapter07.htm' saved [2478/2478]

--2025-11-07 13:31:41--  http://ekklesiahistory.fttt.org.tw/big5/book02/chapter08.htm
Reusing existing connection to ekklesiahistory.fttt.org.tw:80.
HTTP request sent, awaiting response... 200 OK
Length: 2445 (2.4K) [text/html]
Saving to: 'docs_live/big5/book02/chapter08.htm'

     0K ..                                                    100%  105M=0s

2025-11-07 13:31:41 (105 MB/s) - 'docs_live/big5/book02/chapter08.htm' saved [2445/2445]

--2025-11-07 13:31:41--  http://ekklesiahistory.fttt.org.tw/big5/book02/chapter09.htm
Reusing existing connection to ekklesiahistory.fttt.org.tw:80.
HTTP request sent, awaiting response... 200 OK
Length: 3656 (3.6K) [text/html]
Saving to: 'docs_live/big5/book02/chapter09.htm'

     0K ...                                                   100%  128M=0s

2025-11-07 13:31:41 (128 MB/s) - 'docs_live/big5/book02/chapter09.htm' saved [3656/3656]

--2025-11-07 13:31:41--  http://ekklesiahistory.fttt.org.tw/big5/book02/chapter10.htm
Reusing existing connection to ekklesiahistory.fttt.org.tw:80.
HTTP request sent, awaiting response... 200 OK
Length: 6859 (6.7K) [text/html]
Saving to: 'docs_live/big5/book02/chapter10.htm'

     0K ......                                                100%  124M=0s

2025-11-07 13:31:41 (124 MB/s) - 'docs_live/big5/book02/chapter10.htm' saved [6859/6859]

--2025-11-07 13:31:41--  http://ekklesiahistory.fttt.org.tw/big5/book02/chapter11.htm
Reusing existing connection to ekklesiahistory.fttt.org.tw:80.
HTTP request sent, awaiting response... 200 OK
Length: 4929 (4.8K) [text/html]
Saving to: 'docs_live/big5/book02/chapter11.htm'

     0K ....                                                  100%  116M=0s

2025-11-07 13:31:41 (116 MB/s) - 'docs_live/big5/book02/chapter11.htm' saved [4929/4929]

--2025-11-07 13:31:41--  http://ekklesiahistory.fttt.org.tw/big5/book02/chapter12.htm
Reusing existing connection to ekklesiahistory.fttt.org.tw:80.
HTTP request sent, awaiting response... 200 OK
Length: 2443 (2.4K) [text/html]
Saving to: 'docs_live/big5/book02/chapter12.htm'

     0K ..                                                    100% 89.2M=0s

2025-11-07 13:31:42 (89.2 MB/s) - 'docs_live/big5/book02/chapter12.htm' saved [2443/2443]

--2025-11-07 13:31:42--  http://ekklesiahistory.fttt.org.tw/big5/book02/chapter13.htm
Reusing existing connection to ekklesiahistory.fttt.org.tw:80.
HTTP request sent, awaiting response... 200 OK
Length: 8652 (8.4K) [text/html]
Saving to: 'docs_live/big5/book02/chapter13.htm'

     0K ........                                              100%  215M=0s

2025-11-07 13:31:42 (215 MB/s) - 'docs_live/big5/book02/chapter13.htm' saved [8652/8652]

--2025-11-07 13:31:42--  http://ekklesiahistory.fttt.org.tw/big5/book02/chapter14.htm
Reusing existing connection to ekklesiahistory.fttt.org.tw:80.
HTTP request sent, awaiting response... 200 OK
Length: 5050 (4.9K) [text/html]
Saving to: 'docs_live/big5/book02/chapter14.htm'

     0K ....                                                  100%  143M=0s

2025-11-07 13:31:42 (143 MB/s) - 'docs_live/big5/book02/chapter14.htm' saved [5050/5050]

--2025-11-07 13:31:42--  http://ekklesiahistory.fttt.org.tw/big5/book02/chapter15.htm
Reusing existing connection to ekklesiahistory.fttt.org.tw:80.
HTTP request sent, awaiting response... 200 OK
Length: 3713 (3.6K) [text/html]
Saving to: 'docs_live/big5/book02/chapter15.htm'

     0K ...                                                   100%  120M=0s

2025-11-07 13:31:42 (120 MB/s) - 'docs_live/big5/book02/chapter15.htm' saved [3713/3713]

--2025-11-07 13:31:42--  http://ekklesiahistory.fttt.org.tw/big5/book02/chapter16.htm
Reusing existing connection to ekklesiahistory.fttt.org.tw:80.
HTTP request sent, awaiting response... 200 OK
Length: 2489 (2.4K) [text/html]
Saving to: 'docs_live/big5/book02/chapter16.htm'

     0K ..                                                    100%  186M=0s

2025-11-07 13:31:42 (186 MB/s) - 'docs_live/big5/book02/chapter16.htm' saved [2489/2489]

--2025-11-07 13:31:42--  http://ekklesiahistory.fttt.org.tw/big5/book02/chapter17.htm
Reusing existing connection to ekklesiahistory.fttt.org.tw:80.
HTTP request sent, awaiting response... 200 OK
Length: 10731 (10K) [text/html]
Saving to: 'docs_live/big5/book02/chapter17.htm'

     0K ..........                                            100% 75.0M=0s

2025-11-07 13:31:42 (75.0 MB/s) - 'docs_live/big5/book02/chapter17.htm' saved [10731/10731]

--2025-11-07 13:31:42--  http://ekklesiahistory.fttt.org.tw/big5/book02/chapter18.htm
Reusing existing connection to ekklesiahistory.fttt.org.tw:80.
HTTP request sent, awaiting response... 200 OK
Length: 7642 (7.5K) [text/html]
Saving to: 'docs_live/big5/book02/chapter18.htm'

     0K .......                                               100%  154M=0s

2025-11-07 13:31:42 (154 MB/s) - 'docs_live/big5/book02/chapter18.htm' saved [7642/7642]

--2025-11-07 13:31:42--  http://ekklesiahistory.fttt.org.tw/big5/book02/chapter19.htm
Reusing existing connection to ekklesiahistory.fttt.org.tw:80.
HTTP request sent, awaiting response... 200 OK
Length: 3744 (3.7K) [text/html]
Saving to: 'docs_live/big5/book02/chapter19.htm'

     0K ...                                                   100% 85.5M=0s

2025-11-07 13:31:42 (85.5 MB/s) - 'docs_live/big5/book02/chapter19.htm' saved [3744/3744]

--2025-11-07 13:31:42--  http://ekklesiahistory.fttt.org.tw/big5/book02/chapter20.htm
Reusing existing connection to ekklesiahistory.fttt.org.tw:80.
HTTP request sent, awaiting response... 200 OK
Length: 4425 (4.3K) [text/html]
Saving to: 'docs_live/big5/book02/chapter20.htm'

     0K ....                                                  100% 98.7M=0s

2025-11-07 13:31:42 (98.7 MB/s) - 'docs_live/big5/book02/chapter20.htm' saved [4425/4425]

--2025-11-07 13:31:42--  http://ekklesiahistory.fttt.org.tw/big5/book02/chapter21.htm
Reusing existing connection to ekklesiahistory.fttt.org.tw:80.
HTTP request sent, awaiting response... 200 OK
Length: 2546 (2.5K) [text/html]
Saving to: 'docs_live/big5/book02/chapter21.htm'

     0K ..                                                    100% 99.4M=0s

2025-11-07 13:31:42 (99.4 MB/s) - 'docs_live/big5/book02/chapter21.htm' saved [2546/2546]

--2025-11-07 13:31:42--  http://ekklesiahistory.fttt.org.tw/big5/book02/chapter22.htm
Reusing existing connection to ekklesiahistory.fttt.org.tw:80.
HTTP request sent, awaiting response... 200 OK
Length: 6664 (6.5K) [text/html]
Saving to: 'docs_live/big5/book02/chapter22.htm'

     0K ......                                                100%  191M=0s

2025-11-07 13:31:42 (191 MB/s) - 'docs_live/big5/book02/chapter22.htm' saved [6664/6664]

--2025-11-07 13:31:42--  http://ekklesiahistory.fttt.org.tw/big5/book02/chapter23.htm
Reusing existing connection to ekklesiahistory.fttt.org.tw:80.
HTTP request sent, awaiting response... 200 OK
Length: 13849 (14K) [text/html]
Saving to: 'docs_live/big5/book02/chapter23.htm'

     0K .......... ...                                        100%  183M=0s

2025-11-07 13:31:42 (183 MB/s) - 'docs_live/big5/book02/chapter23.htm' saved [13849/13849]

--2025-11-07 13:31:42--  http://ekklesiahistory.fttt.org.tw/big5/book02/chapter24.htm
Reusing existing connection to ekklesiahistory.fttt.org.tw:80.
HTTP request sent, awaiting response... 200 OK
Length: 1623 (1.6K) [text/html]
Saving to: 'docs_live/big5/book02/chapter24.htm'

     0K .                                                     100% 56.8M=0s

2025-11-07 13:31:43 (56.8 MB/s) - 'docs_live/big5/book02/chapter24.htm' saved [1623/1623]

--2025-11-07 13:31:43--  http://ekklesiahistory.fttt.org.tw/big5/book02/chapter25.htm
Reusing existing connection to ekklesiahistory.fttt.org.tw:80.
HTTP request sent, awaiting response... 200 OK
Length: 9746 (9.5K) [text/html]
Saving to: 'docs_live/big5/book02/chapter25.htm'

     0K .........                                             100% 93.0M=0s

2025-11-07 13:31:43 (93.0 MB/s) - 'docs_live/big5/book02/chapter25.htm' saved [9746/9746]

--2025-11-07 13:31:43--  http://ekklesiahistory.fttt.org.tw/big5/book02/chapter26.htm
Reusing existing connection to ekklesiahistory.fttt.org.tw:80.
HTTP request sent, awaiting response... 200 OK
Length: 3070 (3.0K) [text/html]
Saving to: 'docs_live/big5/book02/chapter26.htm'

     0K ..                                                    100% 91.4M=0s

2025-11-07 13:31:43 (91.4 MB/s) - 'docs_live/big5/book02/chapter26.htm' saved [3070/3070]

--2025-11-07 13:31:43--  http://ekklesiahistory.fttt.org.tw/image/theme03_corner.jpg
Reusing existing connection to ekklesiahistory.fttt.org.tw:80.
HTTP request sent, awaiting response... 200 OK
Length: 10517 (10K) [image/jpeg]
Saving to: 'docs_live/image/theme03_corner.jpg'

     0K ..........                                            100% 2.53M=0.004s

2025-11-07 13:31:43 (2.53 MB/s) - 'docs_live/image/theme03_corner.jpg' saved [10517/10517]

--2025-11-07 13:31:43--  http://ekklesiahistory.fttt.org.tw/image/theme03_left.jpg
Reusing existing connection to ekklesiahistory.fttt.org.tw:80.
HTTP request sent, awaiting response... 200 OK
Length: 5387 (5.3K) [image/jpeg]
Saving to: 'docs_live/image/theme03_left.jpg'

     0K .....                                                 100% 92.6M=0s

2025-11-07 13:31:43 (92.6 MB/s) - 'docs_live/image/theme03_left.jpg' saved [5387/5387]

--2025-11-07 13:31:43--  http://ekklesiahistory.fttt.org.tw/image/theme03_top.jpg
Reusing existing connection to ekklesiahistory.fttt.org.tw:80.
HTTP request sent, awaiting response... 200 OK
Length: 9460 (9.2K) [image/jpeg]
Saving to: 'docs_live/image/theme03_top.jpg'

     0K .........                                             100% 9.79M=0.001s

2025-11-07 13:31:43 (9.79 MB/s) - 'docs_live/image/theme03_top.jpg' saved [9460/9460]

--2025-11-07 13:31:43--  http://ekklesiahistory.fttt.org.tw/image/theme03_main.jpg
Reusing existing connection to ekklesiahistory.fttt.org.tw:80.
HTTP request sent, awaiting response... 200 OK
Length: 22391 (22K) [image/jpeg]
Saving to: 'docs_live/image/theme03_main.jpg'

     0K .......... .......... .                               100% 34.5M=0.001s

2025-11-07 13:31:43 (34.5 MB/s) - 'docs_live/image/theme03_main.jpg' saved [22391/22391]

--2025-11-07 13:31:43--  http://ekklesiahistory.fttt.org.tw/big5/book03/chapter01.htm
Reusing existing connection to ekklesiahistory.fttt.org.tw:80.
HTTP request sent, awaiting response... 200 OK
Length: 4214 (4.1K) [text/html]
Saving to: 'docs_live/big5/book03/chapter01.htm'

     0K ....                                                  100%  147M=0s

2025-11-07 13:31:43 (147 MB/s) - 'docs_live/big5/book03/chapter01.htm' saved [4214/4214]

--2025-11-07 13:31:43--  http://ekklesiahistory.fttt.org.tw/big5/book03/chapter02.htm
Reusing existing connection to ekklesiahistory.fttt.org.tw:80.
HTTP request sent, awaiting response... 200 OK
Length: 3019 (2.9K) [text/html]
Saving to: 'docs_live/big5/book03/chapter02.htm'

     0K ..                                                    100%  186M=0s

2025-11-07 13:31:43 (186 MB/s) - 'docs_live/big5/book03/chapter02.htm' saved [3019/3019]

--2025-11-07 13:31:43--  http://ekklesiahistory.fttt.org.tw/big5/book03/chapter03.htm
Reusing existing connection to ekklesiahistory.fttt.org.tw:80.
HTTP request sent, awaiting response... 200 OK
Length: 9649 (9.4K) [text/html]
Saving to: 'docs_live/big5/book03/chapter03.htm'

     0K .........                                             100%  215M=0s

2025-11-07 13:31:43 (215 MB/s) - 'docs_live/big5/book03/chapter03.htm' saved [9649/9649]

--2025-11-07 13:31:43--  http://ekklesiahistory.fttt.org.tw/big5/book03/chapter04.htm
Reusing existing connection to ekklesiahistory.fttt.org.tw:80.
HTTP request sent, awaiting response... 200 OK
Length: 9701 (9.5K) [text/html]
Saving to: 'docs_live/big5/book03/chapter04.htm'

     0K .........                                             100% 15.4M=0.001s

2025-11-07 13:31:43 (15.4 MB/s) - 'docs_live/big5/book03/chapter04.htm' saved [9701/9701]

--2025-11-07 13:31:43--  http://ekklesiahistory.fttt.org.tw/big5/book03/chapter05.htm
Reusing existing connection to ekklesiahistory.fttt.org.tw:80.
HTTP request sent, awaiting response... 200 OK
Length: 4289 (4.2K) [text/html]
Saving to: 'docs_live/big5/book03/chapter05.htm'

     0K ....                                                  100%  156M=0s

2025-11-07 13:31:44 (156 MB/s) - 'docs_live/big5/book03/chapter05.htm' saved [4289/4289]

--2025-11-07 13:31:44--  http://ekklesiahistory.fttt.org.tw/big5/book03/chapter06.htm
Reusing existing connection to ekklesiahistory.fttt.org.tw:80.
HTTP request sent, awaiting response... 200 OK
Length: 11536 (11K) [text/html]
Saving to: 'docs_live/big5/book03/chapter06.htm'

     0K .......... .                                          100%  271M=0s

2025-11-07 13:31:44 (271 MB/s) - 'docs_live/big5/book03/chapter06.htm' saved [11536/11536]

--2025-11-07 13:31:44--  http://ekklesiahistory.fttt.org.tw/big5/book03/chapter07.htm
Reusing existing connection to ekklesiahistory.fttt.org.tw:80.
HTTP request sent, awaiting response... 200 OK
Length: 4959 (4.8K) [text/html]
Saving to: 'docs_live/big5/book03/chapter07.htm'

     0K ....                                                  100%  187M=0s

2025-11-07 13:31:44 (187 MB/s) - 'docs_live/big5/book03/chapter07.htm' saved [4959/4959]

--2025-11-07 13:31:44--  http://ekklesiahistory.fttt.org.tw/big5/book03/chapter08.htm
Reusing existing connection to ekklesiahistory.fttt.org.tw:80.
HTTP request sent, awaiting response... 200 OK
Length: 5609 (5.5K) [text/html]
Saving to: 'docs_live/big5/book03/chapter08.htm'

     0K .....                                                 100%  126M=0s

2025-11-07 13:31:44 (126 MB/s) - 'docs_live/big5/book03/chapter08.htm' saved [5609/5609]

--2025-11-07 13:31:44--  http://ekklesiahistory.fttt.org.tw/big5/book03/chapter09.htm
Reusing existing connection to ekklesiahistory.fttt.org.tw:80.
HTTP request sent, awaiting response... 200 OK
Length: 4087 (4.0K) [text/html]
Saving to: 'docs_live/big5/book03/chapter09.htm'

     0K ...                                                   100% 98.1M=0s

2025-11-07 13:31:44 (98.1 MB/s) - 'docs_live/big5/book03/chapter09.htm' saved [4087/4087]

--2025-11-07 13:31:44--  http://ekklesiahistory.fttt.org.tw/big5/book03/chapter10.htm
Reusing existing connection to ekklesiahistory.fttt.org.tw:80.
HTTP request sent, awaiting response... 200 OK
Length: 6770 (6.6K) [text/html]
Saving to: 'docs_live/big5/book03/chapter10.htm'

     0K ......                                                100%  101M=0s

2025-11-07 13:31:44 (101 MB/s) - 'docs_live/big5/book03/chapter10.htm' saved [6770/6770]

--2025-11-07 13:31:44--  http://ekklesiahistory.fttt.org.tw/big5/book03/chapter11.htm
Reusing existing connection to ekklesiahistory.fttt.org.tw:80.
HTTP request sent, awaiting response... 200 OK
Length: 2151 (2.1K) [text/html]
Saving to: 'docs_live/big5/book03/chapter11.htm'

     0K ..                                                    100%  150M=0s

2025-11-07 13:31:44 (150 MB/s) - 'docs_live/big5/book03/chapter11.htm' saved [2151/2151]

--2025-11-07 13:31:44--  http://ekklesiahistory.fttt.org.tw/big5/book03/chapter12.htm
Reusing existing connection to ekklesiahistory.fttt.org.tw:80.
HTTP request sent, awaiting response... 200 OK
Length: 1750 (1.7K) [text/html]
Saving to: 'docs_live/big5/book03/chapter12.htm'

     0K .                                                     100% 81.6M=0s

2025-11-07 13:31:44 (81.6 MB/s) - 'docs_live/big5/book03/chapter12.htm' saved [1750/1750]

--2025-11-07 13:31:44--  http://ekklesiahistory.fttt.org.tw/big5/book03/chapter13.htm
Reusing existing connection to ekklesiahistory.fttt.org.tw:80.
HTTP request sent, awaiting response... 200 OK
Length: 1788 (1.7K) [text/html]
Saving to: 'docs_live/big5/book03/chapter13.htm'

     0K .                                                     100%  182M=0s

2025-11-07 13:31:44 (182 MB/s) - 'docs_live/big5/book03/chapter13.htm' saved [1788/1788]

--2025-11-07 13:31:44--  http://ekklesiahistory.fttt.org.tw/big5/book03/chapter14.htm
Reusing existing connection to ekklesiahistory.fttt.org.tw:80.
HTTP request sent, awaiting response... 200 OK
Length: 1751 (1.7K) [text/html]
Saving to: 'docs_live/big5/book03/chapter14.htm'

     0K .                                                     100% 63.7M=0s

2025-11-07 13:31:44 (63.7 MB/s) - 'docs_live/big5/book03/chapter14.htm' saved [1751/1751]

--2025-11-07 13:31:44--  http://ekklesiahistory.fttt.org.tw/big5/book03/chapter15.htm
Reusing existing connection to ekklesiahistory.fttt.org.tw:80.
HTTP request sent, awaiting response... 200 OK
Length: 1831 (1.8K) [text/html]
Saving to: 'docs_live/big5/book03/chapter15.htm'

     0K .                                                     100%  182M=0s

2025-11-07 13:31:44 (182 MB/s) - 'docs_live/big5/book03/chapter15.htm' saved [1831/1831]

--2025-11-07 13:31:44--  http://ekklesiahistory.fttt.org.tw/big5/book03/chapter16.htm
Reusing existing connection to ekklesiahistory.fttt.org.tw:80.
HTTP request sent, awaiting response... 200 OK
Length: 2305 (2.3K) [text/html]
Saving to: 'docs_live/big5/book03/chapter16.htm'

     0K ..                                                    100%  254M=0s

2025-11-07 13:31:45 (254 MB/s) - 'docs_live/big5/book03/chapter16.htm' saved [2305/2305]

--2025-11-07 13:31:45--  http://ekklesiahistory.fttt.org.tw/big5/book03/chapter17.htm
Reusing existing connection to ekklesiahistory.fttt.org.tw:80.
HTTP request sent, awaiting response... 200 OK
Length: 2353 (2.3K) [text/html]
Saving to: 'docs_live/big5/book03/chapter17.htm'

     0K ..                                                    100%  177M=0s

2025-11-07 13:31:45 (177 MB/s) - 'docs_live/big5/book03/chapter17.htm' saved [2353/2353]

--2025-11-07 13:31:45--  http://ekklesiahistory.fttt.org.tw/big5/book03/chapter18.htm
Reusing existing connection to ekklesiahistory.fttt.org.tw:80.
HTTP request sent, awaiting response... 200 OK
Length: 3192 (3.1K) [text/html]
Saving to: 'docs_live/big5/book03/chapter18.htm'

     0K ...                                                   100%  208M=0s

2025-11-07 13:31:45 (208 MB/s) - 'docs_live/big5/book03/chapter18.htm' saved [3192/3192]

--2025-11-07 13:31:45--  http://ekklesiahistory.fttt.org.tw/big5/book03/chapter19.htm
Reusing existing connection to ekklesiahistory.fttt.org.tw:80.
HTTP request sent, awaiting response... 200 OK
Length: 1794 (1.8K) [text/html]
Saving to: 'docs_live/big5/book03/chapter19.htm'

     0K .                                                     100% 80.2M=0s

2025-11-07 13:31:45 (80.2 MB/s) - 'docs_live/big5/book03/chapter19.htm' saved [1794/1794]

--2025-11-07 13:31:45--  http://ekklesiahistory.fttt.org.tw/big5/book03/chapter20.htm
Reusing existing connection to ekklesiahistory.fttt.org.tw:80.
HTTP request sent, awaiting response... 200 OK
Length: 4609 (4.5K) [text/html]
Saving to: 'docs_live/big5/book03/chapter20.htm'

     0K ....                                                  100% 59.8M=0s

2025-11-07 13:31:45 (59.8 MB/s) - 'docs_live/big5/book03/chapter20.htm' saved [4609/4609]

--2025-11-07 13:31:45--  http://ekklesiahistory.fttt.org.tw/big5/book03/chapter21.htm
Reusing existing connection to ekklesiahistory.fttt.org.tw:80.
HTTP request sent, awaiting response... 200 OK
Length: 2149 (2.1K) [text/html]
Saving to: 'docs_live/big5/book03/chapter21.htm'

     0K ..                                                    100%  205M=0s

2025-11-07 13:31:45 (205 MB/s) - 'docs_live/big5/book03/chapter21.htm' saved [2149/2149]

--2025-11-07 13:31:45--  http://ekklesiahistory.fttt.org.tw/big5/book03/chapter22.htm
Reusing existing connection to ekklesiahistory.fttt.org.tw:80.
HTTP request sent, awaiting response... 200 OK
Length: 2116 (2.1K) [text/html]
Saving to: 'docs_live/big5/book03/chapter22.htm'

     0K ..                                                    100%  327M=0s

2025-11-07 13:31:45 (327 MB/s) - 'docs_live/big5/book03/chapter22.htm' saved [2116/2116]

--2025-11-07 13:31:45--  http://ekklesiahistory.fttt.org.tw/big5/book03/chapter23.htm
Reusing existing connection to ekklesiahistory.fttt.org.tw:80.
HTTP request sent, awaiting response... 200 OK
Length: 9220 (9.0K) [text/html]
Saving to: 'docs_live/big5/book03/chapter23.htm'

     0K .........                                             100% 56.9M=0s

2025-11-07 13:31:45 (56.9 MB/s) - 'docs_live/big5/book03/chapter23.htm' saved [9220/9220]

--2025-11-07 13:31:45--  http://ekklesiahistory.fttt.org.tw/big5/book03/chapter24.htm
Reusing existing connection to ekklesiahistory.fttt.org.tw:80.
HTTP request sent, awaiting response... 200 OK
Length: 13076 (13K) [text/html]
Saving to: 'docs_live/big5/book03/chapter24.htm'

     0K .......... ..                                         100%  108M=0s

2025-11-07 13:31:45 (108 MB/s) - 'docs_live/big5/book03/chapter24.htm' saved [13076/13076]

--2025-11-07 13:31:45--  http://ekklesiahistory.fttt.org.tw/big5/book03/chapter25.htm
Reusing existing connection to ekklesiahistory.fttt.org.tw:80.
HTTP request sent, awaiting response... 200 OK
Length: 7816 (7.6K) [text/html]
Saving to: 'docs_live/big5/book03/chapter25.htm'

     0K .......                                               100%  266M=0s

2025-11-07 13:31:45 (266 MB/s) - 'docs_live/big5/book03/chapter25.htm' saved [7816/7816]

--2025-11-07 13:31:45--  http://ekklesiahistory.fttt.org.tw/big5/book03/chapter26.htm
Reusing existing connection to ekklesiahistory.fttt.org.tw:80.
HTTP request sent, awaiting response... 200 OK
Length: 2987 (2.9K) [text/html]
Saving to: 'docs_live/big5/book03/chapter26.htm'

     0K ..                                                    100%  159M=0s

2025-11-07 13:31:45 (159 MB/s) - 'docs_live/big5/book03/chapter26.htm' saved [2987/2987]

--2025-11-07 13:31:45--  http://ekklesiahistory.fttt.org.tw/big5/book03/chapter27.htm
Reusing existing connection to ekklesiahistory.fttt.org.tw:80.
HTTP request sent, awaiting response... 200 OK
Length: 5159 (5.0K) [text/html]
Saving to: 'docs_live/big5/book03/chapter27.htm'

     0K .....                                                 100% 51.7M=0s

2025-11-07 13:31:46 (51.7 MB/s) - 'docs_live/big5/book03/chapter27.htm' saved [5159/5159]

--2025-11-07 13:31:46--  http://ekklesiahistory.fttt.org.tw/big5/book03/chapter28.htm
Reusing existing connection to ekklesiahistory.fttt.org.tw:80.
HTTP request sent, awaiting response... 200 OK
Length: 5106 (5.0K) [text/html]
Saving to: 'docs_live/big5/book03/chapter28.htm'

     0K ....                                                  100%  455M=0s

2025-11-07 13:31:46 (455 MB/s) - 'docs_live/big5/book03/chapter28.htm' saved [5106/5106]

--2025-11-07 13:31:46--  http://ekklesiahistory.fttt.org.tw/big5/book03/chapter29.htm
Reusing existing connection to ekklesiahistory.fttt.org.tw:80.
HTTP request sent, awaiting response... 200 OK
Length: 3988 (3.9K) [text/html]
Saving to: 'docs_live/big5/book03/chapter29.htm'

     0K ...                                                   100% 75.6M=0s

2025-11-07 13:31:46 (75.6 MB/s) - 'docs_live/big5/book03/chapter29.htm' saved [3988/3988]

--2025-11-07 13:31:46--  http://ekklesiahistory.fttt.org.tw/big5/book03/chapter30.htm
Reusing existing connection to ekklesiahistory.fttt.org.tw:80.
HTTP request sent, awaiting response... 200 OK
Length: 3568 (3.5K) [text/html]
Saving to: 'docs_live/big5/book03/chapter30.htm'

     0K ...                                                   100%  183M=0s

2025-11-07 13:31:46 (183 MB/s) - 'docs_live/big5/book03/chapter30.htm' saved [3568/3568]

--2025-11-07 13:31:46--  http://ekklesiahistory.fttt.org.tw/big5/book03/chapter31.htm
Reusing existing connection to ekklesiahistory.fttt.org.tw:80.
HTTP request sent, awaiting response... 200 OK
Length: 3714 (3.6K) [text/html]
Saving to: 'docs_live/big5/book03/chapter31.htm'

     0K ...                                                   100% 97.7M=0s

2025-11-07 13:31:46 (97.7 MB/s) - 'docs_live/big5/book03/chapter31.htm' saved [3714/3714]

--2025-11-07 13:31:46--  http://ekklesiahistory.fttt.org.tw/big5/book03/chapter32.htm
Reusing existing connection to ekklesiahistory.fttt.org.tw:80.
HTTP request sent, awaiting response... 200 OK
Length: 5127 (5.0K) [text/html]
Saving to: 'docs_live/big5/book03/chapter32.htm'

     0K .....                                                 100%  122M=0s

2025-11-07 13:31:46 (122 MB/s) - 'docs_live/big5/book03/chapter32.htm' saved [5127/5127]

--2025-11-07 13:31:46--  http://ekklesiahistory.fttt.org.tw/big5/book03/chapter33.htm
Reusing existing connection to ekklesiahistory.fttt.org.tw:80.
HTTP request sent, awaiting response... 200 OK
Length: 4260 (4.2K) [text/html]
Saving to: 'docs_live/big5/book03/chapter33.htm'

     0K ....                                                  100%  119M=0s

2025-11-07 13:31:46 (119 MB/s) - 'docs_live/big5/book03/chapter33.htm' saved [4260/4260]

--2025-11-07 13:31:46--  http://ekklesiahistory.fttt.org.tw/big5/book03/chapter34.htm
Connecting to ekklesiahistory.fttt.org.tw (ekklesiahistory.fttt.org.tw)|152.42.191.121|:80... connected.
HTTP request sent, awaiting response... 200 OK
Length: 1735 (1.7K) [text/html]
Saving to: 'docs_live/big5/book03/chapter34.htm'

     0K .                                                     100%  102M=0s

2025-11-07 13:31:46 (102 MB/s) - 'docs_live/big5/book03/chapter34.htm' saved [1735/1735]

--2025-11-07 13:31:46--  http://ekklesiahistory.fttt.org.tw/big5/book03/chapter35.htm
Reusing existing connection to ekklesiahistory.fttt.org.tw:80.
HTTP request sent, awaiting response... 200 OK
Length: 1786 (1.7K) [text/html]
Saving to: 'docs_live/big5/book03/chapter35.htm'

     0K .                                                     100%  115M=0s

2025-11-07 13:31:46 (115 MB/s) - 'docs_live/big5/book03/chapter35.htm' saved [1786/1786]

--2025-11-07 13:31:46--  http://ekklesiahistory.fttt.org.tw/big5/book03/chapter36.htm
Reusing existing connection to ekklesiahistory.fttt.org.tw:80.
HTTP request sent, awaiting response... 200 OK
Length: 8678 (8.5K) [text/html]
Saving to: 'docs_live/big5/book03/chapter36.htm'

     0K ........                                              100%  105M=0s

2025-11-07 13:31:46 (105 MB/s) - 'docs_live/big5/book03/chapter36.htm' saved [8678/8678]

--2025-11-07 13:31:46--  http://ekklesiahistory.fttt.org.tw/big5/book03/chapter37.htm
Reusing existing connection to ekklesiahistory.fttt.org.tw:80.
HTTP request sent, awaiting response... 200 OK
Length: 2912 (2.8K) [text/html]
Saving to: 'docs_live/big5/book03/chapter37.htm'

     0K ..                                                    100%  171M=0s

2025-11-07 13:31:47 (171 MB/s) - 'docs_live/big5/book03/chapter37.htm' saved [2912/2912]

--2025-11-07 13:31:47--  http://ekklesiahistory.fttt.org.tw/big5/book03/chapter38.htm
Reusing existing connection to ekklesiahistory.fttt.org.tw:80.
HTTP request sent, awaiting response... 200 OK
Length: 3207 (3.1K) [text/html]
Saving to: 'docs_live/big5/book03/chapter38.htm'

     0K ...                                                   100%  286M=0s

2025-11-07 13:31:47 (286 MB/s) - 'docs_live/big5/book03/chapter38.htm' saved [3207/3207]

--2025-11-07 13:31:47--  http://ekklesiahistory.fttt.org.tw/big5/book03/chapter39.htm
Reusing existing connection to ekklesiahistory.fttt.org.tw:80.
HTTP request sent, awaiting response... 200 OK
Length: 9573 (9.3K) [text/html]
Saving to: 'docs_live/big5/book03/chapter39.htm'

     0K .........                                             100%  212M=0s

2025-11-07 13:31:47 (212 MB/s) - 'docs_live/big5/book03/chapter39.htm' saved [9573/9573]

--2025-11-07 13:31:47--  http://ekklesiahistory.fttt.org.tw/image/theme04_corner.jpg
Reusing existing connection to ekklesiahistory.fttt.org.tw:80.
HTTP request sent, awaiting response... 200 OK
Length: 8923 (8.7K) [image/jpeg]
Saving to: 'docs_live/image/theme04_corner.jpg'

     0K ........                                              100% 76.0M=0s

2025-11-07 13:31:47 (76.0 MB/s) - 'docs_live/image/theme04_corner.jpg' saved [8923/8923]

--2025-11-07 13:31:47--  http://ekklesiahistory.fttt.org.tw/image/theme04_left.jpg
Reusing existing connection to ekklesiahistory.fttt.org.tw:80.
HTTP request sent, awaiting response... 200 OK
Length: 4780 (4.7K) [image/jpeg]
Saving to: 'docs_live/image/theme04_left.jpg'

     0K ....                                                  100% 55.9M=0s

2025-11-07 13:31:47 (55.9 MB/s) - 'docs_live/image/theme04_left.jpg' saved [4780/4780]

--2025-11-07 13:31:47--  http://ekklesiahistory.fttt.org.tw/image/theme04_top.jpg
Reusing existing connection to ekklesiahistory.fttt.org.tw:80.
HTTP request sent, awaiting response... 200 OK
Length: 8874 (8.7K) [image/jpeg]
Saving to: 'docs_live/image/theme04_top.jpg'

     0K ........                                              100% 96.9M=0s

2025-11-07 13:31:47 (96.9 MB/s) - 'docs_live/image/theme04_top.jpg' saved [8874/8874]

--2025-11-07 13:31:47--  http://ekklesiahistory.fttt.org.tw/image/theme04_main.jpg
Reusing existing connection to ekklesiahistory.fttt.org.tw:80.
HTTP request sent, awaiting response... 200 OK
Length: 24716 (24K) [image/jpeg]
Saving to: 'docs_live/image/theme04_main.jpg'

     0K .......... .......... ....                            100%  244K=0.1s

2025-11-07 13:31:47 (244 KB/s) - 'docs_live/image/theme04_main.jpg' saved [24716/24716]

--2025-11-07 13:31:47--  http://ekklesiahistory.fttt.org.tw/big5/book04/chapter01.htm
Reusing existing connection to ekklesiahistory.fttt.org.tw:80.
HTTP request sent, awaiting response... 200 OK
Length: 1286 (1.3K) [text/html]
Saving to: 'docs_live/big5/book04/chapter01.htm'

     0K .                                                     100% 53.4M=0s

2025-11-07 13:31:47 (53.4 MB/s) - 'docs_live/big5/book04/chapter01.htm' saved [1286/1286]

--2025-11-07 13:31:47--  http://ekklesiahistory.fttt.org.tw/big5/book04/chapter02.htm
Reusing existing connection to ekklesiahistory.fttt.org.tw:80.
HTTP request sent, awaiting response... 200 OK
Length: 3924 (3.8K) [text/html]
Saving to: 'docs_live/big5/book04/chapter02.htm'

     0K ...                                                   100%  101M=0s

2025-11-07 13:31:48 (101 MB/s) - 'docs_live/big5/book04/chapter02.htm' saved [3924/3924]

--2025-11-07 13:31:48--  http://ekklesiahistory.fttt.org.tw/big5/book04/chapter03.htm
Reusing existing connection to ekklesiahistory.fttt.org.tw:80.
HTTP request sent, awaiting response... 200 OK
Length: 3348 (3.3K) [text/html]
Saving to: 'docs_live/big5/book04/chapter03.htm'

     0K ...                                                   100%  109M=0s

2025-11-07 13:31:48 (109 MB/s) - 'docs_live/big5/book04/chapter03.htm' saved [3348/3348]

--2025-11-07 13:31:48--  http://ekklesiahistory.fttt.org.tw/big5/book04/chapter04.htm
Reusing existing connection to ekklesiahistory.fttt.org.tw:80.
HTTP request sent, awaiting response... 200 OK
Length: 1823 (1.8K) [text/html]
Saving to: 'docs_live/big5/book04/chapter04.htm'

     0K .                                                     100% 24.0M=0s

2025-11-07 13:31:48 (24.0 MB/s) - 'docs_live/big5/book04/chapter04.htm' saved [1823/1823]

--2025-11-07 13:31:48--  http://ekklesiahistory.fttt.org.tw/big5/book04/chapter05.htm
Reusing existing connection to ekklesiahistory.fttt.org.tw:80.
HTTP request sent, awaiting response... 200 OK
Length: 3113 (3.0K) [text/html]
Saving to: 'docs_live/big5/book04/chapter05.htm'

     0K ...                                                   100%  162M=0s

2025-11-07 13:31:48 (162 MB/s) - 'docs_live/big5/book04/chapter05.htm' saved [3113/3113]

--2025-11-07 13:31:48--  http://ekklesiahistory.fttt.org.tw/big5/book04/chapter06.htm
Reusing existing connection to ekklesiahistory.fttt.org.tw:80.
HTTP request sent, awaiting response... 200 OK
Length: 3840 (3.8K) [text/html]
Saving to: 'docs_live/big5/book04/chapter06.htm'

     0K ...                                                   100%  125M=0s

2025-11-07 13:31:48 (125 MB/s) - 'docs_live/big5/book04/chapter06.htm' saved [3840/3840]

--2025-11-07 13:31:48--  http://ekklesiahistory.fttt.org.tw/big5/book04/chapter07.htm
Reusing existing connection to ekklesiahistory.fttt.org.tw:80.
HTTP request sent, awaiting response... 200 OK
Length: 8519 (8.3K) [text/html]
Saving to: 'docs_live/big5/book04/chapter07.htm'

     0K ........                                              100% 45.0M=0s

2025-11-07 13:31:48 (45.0 MB/s) - 'docs_live/big5/book04/chapter07.htm' saved [8519/8519]

--2025-11-07 13:31:48--  http://ekklesiahistory.fttt.org.tw/big5/book04/chapter08.htm
Reusing existing connection to ekklesiahistory.fttt.org.tw:80.
HTTP request sent, awaiting response... 200 OK
Length: 5594 (5.5K) [text/html]
Saving to: 'docs_live/big5/book04/chapter08.htm'

     0K .....                                                 100%  193M=0s

2025-11-07 13:31:48 (193 MB/s) - 'docs_live/big5/book04/chapter08.htm' saved [5594/5594]

--2025-11-07 13:31:48--  http://ekklesiahistory.fttt.org.tw/big5/book04/chapter09.htm
Reusing existing connection to ekklesiahistory.fttt.org.tw:80.
HTTP request sent, awaiting response... 200 OK
Length: 2137 (2.1K) [text/html]
Saving to: 'docs_live/big5/book04/chapter09.htm'

     0K ..                                                    100%  168M=0s

2025-11-07 13:31:48 (168 MB/s) - 'docs_live/big5/book04/chapter09.htm' saved [2137/2137]

--2025-11-07 13:31:48--  http://ekklesiahistory.fttt.org.tw/big5/book04/chapter10.htm
Reusing existing connection to ekklesiahistory.fttt.org.tw:80.
HTTP request sent, awaiting response... 200 OK
Length: 1461 (1.4K) [text/html]
Saving to: 'docs_live/big5/book04/chapter10.htm'

     0K .                                                     100% 85.5M=0s

2025-11-07 13:31:48 (85.5 MB/s) - 'docs_live/big5/book04/chapter10.htm' saved [1461/1461]

--2025-11-07 13:31:48--  http://ekklesiahistory.fttt.org.tw/big5/book04/chapter11.htm
Reusing existing connection to ekklesiahistory.fttt.org.tw:80.
HTTP request sent, awaiting response... 200 OK
Length: 6759 (6.6K) [text/html]
Saving to: 'docs_live/big5/book04/chapter11.htm'

     0K ......                                                100%  145M=0s

2025-11-07 13:31:49 (145 MB/s) - 'docs_live/big5/book04/chapter11.htm' saved [6759/6759]

--2025-11-07 13:31:49--  http://ekklesiahistory.fttt.org.tw/big5/book04/chapter12.htm
Reusing existing connection to ekklesiahistory.fttt.org.tw:80.
HTTP request sent, awaiting response... 200 OK
Length: 1558 (1.5K) [text/html]
Saving to: 'docs_live/big5/book04/chapter12.htm'

     0K .                                                     100% 85.9M=0s

2025-11-07 13:31:49 (85.9 MB/s) - 'docs_live/big5/book04/chapter12.htm' saved [1558/1558]

--2025-11-07 13:31:49--  http://ekklesiahistory.fttt.org.tw/big5/book04/chapter13.htm
Reusing existing connection to ekklesiahistory.fttt.org.tw:80.
HTTP request sent, awaiting response... 200 OK
Length: 3752 (3.7K) [text/html]
Saving to: 'docs_live/big5/book04/chapter13.htm'

     0K ...                                                   100% 66.1M=0s

2025-11-07 13:31:49 (66.1 MB/s) - 'docs_live/big5/book04/chapter13.htm' saved [3752/3752]

--2025-11-07 13:31:49--  http://ekklesiahistory.fttt.org.tw/big5/book04/chapter14.htm
Reusing existing connection to ekklesiahistory.fttt.org.tw:80.
HTTP request sent, awaiting response... 200 OK
Length: 5738 (5.6K) [text/html]
Saving to: 'docs_live/big5/book04/chapter14.htm'

     0K .....                                                 100%  160M=0s

2025-11-07 13:31:49 (160 MB/s) - 'docs_live/big5/book04/chapter14.htm' saved [5738/5738]

--2025-11-07 13:31:49--  http://ekklesiahistory.fttt.org.tw/big5/book04/chapter15.htm
Reusing existing connection to ekklesiahistory.fttt.org.tw:80.
HTTP request sent, awaiting response... 200 OK
Length: 20961 (20K) [text/html]
Saving to: 'docs_live/big5/book04/chapter15.htm'

     0K .......... ..........                                 100% 59.5M=0s

2025-11-07 13:31:49 (59.5 MB/s) - 'docs_live/big5/book04/chapter15.htm' saved [20961/20961]

--2025-11-07 13:31:49--  http://ekklesiahistory.fttt.org.tw/big5/book04/chapter16.htm
Reusing existing connection to ekklesiahistory.fttt.org.tw:80.
HTTP request sent, awaiting response... 200 OK
Length: 4848 (4.7K) [text/html]
Saving to: 'docs_live/big5/book04/chapter16.htm'

     0K ....                                                  100%  162M=0s

2025-11-07 13:31:49 (162 MB/s) - 'docs_live/big5/book04/chapter16.htm' saved [4848/4848]

--2025-11-07 13:31:49--  http://ekklesiahistory.fttt.org.tw/big5/book04/chapter17.htm
Reusing existing connection to ekklesiahistory.fttt.org.tw:80.
HTTP request sent, awaiting response... 200 OK
Length: 6147 (6.0K) [text/html]
Saving to: 'docs_live/big5/book04/chapter17.htm'

     0K ......                                                100%  199M=0s

2025-11-07 13:31:49 (199 MB/s) - 'docs_live/big5/book04/chapter17.htm' saved [6147/6147]

--2025-11-07 13:31:49--  http://ekklesiahistory.fttt.org.tw/big5/book04/chapter18.htm
Reusing existing connection to ekklesiahistory.fttt.org.tw:80.
HTTP request sent, awaiting response... 200 OK
Length: 4990 (4.9K) [text/html]
Saving to: 'docs_live/big5/book04/chapter18.htm'

     0K ....                                                  100%  109M=0s

2025-11-07 13:31:49 (109 MB/s) - 'docs_live/big5/book04/chapter18.htm' saved [4990/4990]

--2025-11-07 13:31:49--  http://ekklesiahistory.fttt.org.tw/big5/book04/chapter19.htm
Reusing existing connection to ekklesiahistory.fttt.org.tw:80.
HTTP request sent, awaiting response... 200 OK
Length: 1279 (1.2K) [text/html]
Saving to: 'docs_live/big5/book04/chapter19.htm'

     0K .                                                     100%  105M=0s

2025-11-07 13:31:49 (105 MB/s) - 'docs_live/big5/book04/chapter19.htm' saved [1279/1279]

--2025-11-07 13:31:49--  http://ekklesiahistory.fttt.org.tw/big5/book04/chapter20.htm
Reusing existing connection to ekklesiahistory.fttt.org.tw:80.
HTTP request sent, awaiting response... 200 OK
Length: 1218 (1.2K) [text/html]
Saving to: 'docs_live/big5/book04/chapter20.htm'

     0K .                                                     100% 56.5M=0s

2025-11-07 13:31:50 (56.5 MB/s) - 'docs_live/big5/book04/chapter20.htm' saved [1218/1218]

--2025-11-07 13:31:50--  http://ekklesiahistory.fttt.org.tw/big5/book04/chapter21.htm
Reusing existing connection to ekklesiahistory.fttt.org.tw:80.
HTTP request sent, awaiting response... 200 OK
Length: 2853 (2.8K) [text/html]
Saving to: 'docs_live/big5/book04/chapter21.htm'

     0K ..                                                    100%  106M=0s

2025-11-07 13:31:50 (106 MB/s) - 'docs_live/big5/book04/chapter21.htm' saved [2853/2853]

--2025-11-07 13:31:50--  http://ekklesiahistory.fttt.org.tw/big5/book04/chapter22.htm
Reusing existing connection to ekklesiahistory.fttt.org.tw:80.
HTTP request sent, awaiting response... 200 OK
Length: 4544 (4.4K) [text/html]
Saving to: 'docs_live/big5/book04/chapter22.htm'

     0K ....                                                  100%  106M=0s

2025-11-07 13:31:50 (106 MB/s) - 'docs_live/big5/book04/chapter22.htm' saved [4544/4544]

--2025-11-07 13:31:50--  http://ekklesiahistory.fttt.org.tw/big5/book04/chapter23.htm
Reusing existing connection to ekklesiahistory.fttt.org.tw:80.
HTTP request sent, awaiting response... 200 OK
Length: 6434 (6.3K) [text/html]
Saving to: 'docs_live/big5/book04/chapter23.htm'

     0K ......                                                100%  139M=0s

2025-11-07 13:31:50 (139 MB/s) - 'docs_live/big5/book04/chapter23.htm' saved [6434/6434]

--2025-11-07 13:31:50--  http://ekklesiahistory.fttt.org.tw/big5/book04/chapter24.htm
Reusing existing connection to ekklesiahistory.fttt.org.tw:80.
HTTP request sent, awaiting response... 200 OK
Length: 2880 (2.8K) [text/html]
Saving to: 'docs_live/big5/book04/chapter24.htm'

     0K ..                                                    100%  103M=0s

2025-11-07 13:31:50 (103 MB/s) - 'docs_live/big5/book04/chapter24.htm' saved [2880/2880]

--2025-11-07 13:31:50--  http://ekklesiahistory.fttt.org.tw/big5/book04/chapter25.htm
Reusing existing connection to ekklesiahistory.fttt.org.tw:80.
HTTP request sent, awaiting response... 200 OK
Length: 1316 (1.3K) [text/html]
Saving to: 'docs_live/big5/book04/chapter25.htm'

     0K .                                                     100% 94.1M=0s

2025-11-07 13:31:50 (94.1 MB/s) - 'docs_live/big5/book04/chapter25.htm' saved [1316/1316]

--2025-11-07 13:31:50--  http://ekklesiahistory.fttt.org.tw/big5/book04/chapter26.htm
Reusing existing connection to ekklesiahistory.fttt.org.tw:80.
HTTP request sent, awaiting response... 200 OK
Length: 8411 (8.2K) [text/html]
Saving to: 'docs_live/big5/book04/chapter26.htm'

     0K ........                                              100%  133M=0s

2025-11-07 13:31:50 (133 MB/s) - 'docs_live/big5/book04/chapter26.htm' saved [8411/8411]

--2025-11-07 13:31:50--  http://ekklesiahistory.fttt.org.tw/big5/book04/chapter27.htm
Reusing existing connection to ekklesiahistory.fttt.org.tw:80.
HTTP request sent, awaiting response... 200 OK
Length: 2543 (2.5K) [text/html]
Saving to: 'docs_live/big5/book04/chapter27.htm'

     0K ..                                                    100%  180M=0s

2025-11-07 13:31:50 (180 MB/s) - 'docs_live/big5/book04/chapter27.htm' saved [2543/2543]

--2025-11-07 13:31:50--  http://ekklesiahistory.fttt.org.tw/big5/book04/chapter28.htm
Reusing existing connection to ekklesiahistory.fttt.org.tw:80.
HTTP request sent, awaiting response... 200 OK
Length: 1280 (1.2K) [text/html]
Saving to: 'docs_live/big5/book04/chapter28.htm'

     0K .                                                     100%  305M=0s

2025-11-07 13:31:50 (305 MB/s) - 'docs_live/big5/book04/chapter28.htm' saved [1280/1280]

--2025-11-07 13:31:50--  http://ekklesiahistory.fttt.org.tw/big5/book04/chapter29.htm
Reusing existing connection to ekklesiahistory.fttt.org.tw:80.
HTTP request sent, awaiting response... 200 OK
Length: 4999 (4.9K) [text/html]
Saving to: 'docs_live/big5/book04/chapter29.htm'

     0K ....                                                  100%  192M=0s

2025-11-07 13:31:51 (192 MB/s) - 'docs_live/big5/book04/chapter29.htm' saved [4999/4999]

--2025-11-07 13:31:51--  http://ekklesiahistory.fttt.org.tw/big5/book04/chapter30.htm
Reusing existing connection to ekklesiahistory.fttt.org.tw:80.
HTTP request sent, awaiting response... 200 OK
Length: 3051 (3.0K) [text/html]
Saving to: 'docs_live/big5/book04/chapter30.htm'

     0K ..                                                    100%  111M=0s

2025-11-07 13:31:51 (111 MB/s) - 'docs_live/big5/book04/chapter30.htm' saved [3051/3051]

--2025-11-07 13:31:51--  http://ekklesiahistory.fttt.org.tw/image/theme05_corner.jpg
Reusing existing connection to ekklesiahistory.fttt.org.tw:80.
HTTP request sent, awaiting response... 200 OK
Length: 10322 (10K) [image/jpeg]
Saving to: 'docs_live/image/theme05_corner.jpg'

     0K ..........                                            100% 83.8M=0s

2025-11-07 13:31:51 (83.8 MB/s) - 'docs_live/image/theme05_corner.jpg' saved [10322/10322]

--2025-11-07 13:31:51--  http://ekklesiahistory.fttt.org.tw/image/theme05_left.jpg
Reusing existing connection to ekklesiahistory.fttt.org.tw:80.
HTTP request sent, awaiting response... 200 OK
Length: 4854 (4.7K) [image/jpeg]
Saving to: 'docs_live/image/theme05_left.jpg'

     0K ....                                                  100%  139M=0s

2025-11-07 13:31:51 (139 MB/s) - 'docs_live/image/theme05_left.jpg' saved [4854/4854]

--2025-11-07 13:31:51--  http://ekklesiahistory.fttt.org.tw/image/theme05_top.jpg
Reusing existing connection to ekklesiahistory.fttt.org.tw:80.
HTTP request sent, awaiting response... 200 OK
Length: 9377 (9.2K) [image/jpeg]
Saving to: 'docs_live/image/theme05_top.jpg'

     0K .........                                             100% 43.6M=0s

2025-11-07 13:31:51 (43.6 MB/s) - 'docs_live/image/theme05_top.jpg' saved [9377/9377]

--2025-11-07 13:31:51--  http://ekklesiahistory.fttt.org.tw/image/theme05_main.jpg
Reusing existing connection to ekklesiahistory.fttt.org.tw:80.
HTTP request sent, awaiting response... 200 OK
Length: 23813 (23K) [image/jpeg]
Saving to: 'docs_live/image/theme05_main.jpg'

     0K .......... .......... ...                             100%  314M=0s

2025-11-07 13:31:51 (314 MB/s) - 'docs_live/image/theme05_main.jpg' saved [23813/23813]

--2025-11-07 13:31:51--  http://ekklesiahistory.fttt.org.tw/big5/book05/chapter00.htm
Reusing existing connection to ekklesiahistory.fttt.org.tw:80.
HTTP request sent, awaiting response... 200 OK
Length: 2514 (2.5K) [text/html]
Saving to: 'docs_live/big5/book05/chapter00.htm'

     0K ..                                                    100%  103M=0s

2025-11-07 13:31:51 (103 MB/s) - 'docs_live/big5/book05/chapter00.htm' saved [2514/2514]

--2025-11-07 13:31:51--  http://ekklesiahistory.fttt.org.tw/big5/book05/chapter01.htm
Reusing existing connection to ekklesiahistory.fttt.org.tw:80.
HTTP request sent, awaiting response... 200 OK
Length: 34438 (34K) [text/html]
Saving to: 'docs_live/big5/book05/chapter01.htm'

     0K .......... .......... .......... ...                  100%  327M=0s

2025-11-07 13:31:51 (327 MB/s) - 'docs_live/big5/book05/chapter01.htm' saved [34438/34438]

--2025-11-07 13:31:51--  http://ekklesiahistory.fttt.org.tw/big5/book05/chapter02.htm
Reusing existing connection to ekklesiahistory.fttt.org.tw:80.
HTTP request sent, awaiting response... 200 OK
Length: 7569 (7.4K) [text/html]
Saving to: 'docs_live/big5/book05/chapter02.htm'

     0K .......                                               100%  189M=0s

2025-11-07 13:31:51 (189 MB/s) - 'docs_live/big5/book05/chapter02.htm' saved [7569/7569]

--2025-11-07 13:31:51--  http://ekklesiahistory.fttt.org.tw/big5/book05/chapter03.htm
Reusing existing connection to ekklesiahistory.fttt.org.tw:80.
HTTP request sent, awaiting response... 200 OK
Length: 3869 (3.8K) [text/html]
Saving to: 'docs_live/big5/book05/chapter03.htm'

     0K ...                                                   100%  104M=0s

2025-11-07 13:31:52 (104 MB/s) - 'docs_live/big5/book05/chapter03.htm' saved [3869/3869]

--2025-11-07 13:31:52--  http://ekklesiahistory.fttt.org.tw/big5/book05/chapter04.htm
Reusing existing connection to ekklesiahistory.fttt.org.tw:80.
HTTP request sent, awaiting response... 200 OK
Length: 2623 (2.6K) [text/html]
Saving to: 'docs_live/big5/book05/chapter04.htm'

     0K ..                                                    100%  127M=0s

2025-11-07 13:31:52 (127 MB/s) - 'docs_live/big5/book05/chapter04.htm' saved [2623/2623]

--2025-11-07 13:31:52--  http://ekklesiahistory.fttt.org.tw/big5/book05/chapter05.htm
Reusing existing connection to ekklesiahistory.fttt.org.tw:80.
HTTP request sent, awaiting response... 200 OK
Length: 5707 (5.6K) [text/html]
Saving to: 'docs_live/big5/book05/chapter05.htm'

     0K .....                                                 100%  165M=0s

2025-11-07 13:31:52 (165 MB/s) - 'docs_live/big5/book05/chapter05.htm' saved [5707/5707]

--2025-11-07 13:31:52--  http://ekklesiahistory.fttt.org.tw/big5/book05/chapter06.htm
Reusing existing connection to ekklesiahistory.fttt.org.tw:80.
HTTP request sent, awaiting response... 200 OK
Length: 3799 (3.7K) [text/html]
Saving to: 'docs_live/big5/book05/chapter06.htm'

     0K ...                                                   100% 82.7M=0s

2025-11-07 13:31:52 (82.7 MB/s) - 'docs_live/big5/book05/chapter06.htm' saved [3799/3799]

--2025-11-07 13:31:52--  http://ekklesiahistory.fttt.org.tw/big5/book05/chapter07.htm
Reusing existing connection to ekklesiahistory.fttt.org.tw:80.
HTTP request sent, awaiting response... 200 OK
Length: 4584 (4.5K) [text/html]
Saving to: 'docs_live/big5/book05/chapter07.htm'

     0K ....                                                  100%  146M=0s

2025-11-07 13:31:52 (146 MB/s) - 'docs_live/big5/book05/chapter07.htm' saved [4584/4584]

--2025-11-07 13:31:52--  http://ekklesiahistory.fttt.org.tw/big5/book05/chapter08.htm
Reusing existing connection to ekklesiahistory.fttt.org.tw:80.
HTTP request sent, awaiting response... 200 OK
Length: 7886 (7.7K) [text/html]
Saving to: 'docs_live/big5/book05/chapter08.htm'

     0K .......                                               100%  126M=0s

2025-11-07 13:31:52 (126 MB/s) - 'docs_live/big5/book05/chapter08.htm' saved [7886/7886]

--2025-11-07 13:31:52--  http://ekklesiahistory.fttt.org.tw/big5/book05/chapter09.htm
Reusing existing connection to ekklesiahistory.fttt.org.tw:80.
HTTP request sent, awaiting response... 200 OK
Length: 1622 (1.6K) [text/html]
Saving to: 'docs_live/big5/book05/chapter09.htm'

     0K .                                                     100% 64.3M=0s

2025-11-07 13:31:52 (64.3 MB/s) - 'docs_live/big5/book05/chapter09.htm' saved [1622/1622]

--2025-11-07 13:31:52--  http://ekklesiahistory.fttt.org.tw/big5/book05/chapter10.htm
Reusing existing connection to ekklesiahistory.fttt.org.tw:80.
HTTP request sent, awaiting response... 200 OK
Length: 4755 (4.6K) [text/html]
Saving to: 'docs_live/big5/book05/chapter10.htm'

     0K ....                                                  100% 50.1M=0s

2025-11-07 13:31:52 (50.1 MB/s) - 'docs_live/big5/book05/chapter10.htm' saved [4755/4755]

--2025-11-07 13:31:52--  http://ekklesiahistory.fttt.org.tw/big5/book05/chapter11.htm
Reusing existing connection to ekklesiahistory.fttt.org.tw:80.
HTTP request sent, awaiting response... 200 OK
Length: 5051 (4.9K) [text/html]
Saving to: 'docs_live/big5/book05/chapter11.htm'

     0K ....                                                  100% 92.5M=0s

2025-11-07 13:31:52 (92.5 MB/s) - 'docs_live/big5/book05/chapter11.htm' saved [5051/5051]

--2025-11-07 13:31:52--  http://ekklesiahistory.fttt.org.tw/big5/book05/chapter12.htm
Reusing existing connection to ekklesiahistory.fttt.org.tw:80.
HTTP request sent, awaiting response... 200 OK
Length: 2701 (2.6K) [text/html]
Saving to: 'docs_live/big5/book05/chapter12.htm'

     0K ..                                                    100% 72.4M=0s

2025-11-07 13:31:53 (72.4 MB/s) - 'docs_live/big5/book05/chapter12.htm' saved [2701/2701]

--2025-11-07 13:31:53--  http://ekklesiahistory.fttt.org.tw/big5/book05/chapter13.htm
Reusing existing connection to ekklesiahistory.fttt.org.tw:80.
HTTP request sent, awaiting response... 200 OK
Length: 8032 (7.8K) [text/html]
Saving to: 'docs_live/big5/book05/chapter13.htm'

     0K .......                                               100% 75.8M=0s

2025-11-07 13:31:53 (75.8 MB/s) - 'docs_live/big5/book05/chapter13.htm' saved [8032/8032]

--2025-11-07 13:31:53--  http://ekklesiahistory.fttt.org.tw/big5/book05/chapter14.htm
Reusing existing connection to ekklesiahistory.fttt.org.tw:80.
HTTP request sent, awaiting response... 200 OK
Length: 1803 (1.8K) [text/html]
Saving to: 'docs_live/big5/book05/chapter14.htm'

     0K .                                                     100%  117M=0s

2025-11-07 13:31:53 (117 MB/s) - 'docs_live/big5/book05/chapter14.htm' saved [1803/1803]

--2025-11-07 13:31:53--  http://ekklesiahistory.fttt.org.tw/big5/book05/chapter15.htm
Reusing existing connection to ekklesiahistory.fttt.org.tw:80.
HTTP request sent, awaiting response... 200 OK
Length: 1697 (1.7K) [text/html]
Saving to: 'docs_live/big5/book05/chapter15.htm'

     0K .                                                     100% 84.8M=0s

2025-11-07 13:31:53 (84.8 MB/s) - 'docs_live/big5/book05/chapter15.htm' saved [1697/1697]

--2025-11-07 13:31:53--  http://ekklesiahistory.fttt.org.tw/big5/book05/chapter16.htm
Reusing existing connection to ekklesiahistory.fttt.org.tw:80.
HTTP request sent, awaiting response... 200 OK
Length: 14822 (14K) [text/html]
Saving to: 'docs_live/big5/book05/chapter16.htm'

     0K .......... ....                                       100% 24.3M=0.001s

2025-11-07 13:31:53 (24.3 MB/s) - 'docs_live/big5/book05/chapter16.htm' saved [14822/14822]

--2025-11-07 13:31:53--  http://ekklesiahistory.fttt.org.tw/big5/book05/chapter17.htm
Reusing existing connection to ekklesiahistory.fttt.org.tw:80.
HTTP request sent, awaiting response... 200 OK
Length: 5336 (5.2K) [text/html]
Saving to: 'docs_live/big5/book05/chapter17.htm'

     0K .....                                                 100% 64.8M=0s

2025-11-07 13:31:53 (64.8 MB/s) - 'docs_live/big5/book05/chapter17.htm' saved [5336/5336]

--2025-11-07 13:31:53--  http://ekklesiahistory.fttt.org.tw/big5/book05/chapter18.htm
Reusing existing connection to ekklesiahistory.fttt.org.tw:80.
HTTP request sent, awaiting response... 200 OK
Length: 8757 (8.6K) [text/html]
Saving to: 'docs_live/big5/book05/chapter18.htm'

     0K ........                                              100% 67.5M=0s

2025-11-07 13:31:53 (67.5 MB/s) - 'docs_live/big5/book05/chapter18.htm' saved [8757/8757]

--2025-11-07 13:31:53--  http://ekklesiahistory.fttt.org.tw/big5/book05/chapter19.htm
Reusing existing connection to ekklesiahistory.fttt.org.tw:80.
HTTP request sent, awaiting response... 200 OK
Length: 2816 (2.8K) [text/html]
Saving to: 'docs_live/big5/book05/chapter19.htm'

     0K ..                                                    100% 94.2M=0s

2025-11-07 13:31:53 (94.2 MB/s) - 'docs_live/big5/book05/chapter19.htm' saved [2816/2816]

--2025-11-07 13:31:53--  http://ekklesiahistory.fttt.org.tw/big5/book05/chapter20.htm
Reusing existing connection to ekklesiahistory.fttt.org.tw:80.
HTTP request sent, awaiting response... 200 OK
Length: 4990 (4.9K) [text/html]
Saving to: 'docs_live/big5/book05/chapter20.htm'

     0K ....                                                  100%  263M=0s

2025-11-07 13:31:53 (263 MB/s) - 'docs_live/big5/book05/chapter20.htm' saved [4990/4990]

--2025-11-07 13:31:53--  http://ekklesiahistory.fttt.org.tw/big5/book05/chapter21.htm
Reusing existing connection to ekklesiahistory.fttt.org.tw:80.
HTTP request sent, awaiting response... 200 OK
Length: 3641 (3.6K) [text/html]
Saving to: 'docs_live/big5/book05/chapter21.htm'

     0K ...                                                   100%  221M=0s

2025-11-07 13:31:54 (221 MB/s) - 'docs_live/big5/book05/chapter21.htm' saved [3641/3641]

--2025-11-07 13:31:54--  http://ekklesiahistory.fttt.org.tw/big5/book05/chapter22.htm
Reusing existing connection to ekklesiahistory.fttt.org.tw:80.
HTTP request sent, awaiting response... 200 OK
Length: 1993 (1.9K) [text/html]
Saving to: 'docs_live/big5/book05/chapter22.htm'

     0K .                                                     100%  119M=0s

2025-11-07 13:31:54 (119 MB/s) - 'docs_live/big5/book05/chapter22.htm' saved [1993/1993]

--2025-11-07 13:31:54--  http://ekklesiahistory.fttt.org.tw/big5/book05/chapter23.htm
Reusing existing connection to ekklesiahistory.fttt.org.tw:80.
HTTP request sent, awaiting response... 200 OK
Length: 4892 (4.8K) [text/html]
Saving to: 'docs_live/big5/book05/chapter23.htm'

     0K ....                                                  100%  150M=0s

2025-11-07 13:31:54 (150 MB/s) - 'docs_live/big5/book05/chapter23.htm' saved [4892/4892]

--2025-11-07 13:31:54--  http://ekklesiahistory.fttt.org.tw/big5/book05/chapter24.htm
Reusing existing connection to ekklesiahistory.fttt.org.tw:80.
HTTP request sent, awaiting response... 200 OK
Length: 9704 (9.5K) [text/html]
Saving to: 'docs_live/big5/book05/chapter24.htm'

     0K .........                                             100%  157M=0s

2025-11-07 13:31:54 (157 MB/s) - 'docs_live/big5/book05/chapter24.htm' saved [9704/9704]

--2025-11-07 13:31:54--  http://ekklesiahistory.fttt.org.tw/big5/book05/chapter25.htm
Reusing existing connection to ekklesiahistory.fttt.org.tw:80.
HTTP request sent, awaiting response... 200 OK
Length: 1948 (1.9K) [text/html]
Saving to: 'docs_live/big5/book05/chapter25.htm'

     0K .                                                     100%  158M=0s

2025-11-07 13:31:54 (158 MB/s) - 'docs_live/big5/book05/chapter25.htm' saved [1948/1948]

--2025-11-07 13:31:54--  http://ekklesiahistory.fttt.org.tw/big5/book05/chapter26.htm
Reusing existing connection to ekklesiahistory.fttt.org.tw:80.
HTTP request sent, awaiting response... 200 OK
Length: 2012 (2.0K) [text/html]
Saving to: 'docs_live/big5/book05/chapter26.htm'

     0K .                                                     100%  162M=0s

2025-11-07 13:31:54 (162 MB/s) - 'docs_live/big5/book05/chapter26.htm' saved [2012/2012]

--2025-11-07 13:31:54--  http://ekklesiahistory.fttt.org.tw/big5/book05/chapter27.htm
Reusing existing connection to ekklesiahistory.fttt.org.tw:80.
HTTP request sent, awaiting response... 200 OK
Length: 2190 (2.1K) [text/html]
Saving to: 'docs_live/big5/book05/chapter27.htm'

     0K ..                                                    100% 97.3M=0s

2025-11-07 13:31:54 (97.3 MB/s) - 'docs_live/big5/book05/chapter27.htm' saved [2190/2190]

--2025-11-07 13:31:54--  http://ekklesiahistory.fttt.org.tw/big5/book05/chapter28.htm
Reusing existing connection to ekklesiahistory.fttt.org.tw:80.
HTTP request sent, awaiting response... 200 OK
Length: 11867 (12K) [text/html]
Saving to: 'docs_live/big5/book05/chapter28.htm'

     0K .......... .                                          100% 96.0M=0s

2025-11-07 13:31:54 (96.0 MB/s) - 'docs_live/big5/book05/chapter28.htm' saved [11867/11867]

--2025-11-07 13:31:54--  http://ekklesiahistory.fttt.org.tw/image/theme08_corner.jpg
Reusing existing connection to ekklesiahistory.fttt.org.tw:80.
HTTP request sent, awaiting response... 200 OK
Length: 9729 (9.5K) [image/jpeg]
Saving to: 'docs_live/image/theme08_corner.jpg'

     0K .........                                             100% 54.0M=0s

2025-11-07 13:31:54 (54.0 MB/s) - 'docs_live/image/theme08_corner.jpg' saved [9729/9729]

--2025-11-07 13:31:54--  http://ekklesiahistory.fttt.org.tw/image/theme08_left.jpg
Reusing existing connection to ekklesiahistory.fttt.org.tw:80.
HTTP request sent, awaiting response... 200 OK
Length: 5967 (5.8K) [image/jpeg]
Saving to: 'docs_live/image/theme08_left.jpg'

     0K .....                                                 100%  124M=0s

2025-11-07 13:31:54 (124 MB/s) - 'docs_live/image/theme08_left.jpg' saved [5967/5967]

--2025-11-07 13:31:54--  http://ekklesiahistory.fttt.org.tw/image/theme08_top.jpg
Reusing existing connection to ekklesiahistory.fttt.org.tw:80.
HTTP request sent, awaiting response... 200 OK
Length: 9261 (9.0K) [image/jpeg]
Saving to: 'docs_live/image/theme08_top.jpg'

     0K .........                                             100% 51.1M=0s

2025-11-07 13:31:55 (51.1 MB/s) - 'docs_live/image/theme08_top.jpg' saved [9261/9261]

--2025-11-07 13:31:55--  http://ekklesiahistory.fttt.org.tw/image/theme08_main.jpg
Reusing existing connection to ekklesiahistory.fttt.org.tw:80.
HTTP request sent, awaiting response... 200 OK
Length: 24132 (24K) [image/jpeg]
Saving to: 'docs_live/image/theme08_main.jpg'

     0K .......... .......... ...                             100% 42.9M=0.001s

2025-11-07 13:31:55 (42.9 MB/s) - 'docs_live/image/theme08_main.jpg' saved [24132/24132]

--2025-11-07 13:31:55--  http://ekklesiahistory.fttt.org.tw/big5/book06/chapter01.htm
Reusing existing connection to ekklesiahistory.fttt.org.tw:80.
HTTP request sent, awaiting response... 200 OK
Length: 2954 (2.9K) [text/html]
Saving to: 'docs_live/big5/book06/chapter01.htm'

     0K ..                                                    100%  179M=0s

2025-11-07 13:31:55 (179 MB/s) - 'docs_live/big5/book06/chapter01.htm' saved [2954/2954]

--2025-11-07 13:31:55--  http://ekklesiahistory.fttt.org.tw/big5/book06/chapter02.htm
Reusing existing connection to ekklesiahistory.fttt.org.tw:80.
HTTP request sent, awaiting response... 200 OK
Length: 7539 (7.4K) [text/html]
Saving to: 'docs_live/big5/book06/chapter02.htm'

     0K .......                                               100% 54.2M=0s

2025-11-07 13:31:55 (54.2 MB/s) - 'docs_live/big5/book06/chapter02.htm' saved [7539/7539]

--2025-11-07 13:31:55--  http://ekklesiahistory.fttt.org.tw/big5/book06/chapter03.htm
Reusing existing connection to ekklesiahistory.fttt.org.tw:80.
HTTP request sent, awaiting response... 200 OK
Length: 9248 (9.0K) [text/html]
Saving to: 'docs_live/big5/book06/chapter03.htm'

     0K .........                                             100% 67.7M=0s

2025-11-07 13:31:55 (67.7 MB/s) - 'docs_live/big5/book06/chapter03.htm' saved [9248/9248]

--2025-11-07 13:31:55--  http://ekklesiahistory.fttt.org.tw/big5/book06/chapter04.htm
Reusing existing connection to ekklesiahistory.fttt.org.tw:80.
HTTP request sent, awaiting response... 200 OK
Length: 3127 (3.1K) [text/html]
Saving to: 'docs_live/big5/book06/chapter04.htm'

     0K ...                                                   100%  151M=0s

2025-11-07 13:31:55 (151 MB/s) - 'docs_live/big5/book06/chapter04.htm' saved [3127/3127]

--2025-11-07 13:31:55--  http://ekklesiahistory.fttt.org.tw/big5/book06/chapter05.htm
Reusing existing connection to ekklesiahistory.fttt.org.tw:80.
HTTP request sent, awaiting response... 200 OK
Length: 4635 (4.5K) [text/html]
Saving to: 'docs_live/big5/book06/chapter05.htm'

     0K ....                                                  100%  223M=0s

2025-11-07 13:31:55 (223 MB/s) - 'docs_live/big5/book06/chapter05.htm' saved [4635/4635]

--2025-11-07 13:31:55--  http://ekklesiahistory.fttt.org.tw/big5/book06/chapter06.htm
Reusing existing connection to ekklesiahistory.fttt.org.tw:80.
HTTP request sent, awaiting response... 200 OK
Length: 1728 (1.7K) [text/html]
Saving to: 'docs_live/big5/book06/chapter06.htm'

     0K .                                                     100%  125M=0s

2025-11-07 13:31:55 (125 MB/s) - 'docs_live/big5/book06/chapter06.htm' saved [1728/1728]

--2025-11-07 13:31:55--  http://ekklesiahistory.fttt.org.tw/big5/book06/chapter07.htm
Reusing existing connection to ekklesiahistory.fttt.org.tw:80.
HTTP request sent, awaiting response... 200 OK
Length: 2371 (2.3K) [text/html]
Saving to: 'docs_live/big5/book06/chapter07.htm'

     0K ..                                                    100%  127M=0s

2025-11-07 13:31:55 (127 MB/s) - 'docs_live/big5/book06/chapter07.htm' saved [2371/2371]

--2025-11-07 13:31:55--  http://ekklesiahistory.fttt.org.tw/big5/book06/chapter08.htm
Reusing existing connection to ekklesiahistory.fttt.org.tw:80.
HTTP request sent, awaiting response... 200 OK
Length: 4481 (4.4K) [text/html]
Saving to: 'docs_live/big5/book06/chapter08.htm'

     0K ....                                                  100%  337M=0s

2025-11-07 13:31:56 (337 MB/s) - 'docs_live/big5/book06/chapter08.htm' saved [4481/4481]

--2025-11-07 13:31:56--  http://ekklesiahistory.fttt.org.tw/big5/book06/chapter09.htm
Reusing existing connection to ekklesiahistory.fttt.org.tw:80.
HTTP request sent, awaiting response... 200 OK
Length: 4363 (4.3K) [text/html]
Saving to: 'docs_live/big5/book06/chapter09.htm'

     0K ....                                                  100%  187M=0s

2025-11-07 13:31:56 (187 MB/s) - 'docs_live/big5/book06/chapter09.htm' saved [4363/4363]

--2025-11-07 13:31:56--  http://ekklesiahistory.fttt.org.tw/big5/book06/chapter10.htm
Reusing existing connection to ekklesiahistory.fttt.org.tw:80.
HTTP request sent, awaiting response... 200 OK
Length: 1800 (1.8K) [text/html]
Saving to: 'docs_live/big5/book06/chapter10.htm'

     0K .                                                     100% 62.1M=0s

2025-11-07 13:31:56 (62.1 MB/s) - 'docs_live/big5/book06/chapter10.htm' saved [1800/1800]

--2025-11-07 13:31:56--  http://ekklesiahistory.fttt.org.tw/big5/book06/chapter11.htm
Reusing existing connection to ekklesiahistory.fttt.org.tw:80.
HTTP request sent, awaiting response... 200 OK
Length: 4953 (4.8K) [text/html]
Saving to: 'docs_live/big5/book06/chapter11.htm'

     0K ....                                                  100%  123M=0s

2025-11-07 13:31:56 (123 MB/s) - 'docs_live/big5/book06/chapter11.htm' saved [4953/4953]

--2025-11-07 13:31:56--  http://ekklesiahistory.fttt.org.tw/big5/book06/chapter12.htm
Reusing existing connection to ekklesiahistory.fttt.org.tw:80.
HTTP request sent, awaiting response... 200 OK
Length: 4934 (4.8K) [text/html]
Saving to: 'docs_live/big5/book06/chapter12.htm'

     0K ....                                                  100%  141M=0s

2025-11-07 13:31:56 (141 MB/s) - 'docs_live/big5/book06/chapter12.htm' saved [4934/4934]

--2025-11-07 13:31:56--  http://ekklesiahistory.fttt.org.tw/big5/book06/chapter13.htm
Reusing existing connection to ekklesiahistory.fttt.org.tw:80.
HTTP request sent, awaiting response... 200 OK
Length: 12176 (12K) [text/html]
Saving to: 'docs_live/big5/book06/chapter13.htm'

     0K .......... .                                          100% 99.1M=0s

2025-11-07 13:31:56 (99.1 MB/s) - 'docs_live/big5/book06/chapter13.htm' saved [12176/12176]

--2025-11-07 13:31:56--  http://ekklesiahistory.fttt.org.tw/big5/book06/chapter14.htm
Reusing existing connection to ekklesiahistory.fttt.org.tw:80.
HTTP request sent, awaiting response... 200 OK
Length: 8136 (7.9K) [text/html]
Saving to: 'docs_live/big5/book06/chapter14.htm'

     0K .......                                               100% 61.7M=0s

2025-11-07 13:31:56 (61.7 MB/s) - 'docs_live/big5/book06/chapter14.htm' saved [8136/8136]

--2025-11-07 13:31:56--  http://ekklesiahistory.fttt.org.tw/big5/book06/chapter15.htm
Reusing existing connection to ekklesiahistory.fttt.org.tw:80.
HTTP request sent, awaiting response... 200 OK
Length: 1820 (1.8K) [text/html]
Saving to: 'docs_live/big5/book06/chapter15.htm'

     0K .                                                     100% 98.5M=0s

2025-11-07 13:31:56 (98.5 MB/s) - 'docs_live/big5/book06/chapter15.htm' saved [1820/1820]

--2025-11-07 13:31:56--  http://ekklesiahistory.fttt.org.tw/big5/book06/chapter16.htm
Reusing existing connection to ekklesiahistory.fttt.org.tw:80.
HTTP request sent, awaiting response... 200 OK
Length: 7902 (7.7K) [text/html]
Saving to: 'docs_live/big5/book06/chapter16.htm'

     0K .......                                               100%  105M=0s

2025-11-07 13:31:56 (105 MB/s) - 'docs_live/big5/book06/chapter16.htm' saved [7902/7902]

--2025-11-07 13:31:56--  http://ekklesiahistory.fttt.org.tw/big5/book06/chapter17.htm
Reusing existing connection to ekklesiahistory.fttt.org.tw:80.
HTTP request sent, awaiting response... 200 OK
Length: 2234 (2.2K) [text/html]
Saving to: 'docs_live/big5/book06/chapter17.htm'

     0K ..                                                    100% 70.1M=0s

2025-11-07 13:31:57 (70.1 MB/s) - 'docs_live/big5/book06/chapter17.htm' saved [2234/2234]

--2025-11-07 13:31:57--  http://ekklesiahistory.fttt.org.tw/big5/book06/chapter18.htm
Reusing existing connection to ekklesiahistory.fttt.org.tw:80.
HTTP request sent, awaiting response... 200 OK
Length: 4016 (3.9K) [text/html]
Saving to: 'docs_live/big5/book06/chapter18.htm'

     0K ...                                                   100% 98.4M=0s

2025-11-07 13:31:57 (98.4 MB/s) - 'docs_live/big5/book06/chapter18.htm' saved [4016/4016]

--2025-11-07 13:31:57--  http://ekklesiahistory.fttt.org.tw/big5/book06/chapter19.htm
Reusing existing connection to ekklesiahistory.fttt.org.tw:80.
HTTP request sent, awaiting response... 200 OK
Length: 12609 (12K) [text/html]
Saving to: 'docs_live/big5/book06/chapter19.htm'

     0K .......... ..                                         100% 85.1M=0s

2025-11-07 13:31:57 (85.1 MB/s) - 'docs_live/big5/book06/chapter19.htm' saved [12609/12609]

--2025-11-07 13:31:57--  http://ekklesiahistory.fttt.org.tw/big5/book06/chapter20.htm
Reusing existing connection to ekklesiahistory.fttt.org.tw:80.
HTTP request sent, awaiting response... 200 OK
Length: 2909 (2.8K) [text/html]
Saving to: 'docs_live/big5/book06/chapter20.htm'

     0K ..                                                    100%  168M=0s

2025-11-07 13:31:57 (168 MB/s) - 'docs_live/big5/book06/chapter20.htm' saved [2909/2909]

--2025-11-07 13:31:57--  http://ekklesiahistory.fttt.org.tw/big5/book06/chapter21.htm
Reusing existing connection to ekklesiahistory.fttt.org.tw:80.
HTTP request sent, awaiting response... 200 OK
Length: 2760 (2.7K) [text/html]
Saving to: 'docs_live/big5/book06/chapter21.htm'

     0K ..                                                    100% 95.6M=0s

2025-11-07 13:31:57 (95.6 MB/s) - 'docs_live/big5/book06/chapter21.htm' saved [2760/2760]

--2025-11-07 13:31:57--  http://ekklesiahistory.fttt.org.tw/big5/book06/chapter22.htm
Reusing existing connection to ekklesiahistory.fttt.org.tw:80.
HTTP request sent, awaiting response... 200 OK
Length: 4127 (4.0K) [text/html]
Saving to: 'docs_live/big5/book06/chapter22.htm'

     0K ....                                                  100%  155M=0s

2025-11-07 13:31:57 (155 MB/s) - 'docs_live/big5/book06/chapter22.htm' saved [4127/4127]

--2025-11-07 13:31:57--  http://ekklesiahistory.fttt.org.tw/big5/book06/chapter23.htm
Reusing existing connection to ekklesiahistory.fttt.org.tw:80.
HTTP request sent, awaiting response... 200 OK
Length: 3278 (3.2K) [text/html]
Saving to: 'docs_live/big5/book06/chapter23.htm'

     0K ...                                                   100%  191M=0s

2025-11-07 13:31:57 (191 MB/s) - 'docs_live/big5/book06/chapter23.htm' saved [3278/3278]

--2025-11-07 13:31:57--  http://ekklesiahistory.fttt.org.tw/big5/book06/chapter24.htm
Reusing existing connection to ekklesiahistory.fttt.org.tw:80.
HTTP request sent, awaiting response... 200 OK
Length: 2069 (2.0K) [text/html]
Saving to: 'docs_live/big5/book06/chapter24.htm'

     0K ..                                                    100% 51.7M=0s

2025-11-07 13:31:57 (51.7 MB/s) - 'docs_live/big5/book06/chapter24.htm' saved [2069/2069]

--2025-11-07 13:31:57--  http://ekklesiahistory.fttt.org.tw/big5/book06/chapter25.htm
Connecting to ekklesiahistory.fttt.org.tw (ekklesiahistory.fttt.org.tw)|152.42.191.121|:80... connected.
HTTP request sent, awaiting response... 200 OK
Length: 10163 (9.9K) [text/html]
Saving to: 'docs_live/big5/book06/chapter25.htm'

     0K .........                                             100%  270M=0s

2025-11-07 13:31:58 (270 MB/s) - 'docs_live/big5/book06/chapter25.htm' saved [10163/10163]

--2025-11-07 13:31:58--  http://ekklesiahistory.fttt.org.tw/big5/book06/chapter26.htm
Reusing existing connection to ekklesiahistory.fttt.org.tw:80.
HTTP request sent, awaiting response... 200 OK
Length: 2258 (2.2K) [text/html]
Saving to: 'docs_live/big5/book06/chapter26.htm'

     0K ..                                                    100%  112M=0s

2025-11-07 13:31:58 (112 MB/s) - 'docs_live/big5/book06/chapter26.htm' saved [2258/2258]

--2025-11-07 13:31:58--  http://ekklesiahistory.fttt.org.tw/big5/book06/chapter27.htm
Reusing existing connection to ekklesiahistory.fttt.org.tw:80.
HTTP request sent, awaiting response... 200 OK
Length: 1748 (1.7K) [text/html]
Saving to: 'docs_live/big5/book06/chapter27.htm'

     0K .                                                     100% 88.3M=0s

2025-11-07 13:31:58 (88.3 MB/s) - 'docs_live/big5/book06/chapter27.htm' saved [1748/1748]

--2025-11-07 13:31:58--  http://ekklesiahistory.fttt.org.tw/big5/book06/chapter28.htm
Reusing existing connection to ekklesiahistory.fttt.org.tw:80.
HTTP request sent, awaiting response... 200 OK
Length: 2614 (2.6K) [text/html]
Saving to: 'docs_live/big5/book06/chapter28.htm'

     0K ..                                                    100% 58.3M=0s

2025-11-07 13:31:58 (58.3 MB/s) - 'docs_live/big5/book06/chapter28.htm' saved [2614/2614]

--2025-11-07 13:31:58--  http://ekklesiahistory.fttt.org.tw/big5/book06/chapter29.htm
Reusing existing connection to ekklesiahistory.fttt.org.tw:80.
HTTP request sent, awaiting response... 200 OK
Length: 3079 (3.0K) [text/html]
Saving to: 'docs_live/big5/book06/chapter29.htm'

     0K ...                                                   100%  127M=0s

2025-11-07 13:31:58 (127 MB/s) - 'docs_live/big5/book06/chapter29.htm' saved [3079/3079]

--2025-11-07 13:31:58--  http://ekklesiahistory.fttt.org.tw/big5/book06/chapter30.htm
Reusing existing connection to ekklesiahistory.fttt.org.tw:80.
HTTP request sent, awaiting response... 200 OK
Length: 2821 (2.8K) [text/html]
Saving to: 'docs_live/big5/book06/chapter30.htm'

     0K ..                                                    100% 78.7M=0s

2025-11-07 13:31:58 (78.7 MB/s) - 'docs_live/big5/book06/chapter30.htm' saved [2821/2821]

--2025-11-07 13:31:58--  http://ekklesiahistory.fttt.org.tw/big5/book06/chapter31.htm
Reusing existing connection to ekklesiahistory.fttt.org.tw:80.
HTTP request sent, awaiting response... 200 OK
Length: 2534 (2.5K) [text/html]
Saving to: 'docs_live/big5/book06/chapter31.htm'

     0K ..                                                    100% 20.8M=0s

2025-11-07 13:31:58 (20.8 MB/s) - 'docs_live/big5/book06/chapter31.htm' saved [2534/2534]

--2025-11-07 13:31:58--  http://ekklesiahistory.fttt.org.tw/big5/book06/chapter32.htm
Reusing existing connection to ekklesiahistory.fttt.org.tw:80.
HTTP request sent, awaiting response... 200 OK
Length: 2988 (2.9K) [text/html]
Saving to: 'docs_live/big5/book06/chapter32.htm'

     0K ..                                                    100%  162M=0s

2025-11-07 13:31:58 (162 MB/s) - 'docs_live/big5/book06/chapter32.htm' saved [2988/2988]

--2025-11-07 13:31:58--  http://ekklesiahistory.fttt.org.tw/big5/book06/chapter33.htm
Reusing existing connection to ekklesiahistory.fttt.org.tw:80.
HTTP request sent, awaiting response... 200 OK
Length: 3365 (3.3K) [text/html]
Saving to: 'docs_live/big5/book06/chapter33.htm'

     0K ...                                                   100%  129M=0s

2025-11-07 13:31:58 (129 MB/s) - 'docs_live/big5/book06/chapter33.htm' saved [3365/3365]

--2025-11-07 13:31:58--  http://ekklesiahistory.fttt.org.tw/big5/book06/chapter34.htm
Reusing existing connection to ekklesiahistory.fttt.org.tw:80.
HTTP request sent, awaiting response... 200 OK
Length: 3019 (2.9K) [text/html]
Saving to: 'docs_live/big5/book06/chapter34.htm'

     0K ..                                                    100%  123M=0s

2025-11-07 13:31:59 (123 MB/s) - 'docs_live/big5/book06/chapter34.htm' saved [3019/3019]

--2025-11-07 13:31:59--  http://ekklesiahistory.fttt.org.tw/big5/book06/chapter35.htm
Reusing existing connection to ekklesiahistory.fttt.org.tw:80.
HTTP request sent, awaiting response... 200 OK
Length: 1608 (1.6K) [text/html]
Saving to: 'docs_live/big5/book06/chapter35.htm'

     0K .                                                     100% 57.2M=0s

2025-11-07 13:31:59 (57.2 MB/s) - 'docs_live/big5/book06/chapter35.htm' saved [1608/1608]

--2025-11-07 13:31:59--  http://ekklesiahistory.fttt.org.tw/big5/book06/chapter36.htm
Reusing existing connection to ekklesiahistory.fttt.org.tw:80.
HTTP request sent, awaiting response... 200 OK
Length: 3269 (3.2K) [text/html]
Saving to: 'docs_live/big5/book06/chapter36.htm'

     0K ...                                                   100% 91.6M=0s

2025-11-07 13:31:59 (91.6 MB/s) - 'docs_live/big5/book06/chapter36.htm' saved [3269/3269]

--2025-11-07 13:31:59--  http://ekklesiahistory.fttt.org.tw/big5/book06/chapter37.htm
Reusing existing connection to ekklesiahistory.fttt.org.tw:80.
HTTP request sent, awaiting response... 200 OK
Length: 1750 (1.7K) [text/html]
Saving to: 'docs_live/big5/book06/chapter37.htm'

     0K .                                                     100% 69.2M=0s

2025-11-07 13:31:59 (69.2 MB/s) - 'docs_live/big5/book06/chapter37.htm' saved [1750/1750]

--2025-11-07 13:31:59--  http://ekklesiahistory.fttt.org.tw/big5/book06/chapter38.htm
Reusing existing connection to ekklesiahistory.fttt.org.tw:80.
HTTP request sent, awaiting response... 200 OK
Length: 2808 (2.7K) [text/html]
Saving to: 'docs_live/big5/book06/chapter38.htm'

     0K ..                                                    100%  190M=0s

2025-11-07 13:31:59 (190 MB/s) - 'docs_live/big5/book06/chapter38.htm' saved [2808/2808]

--2025-11-07 13:31:59--  http://ekklesiahistory.fttt.org.tw/big5/book06/chapter39.htm
Reusing existing connection to ekklesiahistory.fttt.org.tw:80.
HTTP request sent, awaiting response... 200 OK
Length: 4510 (4.4K) [text/html]
Saving to: 'docs_live/big5/book06/chapter39.htm'

     0K ....                                                  100%  132M=0s

2025-11-07 13:31:59 (132 MB/s) - 'docs_live/big5/book06/chapter39.htm' saved [4510/4510]

--2025-11-07 13:31:59--  http://ekklesiahistory.fttt.org.tw/big5/book06/chapter40.htm
Reusing existing connection to ekklesiahistory.fttt.org.tw:80.
HTTP request sent, awaiting response... 200 OK
Length: 6102 (6.0K) [text/html]
Saving to: 'docs_live/big5/book06/chapter40.htm'

     0K .....                                                 100% 87.0M=0s

2025-11-07 13:31:59 (87.0 MB/s) - 'docs_live/big5/book06/chapter40.htm' saved [6102/6102]

--2025-11-07 13:31:59--  http://ekklesiahistory.fttt.org.tw/big5/book06/chapter41.htm
Reusing existing connection to ekklesiahistory.fttt.org.tw:80.
HTTP request sent, awaiting response... 200 OK
Length: 12555 (12K) [text/html]
Saving to: 'docs_live/big5/book06/chapter41.htm'

     0K .......... ..                                         100% 80.5M=0s

2025-11-07 13:31:59 (80.5 MB/s) - 'docs_live/big5/book06/chapter41.htm' saved [12555/12555]

--2025-11-07 13:31:59--  http://ekklesiahistory.fttt.org.tw/big5/book06/chapter42.htm
Reusing existing connection to ekklesiahistory.fttt.org.tw:80.
HTTP request sent, awaiting response... 200 OK
Length: 6150 (6.0K) [text/html]
Saving to: 'docs_live/big5/book06/chapter42.htm'

     0K ......                                                100%  112M=0s

2025-11-07 13:31:59 (112 MB/s) - 'docs_live/big5/book06/chapter42.htm' saved [6150/6150]

--2025-11-07 13:31:59--  http://ekklesiahistory.fttt.org.tw/big5/book06/chapter43.htm
Reusing existing connection to ekklesiahistory.fttt.org.tw:80.
HTTP request sent, awaiting response... 200 OK
Length: 16079 (16K) [text/html]
Saving to: 'docs_live/big5/book06/chapter43.htm'

     0K .......... .....                                      100%  297M=0s

2025-11-07 13:32:00 (297 MB/s) - 'docs_live/big5/book06/chapter43.htm' saved [16079/16079]

--2025-11-07 13:32:00--  http://ekklesiahistory.fttt.org.tw/big5/book06/chapter44.htm
Reusing existing connection to ekklesiahistory.fttt.org.tw:80.
HTTP request sent, awaiting response... 200 OK
Length: 4289 (4.2K) [text/html]
Saving to: 'docs_live/big5/book06/chapter44.htm'

     0K ....                                                  100% 97.1M=0s

2025-11-07 13:32:00 (97.1 MB/s) - 'docs_live/big5/book06/chapter44.htm' saved [4289/4289]

--2025-11-07 13:32:00--  http://ekklesiahistory.fttt.org.tw/big5/book06/chapter45.htm
Reusing existing connection to ekklesiahistory.fttt.org.tw:80.
HTTP request sent, awaiting response... 200 OK
Length: 2225 (2.2K) [text/html]
Saving to: 'docs_live/big5/book06/chapter45.htm'

     0K ..                                                    100% 86.5M=0s

2025-11-07 13:32:00 (86.5 MB/s) - 'docs_live/big5/book06/chapter45.htm' saved [2225/2225]

--2025-11-07 13:32:00--  http://ekklesiahistory.fttt.org.tw/big5/book06/chapter46.htm
Reusing existing connection to ekklesiahistory.fttt.org.tw:80.
HTTP request sent, awaiting response... 200 OK
Length: 3006 (2.9K) [text/html]
Saving to: 'docs_live/big5/book06/chapter46.htm'

     0K ..                                                    100%  131M=0s

2025-11-07 13:32:00 (131 MB/s) - 'docs_live/big5/book06/chapter46.htm' saved [3006/3006]

--2025-11-07 13:32:00--  http://ekklesiahistory.fttt.org.tw/image/theme06_corner.jpg
Reusing existing connection to ekklesiahistory.fttt.org.tw:80.
HTTP request sent, awaiting response... 200 OK
Length: 11019 (11K) [image/jpeg]
Saving to: 'docs_live/image/theme06_corner.jpg'

     0K ..........                                            100%  130M=0s

2025-11-07 13:32:00 (130 MB/s) - 'docs_live/image/theme06_corner.jpg' saved [11019/11019]

--2025-11-07 13:32:00--  http://ekklesiahistory.fttt.org.tw/image/theme06_left.jpg
Reusing existing connection to ekklesiahistory.fttt.org.tw:80.
HTTP request sent, awaiting response... 200 OK
Length: 4725 (4.6K) [image/jpeg]
Saving to: 'docs_live/image/theme06_left.jpg'

     0K ....                                                  100%  102M=0s

2025-11-07 13:32:00 (102 MB/s) - 'docs_live/image/theme06_left.jpg' saved [4725/4725]

--2025-11-07 13:32:00--  http://ekklesiahistory.fttt.org.tw/image/theme06_top.jpg
Reusing existing connection to ekklesiahistory.fttt.org.tw:80.
HTTP request sent, awaiting response... 200 OK
Length: 8541 (8.3K) [image/jpeg]
Saving to: 'docs_live/image/theme06_top.jpg'

     0K ........                                              100% 62.4M=0s

2025-11-07 13:32:00 (62.4 MB/s) - 'docs_live/image/theme06_top.jpg' saved [8541/8541]

--2025-11-07 13:32:00--  http://ekklesiahistory.fttt.org.tw/image/theme06_main.jpg
Reusing existing connection to ekklesiahistory.fttt.org.tw:80.
HTTP request sent, awaiting response... 200 OK
Length: 24525 (24K) [image/jpeg]
Saving to: 'docs_live/image/theme06_main.jpg'

     0K .......... .......... ...                             100%  229M=0s

2025-11-07 13:32:00 (229 MB/s) - 'docs_live/image/theme06_main.jpg' saved [24525/24525]

--2025-11-07 13:32:00--  http://ekklesiahistory.fttt.org.tw/big5/book07/chapter00.htm
Reusing existing connection to ekklesiahistory.fttt.org.tw:80.
HTTP request sent, awaiting response... 200 OK
Length: 1538 (1.5K) [text/html]
Saving to: 'docs_live/big5/book07/chapter00.htm'

     0K .                                                     100%  208M=0s

2025-11-07 13:32:00 (208 MB/s) - 'docs_live/big5/book07/chapter00.htm' saved [1538/1538]

--2025-11-07 13:32:00--  http://ekklesiahistory.fttt.org.tw/big5/book07/chapter01.htm
Reusing existing connection to ekklesiahistory.fttt.org.tw:80.
HTTP request sent, awaiting response... 200 OK
Length: 2621 (2.6K) [text/html]
Saving to: 'docs_live/big5/book07/chapter01.htm'

     0K ..                                                    100%  263M=0s

2025-11-07 13:32:01 (263 MB/s) - 'docs_live/big5/book07/chapter01.htm' saved [2621/2621]

--2025-11-07 13:32:01--  http://ekklesiahistory.fttt.org.tw/big5/book07/chapter02.htm
Reusing existing connection to ekklesiahistory.fttt.org.tw:80.
HTTP request sent, awaiting response... 200 OK
Length: 1778 (1.7K) [text/html]
Saving to: 'docs_live/big5/book07/chapter02.htm'

     0K .                                                     100% 82.0M=0s

2025-11-07 13:32:01 (82.0 MB/s) - 'docs_live/big5/book07/chapter02.htm' saved [1778/1778]

--2025-11-07 13:32:01--  http://ekklesiahistory.fttt.org.tw/big5/book07/chapter03.htm
Reusing existing connection to ekklesiahistory.fttt.org.tw:80.
HTTP request sent, awaiting response... 200 OK
Length: 2636 (2.6K) [text/html]
Saving to: 'docs_live/big5/book07/chapter03.htm'

     0K ..                                                    100%  117M=0s

2025-11-07 13:32:01 (117 MB/s) - 'docs_live/big5/book07/chapter03.htm' saved [2636/2636]

--2025-11-07 13:32:01--  http://ekklesiahistory.fttt.org.tw/big5/book07/chapter04.htm
Reusing existing connection to ekklesiahistory.fttt.org.tw:80.
HTTP request sent, awaiting response... 200 OK
Length: 2017 (2.0K) [text/html]
Saving to: 'docs_live/big5/book07/chapter04.htm'

     0K .                                                     100% 75.1M=0s

2025-11-07 13:32:01 (75.1 MB/s) - 'docs_live/big5/book07/chapter04.htm' saved [2017/2017]

--2025-11-07 13:32:01--  http://ekklesiahistory.fttt.org.tw/big5/book07/chapter05.htm
Reusing existing connection to ekklesiahistory.fttt.org.tw:80.
HTTP request sent, awaiting response... 200 OK
Length: 4034 (3.9K) [text/html]
Saving to: 'docs_live/big5/book07/chapter05.htm'

     0K ...                                                   100%  117M=0s

2025-11-07 13:32:01 (117 MB/s) - 'docs_live/big5/book07/chapter05.htm' saved [4034/4034]

--2025-11-07 13:32:01--  http://ekklesiahistory.fttt.org.tw/big5/book07/chapter06.htm
Reusing existing connection to ekklesiahistory.fttt.org.tw:80.
HTTP request sent, awaiting response... 200 OK
Length: 3026 (3.0K) [text/html]
Saving to: 'docs_live/big5/book07/chapter06.htm'

     0K ..                                                    100%  108M=0s

2025-11-07 13:32:01 (108 MB/s) - 'docs_live/big5/book07/chapter06.htm' saved [3026/3026]

--2025-11-07 13:32:01--  http://ekklesiahistory.fttt.org.tw/big5/book07/chapter07.htm
Reusing existing connection to ekklesiahistory.fttt.org.tw:80.
HTTP request sent, awaiting response... 200 OK
Length: 5305 (5.2K) [text/html]
Saving to: 'docs_live/big5/book07/chapter07.htm'

     0K .....                                                 100%  180M=0s

2025-11-07 13:32:01 (180 MB/s) - 'docs_live/big5/book07/chapter07.htm' saved [5305/5305]

--2025-11-07 13:32:01--  http://ekklesiahistory.fttt.org.tw/big5/book07/chapter08.htm
Reusing existing connection to ekklesiahistory.fttt.org.tw:80.
HTTP request sent, awaiting response... 200 OK
Length: 2487 (2.4K) [text/html]
Saving to: 'docs_live/big5/book07/chapter08.htm'

     0K ..                                                    100%  175M=0s

2025-11-07 13:32:01 (175 MB/s) - 'docs_live/big5/book07/chapter08.htm' saved [2487/2487]

--2025-11-07 13:32:01--  http://ekklesiahistory.fttt.org.tw/big5/book07/chapter09.htm
Reusing existing connection to ekklesiahistory.fttt.org.tw:80.
HTTP request sent, awaiting response... 200 OK
Length: 3705 (3.6K) [text/html]
Saving to: 'docs_live/big5/book07/chapter09.htm'

     0K ...                                                   100% 92.4M=0s

2025-11-07 13:32:01 (92.4 MB/s) - 'docs_live/big5/book07/chapter09.htm' saved [3705/3705]

--2025-11-07 13:32:01--  http://ekklesiahistory.fttt.org.tw/big5/book07/chapter10.htm
Reusing existing connection to ekklesiahistory.fttt.org.tw:80.
HTTP request sent, awaiting response... 200 OK
Length: 8960 (8.8K) [text/html]
Saving to: 'docs_live/big5/book07/chapter10.htm'

     0K ........                                              100% 92.6M=0s

2025-11-07 13:32:02 (92.6 MB/s) - 'docs_live/big5/book07/chapter10.htm' saved [8960/8960]

--2025-11-07 13:32:02--  http://ekklesiahistory.fttt.org.tw/big5/book07/chapter11.htm
Reusing existing connection to ekklesiahistory.fttt.org.tw:80.
HTTP request sent, awaiting response... 200 OK
Length: 16002 (16K) [text/html]
Saving to: 'docs_live/big5/book07/chapter11.htm'

     0K .......... .....                                      100%  134M=0s

2025-11-07 13:32:02 (134 MB/s) - 'docs_live/big5/book07/chapter11.htm' saved [16002/16002]

--2025-11-07 13:32:02--  http://ekklesiahistory.fttt.org.tw/big5/book07/chapter12.htm
Reusing existing connection to ekklesiahistory.fttt.org.tw:80.
HTTP request sent, awaiting response... 200 OK
Length: 1985 (1.9K) [text/html]
Saving to: 'docs_live/big5/book07/chapter12.htm'

     0K .                                                     100% 74.5M=0s

2025-11-07 13:32:02 (74.5 MB/s) - 'docs_live/big5/book07/chapter12.htm' saved [1985/1985]

--2025-11-07 13:32:02--  http://ekklesiahistory.fttt.org.tw/big5/book07/chapter13.htm
Reusing existing connection to ekklesiahistory.fttt.org.tw:80.
HTTP request sent, awaiting response... 200 OK
Length: 2974 (2.9K) [text/html]
Saving to: 'docs_live/big5/book07/chapter13.htm'

     0K ..                                                    100%  131M=0s

2025-11-07 13:32:02 (131 MB/s) - 'docs_live/big5/book07/chapter13.htm' saved [2974/2974]

--2025-11-07 13:32:02--  http://ekklesiahistory.fttt.org.tw/big5/book07/chapter14.htm
Reusing existing connection to ekklesiahistory.fttt.org.tw:80.
HTTP request sent, awaiting response... 200 OK
Length: 1924 (1.9K) [text/html]
Saving to: 'docs_live/big5/book07/chapter14.htm'

     0K .                                                     100% 94.1M=0s

2025-11-07 13:32:02 (94.1 MB/s) - 'docs_live/big5/book07/chapter14.htm' saved [1924/1924]

--2025-11-07 13:32:02--  http://ekklesiahistory.fttt.org.tw/big5/book07/chapter15.htm
Reusing existing connection to ekklesiahistory.fttt.org.tw:80.
HTTP request sent, awaiting response... 200 OK
Length: 3666 (3.6K) [text/html]
Saving to: 'docs_live/big5/book07/chapter15.htm'

     0K ...                                                   100%  304M=0s

2025-11-07 13:32:02 (304 MB/s) - 'docs_live/big5/book07/chapter15.htm' saved [3666/3666]

--2025-11-07 13:32:02--  http://ekklesiahistory.fttt.org.tw/big5/book07/chapter16.htm
Reusing existing connection to ekklesiahistory.fttt.org.tw:80.
HTTP request sent, awaiting response... 200 OK
Length: 1795 (1.8K) [text/html]
Saving to: 'docs_live/big5/book07/chapter16.htm'

     0K .                                                     100%  108M=0s

2025-11-07 13:32:02 (108 MB/s) - 'docs_live/big5/book07/chapter16.htm' saved [1795/1795]

--2025-11-07 13:32:02--  http://ekklesiahistory.fttt.org.tw/big5/book07/chapter17.htm
Reusing existing connection to ekklesiahistory.fttt.org.tw:80.
HTTP request sent, awaiting response... 200 OK
Length: 2065 (2.0K) [text/html]
Saving to: 'docs_live/big5/book07/chapter17.htm'

     0K ..                                                    100%  118M=0s

2025-11-07 13:32:02 (118 MB/s) - 'docs_live/big5/book07/chapter17.htm' saved [2065/2065]

--2025-11-07 13:32:02--  http://ekklesiahistory.fttt.org.tw/big5/book07/chapter18.htm
Reusing existing connection to ekklesiahistory.fttt.org.tw:80.
HTTP request sent, awaiting response... 200 OK
Length: 3826 (3.7K) [text/html]
Saving to: 'docs_live/big5/book07/chapter18.htm'

     0K ...                                                   100%  162M=0s

2025-11-07 13:32:02 (162 MB/s) - 'docs_live/big5/book07/chapter18.htm' saved [3826/3826]

--2025-11-07 13:32:02--  http://ekklesiahistory.fttt.org.tw/big5/book07/chapter19.htm
Reusing existing connection to ekklesiahistory.fttt.org.tw:80.
HTTP request sent, awaiting response... 200 OK
Length: 2656 (2.6K) [text/html]
Saving to: 'docs_live/big5/book07/chapter19.htm'

     0K ..                                                    100%  229M=0s

2025-11-07 13:32:02 (229 MB/s) - 'docs_live/big5/book07/chapter19.htm' saved [2656/2656]

--2025-11-07 13:32:02--  http://ekklesiahistory.fttt.org.tw/big5/book07/chapter20.htm
Reusing existing connection to ekklesiahistory.fttt.org.tw:80.
HTTP request sent, awaiting response... 200 OK
Length: 3131 (3.1K) [text/html]
Saving to: 'docs_live/big5/book07/chapter20.htm'

     0K ...                                                   100%  242M=0s

2025-11-07 13:32:03 (242 MB/s) - 'docs_live/big5/book07/chapter20.htm' saved [3131/3131]

--2025-11-07 13:32:03--  http://ekklesiahistory.fttt.org.tw/big5/book07/chapter21.htm
Reusing existing connection to ekklesiahistory.fttt.org.tw:80.
HTTP request sent, awaiting response... 200 OK
Length: 5256 (5.1K) [text/html]
Saving to: 'docs_live/big5/book07/chapter21.htm'

     0K .....                                                 100% 18.7M=0s

2025-11-07 13:32:03 (18.7 MB/s) - 'docs_live/big5/book07/chapter21.htm' saved [5256/5256]

--2025-11-07 13:32:03--  http://ekklesiahistory.fttt.org.tw/big5/book07/chapter22.htm
Reusing existing connection to ekklesiahistory.fttt.org.tw:80.
HTTP request sent, awaiting response... 200 OK
Length: 5506 (5.4K) [text/html]
Saving to: 'docs_live/big5/book07/chapter22.htm'

     0K .....                                                 100% 83.4M=0s

2025-11-07 13:32:03 (83.4 MB/s) - 'docs_live/big5/book07/chapter22.htm' saved [5506/5506]

--2025-11-07 13:32:03--  http://ekklesiahistory.fttt.org.tw/big5/book07/chapter23.htm
Reusing existing connection to ekklesiahistory.fttt.org.tw:80.
HTTP request sent, awaiting response... 200 OK
Length: 2943 (2.9K) [text/html]
Saving to: 'docs_live/big5/book07/chapter23.htm'

     0K ..                                                    100%  154M=0s

2025-11-07 13:32:03 (154 MB/s) - 'docs_live/big5/book07/chapter23.htm' saved [2943/2943]

--2025-11-07 13:32:03--  http://ekklesiahistory.fttt.org.tw/big5/book07/chapter24.htm
Reusing existing connection to ekklesiahistory.fttt.org.tw:80.
HTTP request sent, awaiting response... 200 OK
Length: 6592 (6.4K) [text/html]
Saving to: 'docs_live/big5/book07/chapter24.htm'

     0K ......                                                100%  188M=0s

2025-11-07 13:32:03 (188 MB/s) - 'docs_live/big5/book07/chapter24.htm' saved [6592/6592]

--2025-11-07 13:32:03--  http://ekklesiahistory.fttt.org.tw/big5/book07/chapter25.htm
Reusing existing connection to ekklesiahistory.fttt.org.tw:80.
HTTP request sent, awaiting response... 200 OK
Length: 16741 (16K) [text/html]
Saving to: 'docs_live/big5/book07/chapter25.htm'

     0K .......... ......                                     100%  144M=0s

2025-11-07 13:32:03 (144 MB/s) - 'docs_live/big5/book07/chapter25.htm' saved [16741/16741]

--2025-11-07 13:32:03--  http://ekklesiahistory.fttt.org.tw/big5/book07/chapter26.htm
Reusing existing connection to ekklesiahistory.fttt.org.tw:80.
HTTP request sent, awaiting response... 200 OK
Length: 2520 (2.5K) [text/html]
Saving to: 'docs_live/big5/book07/chapter26.htm'

     0K ..                                                    100%  218M=0s

2025-11-07 13:32:03 (218 MB/s) - 'docs_live/big5/book07/chapter26.htm' saved [2520/2520]

--2025-11-07 13:32:03--  http://ekklesiahistory.fttt.org.tw/big5/book07/chapter27.htm
Reusing existing connection to ekklesiahistory.fttt.org.tw:80.
HTTP request sent, awaiting response... 200 OK
Length: 3732 (3.6K) [text/html]
Saving to: 'docs_live/big5/book07/chapter27.htm'

     0K ...                                                   100%  110M=0s

2025-11-07 13:32:03 (110 MB/s) - 'docs_live/big5/book07/chapter27.htm' saved [3732/3732]

--2025-11-07 13:32:03--  http://ekklesiahistory.fttt.org.tw/big5/book07/chapter28.htm
Reusing existing connection to ekklesiahistory.fttt.org.tw:80.
HTTP request sent, awaiting response... 200 OK
Length: 3352 (3.3K) [text/html]
Saving to: 'docs_live/big5/book07/chapter28.htm'

     0K ...                                                   100%  248M=0s

2025-11-07 13:32:03 (248 MB/s) - 'docs_live/big5/book07/chapter28.htm' saved [3352/3352]

--2025-11-07 13:32:03--  http://ekklesiahistory.fttt.org.tw/big5/book07/chapter29.htm
Reusing existing connection to ekklesiahistory.fttt.org.tw:80.
HTTP request sent, awaiting response... 200 OK
Length: 2180 (2.1K) [text/html]
Saving to: 'docs_live/big5/book07/chapter29.htm'

     0K ..                                                    100% 77.4M=0s

2025-11-07 13:32:04 (77.4 MB/s) - 'docs_live/big5/book07/chapter29.htm' saved [2180/2180]

--2025-11-07 13:32:04--  http://ekklesiahistory.fttt.org.tw/big5/book07/chapter30.htm
Reusing existing connection to ekklesiahistory.fttt.org.tw:80.
HTTP request sent, awaiting response... 200 OK
Length: 12516 (12K) [text/html]
Saving to: 'docs_live/big5/book07/chapter30.htm'

     0K .......... ..                                         100% 18.1M=0.001s

2025-11-07 13:32:04 (18.1 MB/s) - 'docs_live/big5/book07/chapter30.htm' saved [12516/12516]

--2025-11-07 13:32:04--  http://ekklesiahistory.fttt.org.tw/big5/book07/chapter31.htm
Reusing existing connection to ekklesiahistory.fttt.org.tw:80.
HTTP request sent, awaiting response... 200 OK
Length: 3570 (3.5K) [text/html]
Saving to: 'docs_live/big5/book07/chapter31.htm'

     0K ...                                                   100%  173M=0s

2025-11-07 13:32:04 (173 MB/s) - 'docs_live/big5/book07/chapter31.htm' saved [3570/3570]

--2025-11-07 13:32:04--  http://ekklesiahistory.fttt.org.tw/big5/book07/chapter32.htm
Reusing existing connection to ekklesiahistory.fttt.org.tw:80.
HTTP request sent, awaiting response... 200 OK
Length: 20938 (20K) [text/html]
Saving to: 'docs_live/big5/book07/chapter32.htm'

     0K .......... ..........                                 100%  124M=0s

2025-11-07 13:32:04 (124 MB/s) - 'docs_live/big5/book07/chapter32.htm' saved [20938/20938]

--2025-11-07 13:32:04--  http://ekklesiahistory.fttt.org.tw/image/theme07_corner.jpg
Reusing existing connection to ekklesiahistory.fttt.org.tw:80.
HTTP request sent, awaiting response... 200 OK
Length: 10075 (9.8K) [image/jpeg]
Saving to: 'docs_live/image/theme07_corner.jpg'

     0K .........                                             100%  995K=0.01s

2025-11-07 13:32:04 (995 KB/s) - 'docs_live/image/theme07_corner.jpg' saved [10075/10075]

--2025-11-07 13:32:04--  http://ekklesiahistory.fttt.org.tw/image/theme07_left.jpg
Reusing existing connection to ekklesiahistory.fttt.org.tw:80.
HTTP request sent, awaiting response... 200 OK
Length: 3719 (3.6K) [image/jpeg]
Saving to: 'docs_live/image/theme07_left.jpg'

     0K ...                                                   100%  242M=0s

2025-11-07 13:32:04 (242 MB/s) - 'docs_live/image/theme07_left.jpg' saved [3719/3719]

--2025-11-07 13:32:04--  http://ekklesiahistory.fttt.org.tw/image/theme07_top.jpg
Reusing existing connection to ekklesiahistory.fttt.org.tw:80.
HTTP request sent, awaiting response... 200 OK
Length: 8562 (8.4K) [image/jpeg]
Saving to: 'docs_live/image/theme07_top.jpg'

     0K ........                                              100%  193M=0s

2025-11-07 13:32:04 (193 MB/s) - 'docs_live/image/theme07_top.jpg' saved [8562/8562]

--2025-11-07 13:32:04--  http://ekklesiahistory.fttt.org.tw/image/theme07_main.jpg
Reusing existing connection to ekklesiahistory.fttt.org.tw:80.
HTTP request sent, awaiting response... 200 OK
Length: 24675 (24K) [image/jpeg]
Saving to: 'docs_live/image/theme07_main.jpg'

     0K .......... .......... ....                            100%  175M=0s

2025-11-07 13:32:04 (175 MB/s) - 'docs_live/image/theme07_main.jpg' saved [24675/24675]

--2025-11-07 13:32:04--  http://ekklesiahistory.fttt.org.tw/big5/book08/chapter00.htm
Reusing existing connection to ekklesiahistory.fttt.org.tw:80.
HTTP request sent, awaiting response... 200 OK
Length: 1580 (1.5K) [text/html]
Saving to: 'docs_live/big5/book08/chapter00.htm'

     0K .                                                     100% 69.8M=0s

2025-11-07 13:32:04 (69.8 MB/s) - 'docs_live/big5/book08/chapter00.htm' saved [1580/1580]

--2025-11-07 13:32:04--  http://ekklesiahistory.fttt.org.tw/big5/book08/chapter01.htm
Reusing existing connection to ekklesiahistory.fttt.org.tw:80.
HTTP request sent, awaiting response... 200 OK
Length: 6605 (6.5K) [text/html]
Saving to: 'docs_live/big5/book08/chapter01.htm'

     0K ......                                                100%  176M=0s

2025-11-07 13:32:05 (176 MB/s) - 'docs_live/big5/book08/chapter01.htm' saved [6605/6605]

--2025-11-07 13:32:05--  http://ekklesiahistory.fttt.org.tw/big5/book08/chapter02.htm
Reusing existing connection to ekklesiahistory.fttt.org.tw:80.
HTTP request sent, awaiting response... 200 OK
Length: 5423 (5.3K) [text/html]
Saving to: 'docs_live/big5/book08/chapter02.htm'

     0K .....                                                 100%  141M=0s

2025-11-07 13:32:05 (141 MB/s) - 'docs_live/big5/book08/chapter02.htm' saved [5423/5423]

--2025-11-07 13:32:05--  http://ekklesiahistory.fttt.org.tw/big5/book08/chapter03.htm
Reusing existing connection to ekklesiahistory.fttt.org.tw:80.
HTTP request sent, awaiting response... 200 OK
Length: 3045 (3.0K) [text/html]
Saving to: 'docs_live/big5/book08/chapter03.htm'

     0K ..                                                    100%  113M=0s

2025-11-07 13:32:05 (113 MB/s) - 'docs_live/big5/book08/chapter03.htm' saved [3045/3045]

--2025-11-07 13:32:05--  http://ekklesiahistory.fttt.org.tw/big5/book08/chapter04.htm
Reusing existing connection to ekklesiahistory.fttt.org.tw:80.
HTTP request sent, awaiting response... 200 OK
Length: 4035 (3.9K) [text/html]
Saving to: 'docs_live/big5/book08/chapter04.htm'

     0K ...                                                   100% 74.2M=0s

2025-11-07 13:32:05 (74.2 MB/s) - 'docs_live/big5/book08/chapter04.htm' saved [4035/4035]

--2025-11-07 13:32:05--  http://ekklesiahistory.fttt.org.tw/big5/book08/chapter05.htm
Reusing existing connection to ekklesiahistory.fttt.org.tw:80.
HTTP request sent, awaiting response... 200 OK
Length: 2082 (2.0K) [text/html]
Saving to: 'docs_live/big5/book08/chapter05.htm'

     0K ..                                                    100% 22.8M=0s

2025-11-07 13:32:05 (22.8 MB/s) - 'docs_live/big5/book08/chapter05.htm' saved [2082/2082]

--2025-11-07 13:32:05--  http://ekklesiahistory.fttt.org.tw/big5/book08/chapter06.htm
Reusing existing connection to ekklesiahistory.fttt.org.tw:80.
HTTP request sent, awaiting response... 200 OK
Length: 8077 (7.9K) [text/html]
Saving to: 'docs_live/big5/book08/chapter06.htm'

     0K .......                                               100%  150M=0s

2025-11-07 13:32:05 (150 MB/s) - 'docs_live/big5/book08/chapter06.htm' saved [8077/8077]

--2025-11-07 13:32:05--  http://ekklesiahistory.fttt.org.tw/big5/book08/chapter07.htm
Reusing existing connection to ekklesiahistory.fttt.org.tw:80.
HTTP request sent, awaiting response... 200 OK
Length: 5023 (4.9K) [text/html]
Saving to: 'docs_live/big5/book08/chapter07.htm'

     0K ....                                                  100% 46.7M=0s

2025-11-07 13:32:05 (46.7 MB/s) - 'docs_live/big5/book08/chapter07.htm' saved [5023/5023]

--2025-11-07 13:32:05--  http://ekklesiahistory.fttt.org.tw/big5/book08/chapter08.htm
Reusing existing connection to ekklesiahistory.fttt.org.tw:80.
HTTP request sent, awaiting response... 200 OK
Length: 2680 (2.6K) [text/html]
Saving to: 'docs_live/big5/book08/chapter08.htm'

     0K ..                                                    100%  103M=0s

2025-11-07 13:32:05 (103 MB/s) - 'docs_live/big5/book08/chapter08.htm' saved [2680/2680]

--2025-11-07 13:32:05--  http://ekklesiahistory.fttt.org.tw/big5/book08/chapter09.htm
Reusing existing connection to ekklesiahistory.fttt.org.tw:80.
HTTP request sent, awaiting response... 200 OK
Length: 5513 (5.4K) [text/html]
Saving to: 'docs_live/big5/book08/chapter09.htm'

     0K .....                                                 100%  102M=0s

2025-11-07 13:32:05 (102 MB/s) - 'docs_live/big5/book08/chapter09.htm' saved [5513/5513]

--2025-11-07 13:32:05--  http://ekklesiahistory.fttt.org.tw/big5/book08/chapter10.htm
Reusing existing connection to ekklesiahistory.fttt.org.tw:80.
HTTP request sent, awaiting response... 200 OK
Length: 7753 (7.6K) [text/html]
Saving to: 'docs_live/big5/book08/chapter10.htm'

     0K .......                                               100%  238M=0s

2025-11-07 13:32:06 (238 MB/s) - 'docs_live/big5/book08/chapter10.htm' saved [7753/7753]

--2025-11-07 13:32:06--  http://ekklesiahistory.fttt.org.tw/big5/book08/chapter11.htm
Reusing existing connection to ekklesiahistory.fttt.org.tw:80.
HTTP request sent, awaiting response... 200 OK
Length: 3148 (3.1K) [text/html]
Saving to: 'docs_live/big5/book08/chapter11.htm'

     0K ...                                                   100%  133M=0s

2025-11-07 13:32:06 (133 MB/s) - 'docs_live/big5/book08/chapter11.htm' saved [3148/3148]

--2025-11-07 13:32:06--  http://ekklesiahistory.fttt.org.tw/big5/book08/chapter12.htm
Reusing existing connection to ekklesiahistory.fttt.org.tw:80.
HTTP request sent, awaiting response... 200 OK
Length: 8040 (7.9K) [text/html]
Saving to: 'docs_live/big5/book08/chapter12.htm'

     0K .......                                               100% 77.2M=0s

2025-11-07 13:32:06 (77.2 MB/s) - 'docs_live/big5/book08/chapter12.htm' saved [8040/8040]

--2025-11-07 13:32:06--  http://ekklesiahistory.fttt.org.tw/big5/book08/chapter13.htm
Reusing existing connection to ekklesiahistory.fttt.org.tw:80.
HTTP request sent, awaiting response... 200 OK
Length: 14074 (14K) [text/html]
Saving to: 'docs_live/big5/book08/chapter13.htm'

     0K .......... ...                                        100% 70.2M=0s

2025-11-07 13:32:06 (70.2 MB/s) - 'docs_live/big5/book08/chapter13.htm' saved [14074/14074]

--2025-11-07 13:32:06--  http://ekklesiahistory.fttt.org.tw/big5/book08/chapter14.htm
Reusing existing connection to ekklesiahistory.fttt.org.tw:80.
HTTP request sent, awaiting response... 200 OK
Length: 10175 (9.9K) [text/html]
Saving to: 'docs_live/big5/book08/chapter14.htm'

     0K .........                                             100% 64.8M=0s

2025-11-07 13:32:06 (64.8 MB/s) - 'docs_live/big5/book08/chapter14.htm' saved [10175/10175]

--2025-11-07 13:32:06--  http://ekklesiahistory.fttt.org.tw/big5/book08/chapter15.htm
Reusing existing connection to ekklesiahistory.fttt.org.tw:80.
HTTP request sent, awaiting response... 200 OK
Length: 2717 (2.7K) [text/html]
Saving to: 'docs_live/big5/book08/chapter15.htm'

     0K ..                                                    100%  126M=0s

2025-11-07 13:32:06 (126 MB/s) - 'docs_live/big5/book08/chapter15.htm' saved [2717/2717]

--2025-11-07 13:32:06--  http://ekklesiahistory.fttt.org.tw/big5/book08/chapter16.htm
Reusing existing connection to ekklesiahistory.fttt.org.tw:80.
HTTP request sent, awaiting response... 200 OK
Length: 4186 (4.1K) [text/html]
Saving to: 'docs_live/big5/book08/chapter16.htm'

     0K ....                                                  100%  125M=0s

2025-11-07 13:32:06 (125 MB/s) - 'docs_live/big5/book08/chapter16.htm' saved [4186/4186]

--2025-11-07 13:32:06--  http://ekklesiahistory.fttt.org.tw/big5/book08/chapter17.htm
Reusing existing connection to ekklesiahistory.fttt.org.tw:80.
HTTP request sent, awaiting response... 200 OK
Length: 9028 (8.8K) [text/html]
Saving to: 'docs_live/big5/book08/chapter17.htm'

     0K ........                                              100% 57.7M=0s

2025-11-07 13:32:06 (57.7 MB/s) - 'docs_live/big5/book08/chapter17.htm' saved [9028/9028]

--2025-11-07 13:32:06--  http://ekklesiahistory.fttt.org.tw/image/theme09_corner.jpg
Reusing existing connection to ekklesiahistory.fttt.org.tw:80.
HTTP request sent, awaiting response... 200 OK
Length: 10796 (11K) [image/jpeg]
Saving to: 'docs_live/image/theme09_corner.jpg'

     0K ..........                                            100%  204M=0s

2025-11-07 13:32:06 (204 MB/s) - 'docs_live/image/theme09_corner.jpg' saved [10796/10796]

--2025-11-07 13:32:06--  http://ekklesiahistory.fttt.org.tw/image/theme09_left.jpg
Reusing existing connection to ekklesiahistory.fttt.org.tw:80.
HTTP request sent, awaiting response... 200 OK
Length: 4753 (4.6K) [image/jpeg]
Saving to: 'docs_live/image/theme09_left.jpg'

     0K ....                                                  100% 94.5M=0s

2025-11-07 13:32:06 (94.5 MB/s) - 'docs_live/image/theme09_left.jpg' saved [4753/4753]

--2025-11-07 13:32:06--  http://ekklesiahistory.fttt.org.tw/image/theme09_top.jpg
Reusing existing connection to ekklesiahistory.fttt.org.tw:80.
HTTP request sent, awaiting response... 200 OK
Length: 10566 (10K) [image/jpeg]
Saving to: 'docs_live/image/theme09_top.jpg'

     0K ..........                                            100% 81.8M=0s

2025-11-07 13:32:07 (81.8 MB/s) - 'docs_live/image/theme09_top.jpg' saved [10566/10566]

--2025-11-07 13:32:07--  http://ekklesiahistory.fttt.org.tw/image/theme09_main.jpg
Reusing existing connection to ekklesiahistory.fttt.org.tw:80.
HTTP request sent, awaiting response... 200 OK
Length: 22308 (22K) [image/jpeg]
Saving to: 'docs_live/image/theme09_main.jpg'

     0K .......... .......... .                               100%  226M=0s

2025-11-07 13:32:07 (226 MB/s) - 'docs_live/image/theme09_main.jpg' saved [22308/22308]

--2025-11-07 13:32:07--  http://ekklesiahistory.fttt.org.tw/big5/book09/chapter01.htm
Reusing existing connection to ekklesiahistory.fttt.org.tw:80.
HTTP request sent, awaiting response... 200 OK
Length: 6352 (6.2K) [text/html]
Saving to: 'docs_live/big5/book09/chapter01.htm'

     0K ......                                                100%  247M=0s

2025-11-07 13:32:07 (247 MB/s) - 'docs_live/big5/book09/chapter01.htm' saved [6352/6352]

--2025-11-07 13:32:07--  http://ekklesiahistory.fttt.org.tw/big5/book09/chapter02.htm
Reusing existing connection to ekklesiahistory.fttt.org.tw:80.
HTTP request sent, awaiting response... 200 OK
Length: 3189 (3.1K) [text/html]
Saving to: 'docs_live/big5/book09/chapter02.htm'

     0K ...                                                   100%  144M=0s

2025-11-07 13:32:07 (144 MB/s) - 'docs_live/big5/book09/chapter02.htm' saved [3189/3189]

--2025-11-07 13:32:07--  http://ekklesiahistory.fttt.org.tw/big5/book09/chapter03.htm
Reusing existing connection to ekklesiahistory.fttt.org.tw:80.
HTTP request sent, awaiting response... 200 OK
Length: 2336 (2.3K) [text/html]
Saving to: 'docs_live/big5/book09/chapter03.htm'

     0K ..                                                    100%  113M=0s

2025-11-07 13:32:07 (113 MB/s) - 'docs_live/big5/book09/chapter03.htm' saved [2336/2336]

--2025-11-07 13:32:07--  http://ekklesiahistory.fttt.org.tw/big5/book09/chapter04.htm
Reusing existing connection to ekklesiahistory.fttt.org.tw:80.
HTTP request sent, awaiting response... 200 OK
Length: 3130 (3.1K) [text/html]
Saving to: 'docs_live/big5/book09/chapter04.htm'

     0K ...                                                   100%  144M=0s

2025-11-07 13:32:07 (144 MB/s) - 'docs_live/big5/book09/chapter04.htm' saved [3130/3130]

--2025-11-07 13:32:07--  http://ekklesiahistory.fttt.org.tw/big5/book09/chapter05.htm
Reusing existing connection to ekklesiahistory.fttt.org.tw:80.
HTTP request sent, awaiting response... 200 OK
Length: 2671 (2.6K) [text/html]
Saving to: 'docs_live/big5/book09/chapter05.htm'

     0K ..                                                    100% 81.4M=0s

2025-11-07 13:32:07 (81.4 MB/s) - 'docs_live/big5/book09/chapter05.htm' saved [2671/2671]

--2025-11-07 13:32:07--  http://ekklesiahistory.fttt.org.tw/big5/book09/chapter06.htm
Reusing existing connection to ekklesiahistory.fttt.org.tw:80.
HTTP request sent, awaiting response... 200 OK
Length: 2981 (2.9K) [text/html]
Saving to: 'docs_live/big5/book09/chapter06.htm'

     0K ..                                                    100%  151M=0s

2025-11-07 13:32:07 (151 MB/s) - 'docs_live/big5/book09/chapter06.htm' saved [2981/2981]

--2025-11-07 13:32:07--  http://ekklesiahistory.fttt.org.tw/big5/book09/chapter07.htm
Reusing existing connection to ekklesiahistory.fttt.org.tw:80.
HTTP request sent, awaiting response... 200 OK
Length: 8889 (8.7K) [text/html]
Saving to: 'docs_live/big5/book09/chapter07.htm'

     0K ........                                              100%  163M=0s

2025-11-07 13:32:07 (163 MB/s) - 'docs_live/big5/book09/chapter07.htm' saved [8889/8889]

--2025-11-07 13:32:07--  http://ekklesiahistory.fttt.org.tw/big5/book09/chapter08.htm
Reusing existing connection to ekklesiahistory.fttt.org.tw:80.
HTTP request sent, awaiting response... 200 OK
Length: 7286 (7.1K) [text/html]
Saving to: 'docs_live/big5/book09/chapter08.htm'

     0K .......                                               100%  253M=0s

2025-11-07 13:32:08 (253 MB/s) - 'docs_live/big5/book09/chapter08.htm' saved [7286/7286]

--2025-11-07 13:32:08--  http://ekklesiahistory.fttt.org.tw/big5/book09/chapter09.htm
Reusing existing connection to ekklesiahistory.fttt.org.tw:80.
HTTP request sent, awaiting response... 200 OK
Length: 13980 (14K) [text/html]
Saving to: 'docs_live/big5/book09/chapter09.htm'

     0K .......... ...                                        100% 89.7M=0s

2025-11-07 13:32:08 (89.7 MB/s) - 'docs_live/big5/book09/chapter09.htm' saved [13980/13980]

--2025-11-07 13:32:08--  http://ekklesiahistory.fttt.org.tw/big5/book09/chapter10.htm
Reusing existing connection to ekklesiahistory.fttt.org.tw:80.
HTTP request sent, awaiting response... 200 OK
Length: 9045 (8.8K) [text/html]
Saving to: 'docs_live/big5/book09/chapter10.htm'

     0K ........                                              100% 66.5M=0s

2025-11-07 13:32:08 (66.5 MB/s) - 'docs_live/big5/book09/chapter10.htm' saved [9045/9045]

--2025-11-07 13:32:08--  http://ekklesiahistory.fttt.org.tw/big5/book09/chapter11.htm
Reusing existing connection to ekklesiahistory.fttt.org.tw:80.
HTTP request sent, awaiting response... 200 OK
Length: 5999 (5.9K) [text/html]
Saving to: 'docs_live/big5/book09/chapter11.htm'

     0K .....                                                 100%  179M=0s

2025-11-07 13:32:08 (179 MB/s) - 'docs_live/big5/book09/chapter11.htm' saved [5999/5999]

--2025-11-07 13:32:08--  http://ekklesiahistory.fttt.org.tw/big5/book10/chapter01.htm
Reusing existing connection to ekklesiahistory.fttt.org.tw:80.
HTTP request sent, awaiting response... 200 OK
Length: 6567 (6.4K) [text/html]
Saving to: 'docs_live/big5/book10/chapter01.htm'

     0K ......                                                100%  166M=0s

2025-11-07 13:32:08 (166 MB/s) - 'docs_live/big5/book10/chapter01.htm' saved [6567/6567]

--2025-11-07 13:32:08--  http://ekklesiahistory.fttt.org.tw/big5/book10/chapter02.htm
Reusing existing connection to ekklesiahistory.fttt.org.tw:80.
HTTP request sent, awaiting response... 200 OK
Length: 2592 (2.5K) [text/html]
Saving to: 'docs_live/big5/book10/chapter02.htm'

     0K ..                                                    100% 87.0M=0s

2025-11-07 13:32:08 (87.0 MB/s) - 'docs_live/big5/book10/chapter02.htm' saved [2592/2592]

--2025-11-07 13:32:08--  http://ekklesiahistory.fttt.org.tw/big5/book10/chapter03.htm
Reusing existing connection to ekklesiahistory.fttt.org.tw:80.
HTTP request sent, awaiting response... 200 OK
Length: 3044 (3.0K) [text/html]
Saving to: 'docs_live/big5/book10/chapter03.htm'

     0K ..                                                    100%  172M=0s

2025-11-07 13:32:08 (172 MB/s) - 'docs_live/big5/book10/chapter03.htm' saved [3044/3044]

--2025-11-07 13:32:08--  http://ekklesiahistory.fttt.org.tw/big5/book10/chapter04.htm
Reusing existing connection to ekklesiahistory.fttt.org.tw:80.
HTTP request sent, awaiting response... 200 OK
Length: 51857 (51K) [text/html]
Saving to: 'docs_live/big5/book10/chapter04.htm'

     0K .......... .......... .......... .......... .......... 98%  133M 0s
    50K                                                       100% 1.25M=0s

2025-11-07 13:32:08 (135 MB/s) - 'docs_live/big5/book10/chapter04.htm' saved [51857/51857]

--2025-11-07 13:32:08--  http://ekklesiahistory.fttt.org.tw/big5/book10/chapter05.htm
Reusing existing connection to ekklesiahistory.fttt.org.tw:80.
HTTP request sent, awaiting response... 200 OK
Length: 16333 (16K) [text/html]
Saving to: 'docs_live/big5/book10/chapter05.htm'

     0K .......... .....                                      100% 92.4M=0s

2025-11-07 13:32:08 (92.4 MB/s) - 'docs_live/big5/book10/chapter05.htm' saved [16333/16333]

--2025-11-07 13:32:08--  http://ekklesiahistory.fttt.org.tw/big5/book10/chapter06.htm
Connecting to ekklesiahistory.fttt.org.tw (ekklesiahistory.fttt.org.tw)|152.42.191.121|:80... connected.
HTTP request sent, awaiting response... 200 OK
Length: 4761 (4.6K) [text/html]
Saving to: 'docs_live/big5/book10/chapter06.htm'

     0K ....                                                  100% 96.2M=0s

2025-11-07 13:32:09 (96.2 MB/s) - 'docs_live/big5/book10/chapter06.htm' saved [4761/4761]

--2025-11-07 13:32:09--  http://ekklesiahistory.fttt.org.tw/big5/book10/chapter07.htm
Reusing existing connection to ekklesiahistory.fttt.org.tw:80.
HTTP request sent, awaiting response... 200 OK
Length: 3210 (3.1K) [text/html]
Saving to: 'docs_live/big5/book10/chapter07.htm'

     0K ...                                                   100%  160M=0s

2025-11-07 13:32:09 (160 MB/s) - 'docs_live/big5/book10/chapter07.htm' saved [3210/3210]

--2025-11-07 13:32:09--  http://ekklesiahistory.fttt.org.tw/big5/book10/chapter08.htm
Reusing existing connection to ekklesiahistory.fttt.org.tw:80.
HTTP request sent, awaiting response... 200 OK
Length: 11130 (11K) [text/html]
Saving to: 'docs_live/big5/book10/chapter08.htm'

     0K ..........                                            100%  211M=0s

2025-11-07 13:32:09 (211 MB/s) - 'docs_live/big5/book10/chapter08.htm' saved [11130/11130]

--2025-11-07 13:32:09--  http://ekklesiahistory.fttt.org.tw/big5/book10/chapter09.htm
Reusing existing connection to ekklesiahistory.fttt.org.tw:80.
HTTP request sent, awaiting response... 200 OK
Length: 5164 (5.0K) [text/html]
Saving to: 'docs_live/big5/book10/chapter09.htm'

     0K .....                                                 100%  126M=0s

2025-11-07 13:32:09 (126 MB/s) - 'docs_live/big5/book10/chapter09.htm' saved [5164/5164]

--2025-11-07 13:32:09--  http://ekklesiahistory.fttt.org.tw/gb2312/author/index.html
Reusing existing connection to ekklesiahistory.fttt.org.tw:80.
HTTP request sent, awaiting response... 200 OK
Length: 1898 (1.9K) [text/html]
Saving to: 'docs_live/gb2312/author/index.html'

     0K .                                                     100% 97.8M=0s

2025-11-07 13:32:09 (97.8 MB/s) - 'docs_live/gb2312/author/index.html' saved [1898/1898]

--2025-11-07 13:32:09--  http://ekklesiahistory.fttt.org.tw/gb2312/book01/index.html
Reusing existing connection to ekklesiahistory.fttt.org.tw:80.
HTTP request sent, awaiting response... 200 OK
Length: 1898 (1.9K) [text/html]
Saving to: 'docs_live/gb2312/book01/index.html'

     0K .                                                     100%  117M=0s

2025-11-07 13:32:09 (117 MB/s) - 'docs_live/gb2312/book01/index.html' saved [1898/1898]

--2025-11-07 13:32:09--  http://ekklesiahistory.fttt.org.tw/gb2312/book02/index.html
Reusing existing connection to ekklesiahistory.fttt.org.tw:80.
HTTP request sent, awaiting response... 200 OK
Length: 1898 (1.9K) [text/html]
Saving to: 'docs_live/gb2312/book02/index.html'

     0K .                                                     100%  101M=0s

2025-11-07 13:32:09 (101 MB/s) - 'docs_live/gb2312/book02/index.html' saved [1898/1898]

--2025-11-07 13:32:09--  http://ekklesiahistory.fttt.org.tw/gb2312/book03/index.html
Reusing existing connection to ekklesiahistory.fttt.org.tw:80.
HTTP request sent, awaiting response... 200 OK
Length: 1898 (1.9K) [text/html]
Saving to: 'docs_live/gb2312/book03/index.html'

     0K .                                                     100%  140M=0s

2025-11-07 13:32:09 (140 MB/s) - 'docs_live/gb2312/book03/index.html' saved [1898/1898]

--2025-11-07 13:32:09--  http://ekklesiahistory.fttt.org.tw/gb2312/book04/index.html
Reusing existing connection to ekklesiahistory.fttt.org.tw:80.
HTTP request sent, awaiting response... 200 OK
Length: 1898 (1.9K) [text/html]
Saving to: 'docs_live/gb2312/book04/index.html'

     0K .                                                     100% 74.1M=0s

2025-11-07 13:32:10 (74.1 MB/s) - 'docs_live/gb2312/book04/index.html' saved [1898/1898]

--2025-11-07 13:32:10--  http://ekklesiahistory.fttt.org.tw/gb2312/book05/index.html
Reusing existing connection to ekklesiahistory.fttt.org.tw:80.
HTTP request sent, awaiting response... 200 OK
Length: 1953 (1.9K) [text/html]
Saving to: 'docs_live/gb2312/book05/index.html'

     0K .                                                     100% 69.3M=0s

2025-11-07 13:32:10 (69.3 MB/s) - 'docs_live/gb2312/book05/index.html' saved [1953/1953]

--2025-11-07 13:32:10--  http://ekklesiahistory.fttt.org.tw/gb2312/book06/index.html
Reusing existing connection to ekklesiahistory.fttt.org.tw:80.
HTTP request sent, awaiting response... 200 OK
Length: 1898 (1.9K) [text/html]
Saving to: 'docs_live/gb2312/book06/index.html'

     0K .                                                     100%  137M=0s

2025-11-07 13:32:10 (137 MB/s) - 'docs_live/gb2312/book06/index.html' saved [1898/1898]

--2025-11-07 13:32:10--  http://ekklesiahistory.fttt.org.tw/gb2312/book07/index.html
Reusing existing connection to ekklesiahistory.fttt.org.tw:80.
HTTP request sent, awaiting response... 200 OK
Length: 1898 (1.9K) [text/html]
Saving to: 'docs_live/gb2312/book07/index.html'

     0K .                                                     100% 36.7M=0s

2025-11-07 13:32:10 (36.7 MB/s) - 'docs_live/gb2312/book07/index.html' saved [1898/1898]

--2025-11-07 13:32:10--  http://ekklesiahistory.fttt.org.tw/gb2312/book08/index.html
Reusing existing connection to ekklesiahistory.fttt.org.tw:80.
HTTP request sent, awaiting response... 200 OK
Length: 1898 (1.9K) [text/html]
Saving to: 'docs_live/gb2312/book08/index.html'

     0K .                                                     100% 79.7M=0s

2025-11-07 13:32:10 (79.7 MB/s) - 'docs_live/gb2312/book08/index.html' saved [1898/1898]

--2025-11-07 13:32:10--  http://ekklesiahistory.fttt.org.tw/gb2312/book09/index.html
Reusing existing connection to ekklesiahistory.fttt.org.tw:80.
HTTP request sent, awaiting response... 200 OK
Length: 1898 (1.9K) [text/html]
Saving to: 'docs_live/gb2312/book09/index.html'

     0K .                                                     100% 28.1M=0s

2025-11-07 13:32:10 (28.1 MB/s) - 'docs_live/gb2312/book09/index.html' saved [1898/1898]

--2025-11-07 13:32:10--  http://ekklesiahistory.fttt.org.tw/gb2312/book10/index.html
Reusing existing connection to ekklesiahistory.fttt.org.tw:80.
HTTP request sent, awaiting response... 200 OK
Length: 1898 (1.9K) [text/html]
Saving to: 'docs_live/gb2312/book10/index.html'

     0K .                                                     100%  165M=0s

2025-11-07 13:32:10 (165 MB/s) - 'docs_live/gb2312/book10/index.html' saved [1898/1898]

--2025-11-07 13:32:10--  http://ekklesiahistory.fttt.org.tw/image/traditional.gif
Reusing existing connection to ekklesiahistory.fttt.org.tw:80.
HTTP request sent, awaiting response... 200 OK
Length: 139 [image/gif]
Saving to: 'docs_live/image/traditional.gif'

     0K                                                       100% 8.94M=0s

2025-11-07 13:32:10 (8.94 MB/s) - 'docs_live/image/traditional.gif' saved [139/139]

--2025-11-07 13:32:10--  http://ekklesiahistory.fttt.org.tw/gb2312/link/index.html
Reusing existing connection to ekklesiahistory.fttt.org.tw:80.
HTTP request sent, awaiting response... 200 OK
Length: 1898 (1.9K) [text/html]
Saving to: 'docs_live/gb2312/link/index.html'

     0K .                                                     100%  453M=0s

2025-11-07 13:32:10 (453 MB/s) - 'docs_live/gb2312/link/index.html' saved [1898/1898]

--2025-11-07 13:32:10--  http://ekklesiahistory.fttt.org.tw/big5/book09/chapter00.htm
Reusing existing connection to ekklesiahistory.fttt.org.tw:80.
HTTP request sent, awaiting response... 404 Not Found
2025-11-07 13:32:11 ERROR 404: Not Found.

--2025-11-07 13:32:11--  http://ekklesiahistory.fttt.org.tw/gb2312/author/corner.htm
Reusing existing connection to ekklesiahistory.fttt.org.tw:80.
HTTP request sent, awaiting response... 200 OK
Length: 1040 (1.0K) [text/html]
Saving to: 'docs_live/gb2312/author/corner.htm'

     0K .                                                     100% 43.1M=0s

2025-11-07 13:32:11 (43.1 MB/s) - 'docs_live/gb2312/author/corner.htm' saved [1040/1040]

--2025-11-07 13:32:11--  http://ekklesiahistory.fttt.org.tw/gb2312/author/leftframe.htm
Reusing existing connection to ekklesiahistory.fttt.org.tw:80.
HTTP request sent, awaiting response... 200 OK
Length: 733 [text/html]
Saving to: 'docs_live/gb2312/author/leftframe.htm'

     0K                                                       100% 66.1M=0s

2025-11-07 13:32:11 (66.1 MB/s) - 'docs_live/gb2312/author/leftframe.htm' saved [733/733]

--2025-11-07 13:32:11--  http://ekklesiahistory.fttt.org.tw/gb2312/author/left.htm
Reusing existing connection to ekklesiahistory.fttt.org.tw:80.
HTTP request sent, awaiting response... 200 OK
Length: 2546 (2.5K) [text/html]
Saving to: 'docs_live/gb2312/author/left.htm'

     0K ..                                                    100%  101M=0s

2025-11-07 13:32:11 (101 MB/s) - 'docs_live/gb2312/author/left.htm' saved [2546/2546]

--2025-11-07 13:32:11--  http://ekklesiahistory.fttt.org.tw/gb2312/author/right.htm
Reusing existing connection to ekklesiahistory.fttt.org.tw:80.
HTTP request sent, awaiting response... 200 OK
Length: 963 [text/html]
Saving to: 'docs_live/gb2312/author/right.htm'

     0K                                                       100% 63.9M=0s

2025-11-07 13:32:11 (63.9 MB/s) - 'docs_live/gb2312/author/right.htm' saved [963/963]

--2025-11-07 13:32:11--  http://ekklesiahistory.fttt.org.tw/gb2312/author/top.htm
Reusing existing connection to ekklesiahistory.fttt.org.tw:80.
HTTP request sent, awaiting response... 200 OK
Length: 1015 [text/html]
Saving to: 'docs_live/gb2312/author/top.htm'

     0K                                                       100% 48.1M=0s

2025-11-07 13:32:11 (48.1 MB/s) - 'docs_live/gb2312/author/top.htm' saved [1015/1015]

--2025-11-07 13:32:11--  http://ekklesiahistory.fttt.org.tw/gb2312/author/main.htm
Reusing existing connection to ekklesiahistory.fttt.org.tw:80.
HTTP request sent, awaiting response... 200 OK
Length: 6871 (6.7K) [text/html]
Saving to: 'docs_live/gb2312/author/main.htm'

     0K ......                                                100%  135M=0s

2025-11-07 13:32:11 (135 MB/s) - 'docs_live/gb2312/author/main.htm' saved [6871/6871]

--2025-11-07 13:32:11--  http://ekklesiahistory.fttt.org.tw/gb2312/book01/corner.htm
Reusing existing connection to ekklesiahistory.fttt.org.tw:80.
HTTP request sent, awaiting response... 200 OK
Length: 1039 (1.0K) [text/html]
Saving to: 'docs_live/gb2312/book01/corner.htm'

     0K .                                                     100% 33.7M=0s

2025-11-07 13:32:11 (33.7 MB/s) - 'docs_live/gb2312/book01/corner.htm' saved [1039/1039]

--2025-11-07 13:32:11--  http://ekklesiahistory.fttt.org.tw/gb2312/book01/leftframe.htm
Reusing existing connection to ekklesiahistory.fttt.org.tw:80.
HTTP request sent, awaiting response... 200 OK
Length: 733 [text/html]
Saving to: 'docs_live/gb2312/book01/leftframe.htm'

     0K                                                       100% 26.1M=0s

2025-11-07 13:32:11 (26.1 MB/s) - 'docs_live/gb2312/book01/leftframe.htm' saved [733/733]

--2025-11-07 13:32:11--  http://ekklesiahistory.fttt.org.tw/gb2312/book01/left.htm
Reusing existing connection to ekklesiahistory.fttt.org.tw:80.
HTTP request sent, awaiting response... 200 OK
Length: 2227 (2.2K) [text/html]
Saving to: 'docs_live/gb2312/book01/left.htm'

     0K ..                                                    100%  140M=0s

2025-11-07 13:32:12 (140 MB/s) - 'docs_live/gb2312/book01/left.htm' saved [2227/2227]

--2025-11-07 13:32:12--  http://ekklesiahistory.fttt.org.tw/gb2312/book01/right.htm
Reusing existing connection to ekklesiahistory.fttt.org.tw:80.
HTTP request sent, awaiting response... 200 OK
Length: 963 [text/html]
Saving to: 'docs_live/gb2312/book01/right.htm'

     0K                                                       100% 43.3M=0s

2025-11-07 13:32:12 (43.3 MB/s) - 'docs_live/gb2312/book01/right.htm' saved [963/963]

--2025-11-07 13:32:12--  http://ekklesiahistory.fttt.org.tw/gb2312/book01/top.htm
Reusing existing connection to ekklesiahistory.fttt.org.tw:80.
HTTP request sent, awaiting response... 200 OK
Length: 758 [text/html]
Saving to: 'docs_live/gb2312/book01/top.htm'

     0K                                                       100% 62.0M=0s

2025-11-07 13:32:12 (62.0 MB/s) - 'docs_live/gb2312/book01/top.htm' saved [758/758]

--2025-11-07 13:32:12--  http://ekklesiahistory.fttt.org.tw/gb2312/book01/main.htm
Reusing existing connection to ekklesiahistory.fttt.org.tw:80.
HTTP request sent, awaiting response... 200 OK
Length: 2683 (2.6K) [text/html]
Saving to: 'docs_live/gb2312/book01/main.htm'

     0K ..                                                    100%  141M=0s

2025-11-07 13:32:12 (141 MB/s) - 'docs_live/gb2312/book01/main.htm' saved [2683/2683]

--2025-11-07 13:32:12--  http://ekklesiahistory.fttt.org.tw/gb2312/book02/corner.htm
Reusing existing connection to ekklesiahistory.fttt.org.tw:80.
HTTP request sent, awaiting response... 200 OK
Length: 1039 (1.0K) [text/html]
Saving to: 'docs_live/gb2312/book02/corner.htm'

     0K .                                                     100% 59.3M=0s

2025-11-07 13:32:12 (59.3 MB/s) - 'docs_live/gb2312/book02/corner.htm' saved [1039/1039]

--2025-11-07 13:32:12--  http://ekklesiahistory.fttt.org.tw/gb2312/book02/leftframe.htm
Reusing existing connection to ekklesiahistory.fttt.org.tw:80.
HTTP request sent, awaiting response... 200 OK
Length: 733 [text/html]
Saving to: 'docs_live/gb2312/book02/leftframe.htm'

     0K                                                       100% 44.3M=0s

2025-11-07 13:32:12 (44.3 MB/s) - 'docs_live/gb2312/book02/leftframe.htm' saved [733/733]

--2025-11-07 13:32:12--  http://ekklesiahistory.fttt.org.tw/gb2312/book02/left.htm
Reusing existing connection to ekklesiahistory.fttt.org.tw:80.
HTTP request sent, awaiting response... 200 OK
Length: 2227 (2.2K) [text/html]
Saving to: 'docs_live/gb2312/book02/left.htm'

     0K ..                                                    100% 90.4M=0s

2025-11-07 13:32:12 (90.4 MB/s) - 'docs_live/gb2312/book02/left.htm' saved [2227/2227]

--2025-11-07 13:32:12--  http://ekklesiahistory.fttt.org.tw/gb2312/book02/right.htm
Reusing existing connection to ekklesiahistory.fttt.org.tw:80.
HTTP request sent, awaiting response... 200 OK
Length: 963 [text/html]
Saving to: 'docs_live/gb2312/book02/right.htm'

     0K                                                       100% 55.9M=0s

2025-11-07 13:32:12 (55.9 MB/s) - 'docs_live/gb2312/book02/right.htm' saved [963/963]

--2025-11-07 13:32:12--  http://ekklesiahistory.fttt.org.tw/gb2312/book02/top.htm
Reusing existing connection to ekklesiahistory.fttt.org.tw:80.
HTTP request sent, awaiting response... 200 OK
Length: 758 [text/html]
Saving to: 'docs_live/gb2312/book02/top.htm'

     0K                                                       100% 35.7M=0s

2025-11-07 13:32:12 (35.7 MB/s) - 'docs_live/gb2312/book02/top.htm' saved [758/758]

--2025-11-07 13:32:12--  http://ekklesiahistory.fttt.org.tw/gb2312/book02/main.htm
Reusing existing connection to ekklesiahistory.fttt.org.tw:80.
HTTP request sent, awaiting response... 200 OK
Length: 3444 (3.4K) [text/html]
Saving to: 'docs_live/gb2312/book02/main.htm'

     0K ...                                                   100% 7.78M=0s

2025-11-07 13:32:12 (7.78 MB/s) - 'docs_live/gb2312/book02/main.htm' saved [3444/3444]

--2025-11-07 13:32:12--  http://ekklesiahistory.fttt.org.tw/gb2312/book03/corner.htm
Reusing existing connection to ekklesiahistory.fttt.org.tw:80.
HTTP request sent, awaiting response... 200 OK
Length: 1039 (1.0K) [text/html]
Saving to: 'docs_live/gb2312/book03/corner.htm'

     0K .                                                     100% 65.0M=0s

2025-11-07 13:32:13 (65.0 MB/s) - 'docs_live/gb2312/book03/corner.htm' saved [1039/1039]

--2025-11-07 13:32:13--  http://ekklesiahistory.fttt.org.tw/gb2312/book03/leftframe.htm
Reusing existing connection to ekklesiahistory.fttt.org.tw:80.
HTTP request sent, awaiting response... 200 OK
Length: 733 [text/html]
Saving to: 'docs_live/gb2312/book03/leftframe.htm'

     0K                                                       100% 43.9M=0s

2025-11-07 13:32:13 (43.9 MB/s) - 'docs_live/gb2312/book03/leftframe.htm' saved [733/733]

--2025-11-07 13:32:13--  http://ekklesiahistory.fttt.org.tw/gb2312/book03/left.htm
Reusing existing connection to ekklesiahistory.fttt.org.tw:80.
HTTP request sent, awaiting response... 200 OK
Length: 2227 (2.2K) [text/html]
Saving to: 'docs_live/gb2312/book03/left.htm'

     0K ..                                                    100% 80.1M=0s

2025-11-07 13:32:13 (80.1 MB/s) - 'docs_live/gb2312/book03/left.htm' saved [2227/2227]

--2025-11-07 13:32:13--  http://ekklesiahistory.fttt.org.tw/gb2312/book03/right.htm
Reusing existing connection to ekklesiahistory.fttt.org.tw:80.
HTTP request sent, awaiting response... 200 OK
Length: 963 [text/html]
Saving to: 'docs_live/gb2312/book03/right.htm'

     0K                                                       100% 37.2M=0s

2025-11-07 13:32:13 (37.2 MB/s) - 'docs_live/gb2312/book03/right.htm' saved [963/963]

--2025-11-07 13:32:13--  http://ekklesiahistory.fttt.org.tw/gb2312/book03/top.htm
Reusing existing connection to ekklesiahistory.fttt.org.tw:80.
HTTP request sent, awaiting response... 200 OK
Length: 758 [text/html]
Saving to: 'docs_live/gb2312/book03/top.htm'

     0K                                                       100% 40.7M=0s

2025-11-07 13:32:13 (40.7 MB/s) - 'docs_live/gb2312/book03/top.htm' saved [758/758]

--2025-11-07 13:32:13--  http://ekklesiahistory.fttt.org.tw/gb2312/book03/main.htm
Reusing existing connection to ekklesiahistory.fttt.org.tw:80.
HTTP request sent, awaiting response... 200 OK
Length: 4066 (4.0K) [text/html]
Saving to: 'docs_live/gb2312/book03/main.htm'

     0K ...                                                   100%  143M=0s

2025-11-07 13:32:13 (143 MB/s) - 'docs_live/gb2312/book03/main.htm' saved [4066/4066]

--2025-11-07 13:32:13--  http://ekklesiahistory.fttt.org.tw/gb2312/book04/corner.htm
Reusing existing connection to ekklesiahistory.fttt.org.tw:80.
HTTP request sent, awaiting response... 200 OK
Length: 1040 (1.0K) [text/html]
Saving to: 'docs_live/gb2312/book04/corner.htm'

     0K .                                                     100%  105M=0s

2025-11-07 13:32:13 (105 MB/s) - 'docs_live/gb2312/book04/corner.htm' saved [1040/1040]

--2025-11-07 13:32:13--  http://ekklesiahistory.fttt.org.tw/gb2312/book04/leftframe.htm
Reusing existing connection to ekklesiahistory.fttt.org.tw:80.
HTTP request sent, awaiting response... 200 OK
Length: 733 [text/html]
Saving to: 'docs_live/gb2312/book04/leftframe.htm'

     0K                                                       100% 36.0M=0s

2025-11-07 13:32:13 (36.0 MB/s) - 'docs_live/gb2312/book04/leftframe.htm' saved [733/733]

--2025-11-07 13:32:13--  http://ekklesiahistory.fttt.org.tw/gb2312/book04/left.htm
Reusing existing connection to ekklesiahistory.fttt.org.tw:80.
HTTP request sent, awaiting response... 200 OK
Length: 2227 (2.2K) [text/html]
Saving to: 'docs_live/gb2312/book04/left.htm'

     0K ..                                                    100%  115M=0s

2025-11-07 13:32:13 (115 MB/s) - 'docs_live/gb2312/book04/left.htm' saved [2227/2227]

--2025-11-07 13:32:13--  http://ekklesiahistory.fttt.org.tw/gb2312/book04/right.htm
Reusing existing connection to ekklesiahistory.fttt.org.tw:80.
HTTP request sent, awaiting response... 200 OK
Length: 963 [text/html]
Saving to: 'docs_live/gb2312/book04/right.htm'

     0K                                                       100% 53.4M=0s

2025-11-07 13:32:14 (53.4 MB/s) - 'docs_live/gb2312/book04/right.htm' saved [963/963]

--2025-11-07 13:32:14--  http://ekklesiahistory.fttt.org.tw/gb2312/book04/top.htm
Reusing existing connection to ekklesiahistory.fttt.org.tw:80.
HTTP request sent, awaiting response... 200 OK
Length: 758 [text/html]
Saving to: 'docs_live/gb2312/book04/top.htm'

     0K                                                       100% 59.0M=0s

2025-11-07 13:32:14 (59.0 MB/s) - 'docs_live/gb2312/book04/top.htm' saved [758/758]

--2025-11-07 13:32:14--  http://ekklesiahistory.fttt.org.tw/gb2312/book04/main.htm
Reusing existing connection to ekklesiahistory.fttt.org.tw:80.
HTTP request sent, awaiting response... 200 OK
Length: 4003 (3.9K) [text/html]
Saving to: 'docs_live/gb2312/book04/main.htm'

     0K ...                                                   100% 86.3M=0s

2025-11-07 13:32:14 (86.3 MB/s) - 'docs_live/gb2312/book04/main.htm' saved [4003/4003]

--2025-11-07 13:32:14--  http://ekklesiahistory.fttt.org.tw/gb2312/book05/corner.htm
Reusing existing connection to ekklesiahistory.fttt.org.tw:80.
HTTP request sent, awaiting response... 200 OK
Length: 1040 (1.0K) [text/html]
Saving to: 'docs_live/gb2312/book05/corner.htm'

     0K .                                                     100% 43.8M=0s

2025-11-07 13:32:14 (43.8 MB/s) - 'docs_live/gb2312/book05/corner.htm' saved [1040/1040]

--2025-11-07 13:32:14--  http://ekklesiahistory.fttt.org.tw/gb2312/book05/leftframe.htm
Reusing existing connection to ekklesiahistory.fttt.org.tw:80.
HTTP request sent, awaiting response... 200 OK
Length: 733 [text/html]
Saving to: 'docs_live/gb2312/book05/leftframe.htm'

     0K                                                       100% 48.3M=0s

2025-11-07 13:32:14 (48.3 MB/s) - 'docs_live/gb2312/book05/leftframe.htm' saved [733/733]

--2025-11-07 13:32:14--  http://ekklesiahistory.fttt.org.tw/gb2312/book05/left.htm
Reusing existing connection to ekklesiahistory.fttt.org.tw:80.
HTTP request sent, awaiting response... 200 OK
Length: 2227 (2.2K) [text/html]
Saving to: 'docs_live/gb2312/book05/left.htm'

     0K ..                                                    100% 74.4M=0s

2025-11-07 13:32:14 (74.4 MB/s) - 'docs_live/gb2312/book05/left.htm' saved [2227/2227]

--2025-11-07 13:32:14--  http://ekklesiahistory.fttt.org.tw/gb2312/book05/right.htm
Reusing existing connection to ekklesiahistory.fttt.org.tw:80.
HTTP request sent, awaiting response... 200 OK
Length: 963 [text/html]
Saving to: 'docs_live/gb2312/book05/right.htm'

     0K                                                       100% 74.7M=0s

2025-11-07 13:32:14 (74.7 MB/s) - 'docs_live/gb2312/book05/right.htm' saved [963/963]

--2025-11-07 13:32:14--  http://ekklesiahistory.fttt.org.tw/gb2312/book05/top.htm
Reusing existing connection to ekklesiahistory.fttt.org.tw:80.
HTTP request sent, awaiting response... 200 OK
Length: 758 [text/html]
Saving to: 'docs_live/gb2312/book05/top.htm'

     0K                                                       100% 31.6M=0s

2025-11-07 13:32:14 (31.6 MB/s) - 'docs_live/gb2312/book05/top.htm' saved [758/758]

--2025-11-07 13:32:14--  http://ekklesiahistory.fttt.org.tw/gb2312/book05/main.htm
Reusing existing connection to ekklesiahistory.fttt.org.tw:80.
HTTP request sent, awaiting response... 200 OK
Length: 3696 (3.6K) [text/html]
Saving to: 'docs_live/gb2312/book05/main.htm'

     0K ...                                                   100% 78.5M=0s

2025-11-07 13:32:14 (78.5 MB/s) - 'docs_live/gb2312/book05/main.htm' saved [3696/3696]

--2025-11-07 13:32:14--  http://ekklesiahistory.fttt.org.tw/gb2312/book06/corner.htm
Reusing existing connection to ekklesiahistory.fttt.org.tw:80.
HTTP request sent, awaiting response... 200 OK
Length: 1039 (1.0K) [text/html]
Saving to: 'docs_live/gb2312/book06/corner.htm'

     0K .                                                     100% 51.4M=0s

2025-11-07 13:32:15 (51.4 MB/s) - 'docs_live/gb2312/book06/corner.htm' saved [1039/1039]

--2025-11-07 13:32:15--  http://ekklesiahistory.fttt.org.tw/gb2312/book06/leftframe.htm
Reusing existing connection to ekklesiahistory.fttt.org.tw:80.
HTTP request sent, awaiting response... 200 OK
Length: 733 [text/html]
Saving to: 'docs_live/gb2312/book06/leftframe.htm'

     0K                                                       100% 43.8M=0s

2025-11-07 13:32:15 (43.8 MB/s) - 'docs_live/gb2312/book06/leftframe.htm' saved [733/733]

--2025-11-07 13:32:15--  http://ekklesiahistory.fttt.org.tw/gb2312/book06/left.htm
Reusing existing connection to ekklesiahistory.fttt.org.tw:80.
HTTP request sent, awaiting response... 200 OK
Length: 2227 (2.2K) [text/html]
Saving to: 'docs_live/gb2312/book06/left.htm'

     0K ..                                                    100% 89.7M=0s

2025-11-07 13:32:15 (89.7 MB/s) - 'docs_live/gb2312/book06/left.htm' saved [2227/2227]

--2025-11-07 13:32:15--  http://ekklesiahistory.fttt.org.tw/gb2312/book06/right.htm
Reusing existing connection to ekklesiahistory.fttt.org.tw:80.
HTTP request sent, awaiting response... 200 OK
Length: 963 [text/html]
Saving to: 'docs_live/gb2312/book06/right.htm'

     0K                                                       100% 79.6M=0s

2025-11-07 13:32:15 (79.6 MB/s) - 'docs_live/gb2312/book06/right.htm' saved [963/963]

--2025-11-07 13:32:15--  http://ekklesiahistory.fttt.org.tw/gb2312/book06/top.htm
Reusing existing connection to ekklesiahistory.fttt.org.tw:80.
HTTP request sent, awaiting response... 200 OK
Length: 758 [text/html]
Saving to: 'docs_live/gb2312/book06/top.htm'

     0K                                                       100% 36.7M=0s

2025-11-07 13:32:15 (36.7 MB/s) - 'docs_live/gb2312/book06/top.htm' saved [758/758]

--2025-11-07 13:32:15--  http://ekklesiahistory.fttt.org.tw/gb2312/book06/main.htm
Reusing existing connection to ekklesiahistory.fttt.org.tw:80.
HTTP request sent, awaiting response... 200 OK
Length: 4409 (4.3K) [text/html]
Saving to: 'docs_live/gb2312/book06/main.htm'

     0K ....                                                  100%  101M=0s

2025-11-07 13:32:15 (101 MB/s) - 'docs_live/gb2312/book06/main.htm' saved [4409/4409]

--2025-11-07 13:32:15--  http://ekklesiahistory.fttt.org.tw/gb2312/book07/corner.htm
Reusing existing connection to ekklesiahistory.fttt.org.tw:80.
HTTP request sent, awaiting response... 200 OK
Length: 1039 (1.0K) [text/html]
Saving to: 'docs_live/gb2312/book07/corner.htm'

     0K .                                                     100% 61.6M=0s

2025-11-07 13:32:15 (61.6 MB/s) - 'docs_live/gb2312/book07/corner.htm' saved [1039/1039]

--2025-11-07 13:32:15--  http://ekklesiahistory.fttt.org.tw/gb2312/book07/leftframe.htm
Reusing existing connection to ekklesiahistory.fttt.org.tw:80.
HTTP request sent, awaiting response... 200 OK
Length: 733 [text/html]
Saving to: 'docs_live/gb2312/book07/leftframe.htm'

     0K                                                       100% 69.9M=0s

2025-11-07 13:32:15 (69.9 MB/s) - 'docs_live/gb2312/book07/leftframe.htm' saved [733/733]

--2025-11-07 13:32:15--  http://ekklesiahistory.fttt.org.tw/gb2312/book07/left.htm
Reusing existing connection to ekklesiahistory.fttt.org.tw:80.
HTTP request sent, awaiting response... 200 OK
Length: 2227 (2.2K) [text/html]
Saving to: 'docs_live/gb2312/book07/left.htm'

     0K ..                                                    100%  107M=0s

2025-11-07 13:32:15 (107 MB/s) - 'docs_live/gb2312/book07/left.htm' saved [2227/2227]

--2025-11-07 13:32:15--  http://ekklesiahistory.fttt.org.tw/gb2312/book07/right.htm
Reusing existing connection to ekklesiahistory.fttt.org.tw:80.
HTTP request sent, awaiting response... 200 OK
Length: 963 [text/html]
Saving to: 'docs_live/gb2312/book07/right.htm'

     0K                                                       100% 43.2M=0s

2025-11-07 13:32:16 (43.2 MB/s) - 'docs_live/gb2312/book07/right.htm' saved [963/963]

--2025-11-07 13:32:16--  http://ekklesiahistory.fttt.org.tw/gb2312/book07/top.htm
Reusing existing connection to ekklesiahistory.fttt.org.tw:80.
HTTP request sent, awaiting response... 200 OK
Length: 758 [text/html]
Saving to: 'docs_live/gb2312/book07/top.htm'

     0K                                                       100% 31.1M=0s

2025-11-07 13:32:16 (31.1 MB/s) - 'docs_live/gb2312/book07/top.htm' saved [758/758]

--2025-11-07 13:32:16--  http://ekklesiahistory.fttt.org.tw/gb2312/book07/main.htm
Reusing existing connection to ekklesiahistory.fttt.org.tw:80.
HTTP request sent, awaiting response... 200 OK
Length: 3892 (3.8K) [text/html]
Saving to: 'docs_live/gb2312/book07/main.htm'

     0K ...                                                   100%  123M=0s

2025-11-07 13:32:16 (123 MB/s) - 'docs_live/gb2312/book07/main.htm' saved [3892/3892]

--2025-11-07 13:32:16--  http://ekklesiahistory.fttt.org.tw/gb2312/book08/corner.htm
Reusing existing connection to ekklesiahistory.fttt.org.tw:80.
HTTP request sent, awaiting response... 200 OK
Length: 1039 (1.0K) [text/html]
Saving to: 'docs_live/gb2312/book08/corner.htm'

     0K .                                                     100% 46.6M=0s

2025-11-07 13:32:16 (46.6 MB/s) - 'docs_live/gb2312/book08/corner.htm' saved [1039/1039]

--2025-11-07 13:32:16--  http://ekklesiahistory.fttt.org.tw/gb2312/book08/leftframe.htm
Reusing existing connection to ekklesiahistory.fttt.org.tw:80.
HTTP request sent, awaiting response... 200 OK
Length: 733 [text/html]
Saving to: 'docs_live/gb2312/book08/leftframe.htm'

     0K                                                       100% 87.4M=0s

2025-11-07 13:32:16 (87.4 MB/s) - 'docs_live/gb2312/book08/leftframe.htm' saved [733/733]

--2025-11-07 13:32:16--  http://ekklesiahistory.fttt.org.tw/gb2312/book08/left.htm
Reusing existing connection to ekklesiahistory.fttt.org.tw:80.
HTTP request sent, awaiting response... 200 OK
Length: 2227 (2.2K) [text/html]
Saving to: 'docs_live/gb2312/book08/left.htm'

     0K ..                                                    100% 80.8M=0s

2025-11-07 13:32:16 (80.8 MB/s) - 'docs_live/gb2312/book08/left.htm' saved [2227/2227]

--2025-11-07 13:32:16--  http://ekklesiahistory.fttt.org.tw/gb2312/book08/right.htm
Reusing existing connection to ekklesiahistory.fttt.org.tw:80.
HTTP request sent, awaiting response... 200 OK
Length: 963 [text/html]
Saving to: 'docs_live/gb2312/book08/right.htm'

     0K                                                       100% 34.2M=0s

2025-11-07 13:32:16 (34.2 MB/s) - 'docs_live/gb2312/book08/right.htm' saved [963/963]

--2025-11-07 13:32:16--  http://ekklesiahistory.fttt.org.tw/gb2312/book08/top.htm
Reusing existing connection to ekklesiahistory.fttt.org.tw:80.
HTTP request sent, awaiting response... 200 OK
Length: 758 [text/html]
Saving to: 'docs_live/gb2312/book08/top.htm'

     0K                                                       100%  117M=0s

2025-11-07 13:32:16 (117 MB/s) - 'docs_live/gb2312/book08/top.htm' saved [758/758]

--2025-11-07 13:32:16--  http://ekklesiahistory.fttt.org.tw/gb2312/book08/main.htm
Reusing existing connection to ekklesiahistory.fttt.org.tw:80.
HTTP request sent, awaiting response... 200 OK
Length: 2685 (2.6K) [text/html]
Saving to: 'docs_live/gb2312/book08/main.htm'

     0K ..                                                    100% 55.0M=0s

2025-11-07 13:32:16 (55.0 MB/s) - 'docs_live/gb2312/book08/main.htm' saved [2685/2685]

--2025-11-07 13:32:16--  http://ekklesiahistory.fttt.org.tw/gb2312/book09/corner.htm
Reusing existing connection to ekklesiahistory.fttt.org.tw:80.
HTTP request sent, awaiting response... 200 OK
Length: 1047 (1.0K) [text/html]
Saving to: 'docs_live/gb2312/book09/corner.htm'

     0K .                                                     100% 81.0M=0s

2025-11-07 13:32:17 (81.0 MB/s) - 'docs_live/gb2312/book09/corner.htm' saved [1047/1047]

--2025-11-07 13:32:17--  http://ekklesiahistory.fttt.org.tw/gb2312/book09/leftframe.htm
Reusing existing connection to ekklesiahistory.fttt.org.tw:80.
HTTP request sent, awaiting response... 200 OK
Length: 733 [text/html]
Saving to: 'docs_live/gb2312/book09/leftframe.htm'

     0K                                                       100% 45.0M=0s

2025-11-07 13:32:17 (45.0 MB/s) - 'docs_live/gb2312/book09/leftframe.htm' saved [733/733]

--2025-11-07 13:32:17--  http://ekklesiahistory.fttt.org.tw/gb2312/book09/left.htm
Reusing existing connection to ekklesiahistory.fttt.org.tw:80.
HTTP request sent, awaiting response... 200 OK
Length: 2227 (2.2K) [text/html]
Saving to: 'docs_live/gb2312/book09/left.htm'

     0K ..                                                    100%  189M=0s

2025-11-07 13:32:17 (189 MB/s) - 'docs_live/gb2312/book09/left.htm' saved [2227/2227]

--2025-11-07 13:32:17--  http://ekklesiahistory.fttt.org.tw/gb2312/book09/right.htm
Reusing existing connection to ekklesiahistory.fttt.org.tw:80.
HTTP request sent, awaiting response... 200 OK
Length: 963 [text/html]
Saving to: 'docs_live/gb2312/book09/right.htm'

     0K                                                       100% 19.2M=0s

2025-11-07 13:32:17 (19.2 MB/s) - 'docs_live/gb2312/book09/right.htm' saved [963/963]

--2025-11-07 13:32:17--  http://ekklesiahistory.fttt.org.tw/gb2312/book09/top.htm
Reusing existing connection to ekklesiahistory.fttt.org.tw:80.
HTTP request sent, awaiting response... 200 OK
Length: 758 [text/html]
Saving to: 'docs_live/gb2312/book09/top.htm'

     0K                                                       100% 72.6M=0s

2025-11-07 13:32:17 (72.6 MB/s) - 'docs_live/gb2312/book09/top.htm' saved [758/758]

--2025-11-07 13:32:17--  http://ekklesiahistory.fttt.org.tw/gb2312/book09/main.htm
Reusing existing connection to ekklesiahistory.fttt.org.tw:80.
HTTP request sent, awaiting response... 200 OK
Length: 2220 (2.2K) [text/html]
Saving to: 'docs_live/gb2312/book09/main.htm'

     0K ..                                                    100% 23.0M=0s

2025-11-07 13:32:17 (23.0 MB/s) - 'docs_live/gb2312/book09/main.htm' saved [2220/2220]

--2025-11-07 13:32:17--  http://ekklesiahistory.fttt.org.tw/gb2312/book10/corner.htm
Reusing existing connection to ekklesiahistory.fttt.org.tw:80.
HTTP request sent, awaiting response... 200 OK
Length: 1040 (1.0K) [text/html]
Saving to: 'docs_live/gb2312/book10/corner.htm'

     0K .                                                     100% 82.4M=0s

2025-11-07 13:32:17 (82.4 MB/s) - 'docs_live/gb2312/book10/corner.htm' saved [1040/1040]

--2025-11-07 13:32:17--  http://ekklesiahistory.fttt.org.tw/gb2312/book10/leftframe.htm
Reusing existing connection to ekklesiahistory.fttt.org.tw:80.
HTTP request sent, awaiting response... 200 OK
Length: 733 [text/html]
Saving to: 'docs_live/gb2312/book10/leftframe.htm'

     0K                                                       100% 52.4M=0s

2025-11-07 13:32:17 (52.4 MB/s) - 'docs_live/gb2312/book10/leftframe.htm' saved [733/733]

--2025-11-07 13:32:17--  http://ekklesiahistory.fttt.org.tw/gb2312/book10/left.htm
Reusing existing connection to ekklesiahistory.fttt.org.tw:80.
HTTP request sent, awaiting response... 200 OK
Length: 2229 (2.2K) [text/html]
Saving to: 'docs_live/gb2312/book10/left.htm'

     0K ..                                                    100%  140M=0s

2025-11-07 13:32:17 (140 MB/s) - 'docs_live/gb2312/book10/left.htm' saved [2229/2229]

--2025-11-07 13:32:17--  http://ekklesiahistory.fttt.org.tw/gb2312/book10/right.htm
Reusing existing connection to ekklesiahistory.fttt.org.tw:80.
HTTP request sent, awaiting response... 200 OK
Length: 963 [text/html]
Saving to: 'docs_live/gb2312/book10/right.htm'

     0K                                                       100% 75.0M=0s

2025-11-07 13:32:18 (75.0 MB/s) - 'docs_live/gb2312/book10/right.htm' saved [963/963]

--2025-11-07 13:32:18--  http://ekklesiahistory.fttt.org.tw/gb2312/book10/top.htm
Reusing existing connection to ekklesiahistory.fttt.org.tw:80.
HTTP request sent, awaiting response... 200 OK
Length: 758 [text/html]
Saving to: 'docs_live/gb2312/book10/top.htm'

     0K                                                       100% 31.8M=0s

2025-11-07 13:32:18 (31.8 MB/s) - 'docs_live/gb2312/book10/top.htm' saved [758/758]

--2025-11-07 13:32:18--  http://ekklesiahistory.fttt.org.tw/gb2312/book10/main.htm
Reusing existing connection to ekklesiahistory.fttt.org.tw:80.
HTTP request sent, awaiting response... 200 OK
Length: 2011 (2.0K) [text/html]
Saving to: 'docs_live/gb2312/book10/main.htm'

     0K .                                                     100% 92.2M=0s

2025-11-07 13:32:18 (92.2 MB/s) - 'docs_live/gb2312/book10/main.htm' saved [2011/2011]

--2025-11-07 13:32:18--  http://ekklesiahistory.fttt.org.tw/gb2312/link/corner.htm
Reusing existing connection to ekklesiahistory.fttt.org.tw:80.
HTTP request sent, awaiting response... 200 OK
Length: 1040 (1.0K) [text/html]
Saving to: 'docs_live/gb2312/link/corner.htm'

     0K .                                                     100% 47.6M=0s

2025-11-07 13:32:18 (47.6 MB/s) - 'docs_live/gb2312/link/corner.htm' saved [1040/1040]

--2025-11-07 13:32:18--  http://ekklesiahistory.fttt.org.tw/gb2312/link/leftframe.htm
Reusing existing connection to ekklesiahistory.fttt.org.tw:80.
HTTP request sent, awaiting response... 200 OK
Length: 733 [text/html]
Saving to: 'docs_live/gb2312/link/leftframe.htm'

     0K                                                       100% 37.5M=0s

2025-11-07 13:32:18 (37.5 MB/s) - 'docs_live/gb2312/link/leftframe.htm' saved [733/733]

--2025-11-07 13:32:18--  http://ekklesiahistory.fttt.org.tw/gb2312/link/left.htm
Reusing existing connection to ekklesiahistory.fttt.org.tw:80.
HTTP request sent, awaiting response... 200 OK
Length: 2546 (2.5K) [text/html]
Saving to: 'docs_live/gb2312/link/left.htm'

     0K ..                                                    100% 95.5M=0s

2025-11-07 13:32:18 (95.5 MB/s) - 'docs_live/gb2312/link/left.htm' saved [2546/2546]

--2025-11-07 13:32:18--  http://ekklesiahistory.fttt.org.tw/gb2312/link/right.htm
Reusing existing connection to ekklesiahistory.fttt.org.tw:80.
HTTP request sent, awaiting response... 200 OK
Length: 963 [text/html]
Saving to: 'docs_live/gb2312/link/right.htm'

     0K                                                       100% 39.4M=0s

2025-11-07 13:32:18 (39.4 MB/s) - 'docs_live/gb2312/link/right.htm' saved [963/963]

--2025-11-07 13:32:18--  http://ekklesiahistory.fttt.org.tw/gb2312/link/top.htm
Reusing existing connection to ekklesiahistory.fttt.org.tw:80.
HTTP request sent, awaiting response... 200 OK
Length: 758 [text/html]
Saving to: 'docs_live/gb2312/link/top.htm'

     0K                                                       100% 53.4M=0s

2025-11-07 13:32:18 (53.4 MB/s) - 'docs_live/gb2312/link/top.htm' saved [758/758]

--2025-11-07 13:32:18--  http://ekklesiahistory.fttt.org.tw/gb2312/link/main.htm
Reusing existing connection to ekklesiahistory.fttt.org.tw:80.
HTTP request sent, awaiting response... 200 OK
Length: 4689 (4.6K) [text/html]
Saving to: 'docs_live/gb2312/link/main.htm'

     0K ....                                                  100% 86.4M=0s

2025-11-07 13:32:18 (86.4 MB/s) - 'docs_live/gb2312/link/main.htm' saved [4689/4689]

--2025-11-07 13:32:18--  http://ekklesiahistory.fttt.org.tw/image/motive-new2.gif
Reusing existing connection to ekklesiahistory.fttt.org.tw:80.
HTTP request sent, awaiting response... 200 OK
Length: 770 [image/gif]
Saving to: 'docs_live/image/motive-new2.gif'

     0K                                                       100% 46.3M=0s

2025-11-07 13:32:19 (46.3 MB/s) - 'docs_live/image/motive-new2.gif' saved [770/770]

--2025-11-07 13:32:19--  http://ekklesiahistory.fttt.org.tw/guestbook/index.html
Reusing existing connection to ekklesiahistory.fttt.org.tw:80.
HTTP request sent, awaiting response... 200 OK
Length: 1474 (1.4K) [text/html]
Saving to: 'docs_live/guestbook/index.html'

     0K .                                                     100% 98.6M=0s

2025-11-07 13:32:19 (98.6 MB/s) - 'docs_live/guestbook/index.html' saved [1474/1474]

--2025-11-07 13:32:19--  http://ekklesiahistory.fttt.org.tw/gb2312/book01/chapter01.htm
Reusing existing connection to ekklesiahistory.fttt.org.tw:80.
HTTP request sent, awaiting response... 200 OK
Length: 8047 (7.9K) [text/html]
Saving to: 'docs_live/gb2312/book01/chapter01.htm'

     0K .......                                               100% 70.1M=0s

2025-11-07 13:32:19 (70.1 MB/s) - 'docs_live/gb2312/book01/chapter01.htm' saved [8047/8047]

--2025-11-07 13:32:19--  http://ekklesiahistory.fttt.org.tw/gb2312/book01/chapter02.htm
Reusing existing connection to ekklesiahistory.fttt.org.tw:80.
HTTP request sent, awaiting response... 200 OK
Length: 21963 (21K) [text/html]
Saving to: 'docs_live/gb2312/book01/chapter02.htm'

     0K .......... .......... .                               100% 83.8M=0s

2025-11-07 13:32:19 (83.8 MB/s) - 'docs_live/gb2312/book01/chapter02.htm' saved [21963/21963]

--2025-11-07 13:32:19--  http://ekklesiahistory.fttt.org.tw/gb2312/book01/chapter03.htm
Reusing existing connection to ekklesiahistory.fttt.org.tw:80.
HTTP request sent, awaiting response... 200 OK
Length: 14484 (14K) [text/html]
Saving to: 'docs_live/gb2312/book01/chapter03.htm'

     0K .......... ....                                       100%  134M=0s

2025-11-07 13:32:19 (134 MB/s) - 'docs_live/gb2312/book01/chapter03.htm' saved [14484/14484]

--2025-11-07 13:32:19--  http://ekklesiahistory.fttt.org.tw/gb2312/book01/chapter04.htm
Reusing existing connection to ekklesiahistory.fttt.org.tw:80.
HTTP request sent, awaiting response... 200 OK
Length: 8904 (8.7K) [text/html]
Saving to: 'docs_live/gb2312/book01/chapter04.htm'

     0K ........                                              100%  267M=0s

2025-11-07 13:32:19 (267 MB/s) - 'docs_live/gb2312/book01/chapter04.htm' saved [8904/8904]

--2025-11-07 13:32:19--  http://ekklesiahistory.fttt.org.tw/gb2312/book01/chapter05.htm
Reusing existing connection to ekklesiahistory.fttt.org.tw:80.
HTTP request sent, awaiting response... 200 OK
Length: 6593 (6.4K) [text/html]
Saving to: 'docs_live/gb2312/book01/chapter05.htm'

     0K ......                                                100%  183M=0s

2025-11-07 13:32:19 (183 MB/s) - 'docs_live/gb2312/book01/chapter05.htm' saved [6593/6593]

--2025-11-07 13:32:19--  http://ekklesiahistory.fttt.org.tw/gb2312/book01/chapter06.htm
Reusing existing connection to ekklesiahistory.fttt.org.tw:80.
HTTP request sent, awaiting response... 200 OK
Length: 11106 (11K) [text/html]
Saving to: 'docs_live/gb2312/book01/chapter06.htm'

     0K ..........                                            100% 70.1M=0s

2025-11-07 13:32:19 (70.1 MB/s) - 'docs_live/gb2312/book01/chapter06.htm' saved [11106/11106]

--2025-11-07 13:32:19--  http://ekklesiahistory.fttt.org.tw/gb2312/book01/chapter07.htm
Reusing existing connection to ekklesiahistory.fttt.org.tw:80.
HTTP request sent, awaiting response... 200 OK
Length: 15356 (15K) [text/html]
Saving to: 'docs_live/gb2312/book01/chapter07.htm'

     0K .......... ....                                       100%  126M=0s

2025-11-07 13:32:19 (126 MB/s) - 'docs_live/gb2312/book01/chapter07.htm' saved [15356/15356]

--2025-11-07 13:32:19--  http://ekklesiahistory.fttt.org.tw/gb2312/book01/chapter08.htm
Reusing existing connection to ekklesiahistory.fttt.org.tw:80.
HTTP request sent, awaiting response... 200 OK
Length: 10031 (9.8K) [text/html]
Saving to: 'docs_live/gb2312/book01/chapter08.htm'

     0K .........                                             100% 78.6M=0s

2025-11-07 13:32:19 (78.6 MB/s) - 'docs_live/gb2312/book01/chapter08.htm' saved [10031/10031]

--2025-11-07 13:32:19--  http://ekklesiahistory.fttt.org.tw/gb2312/book01/chapter09.htm
Reusing existing connection to ekklesiahistory.fttt.org.tw:80.
HTTP request sent, awaiting response... 200 OK
Length: 5154 (5.0K) [text/html]
Saving to: 'docs_live/gb2312/book01/chapter09.htm'

     0K .....                                                 100%  239M=0s

2025-11-07 13:32:20 (239 MB/s) - 'docs_live/gb2312/book01/chapter09.htm' saved [5154/5154]

--2025-11-07 13:32:20--  http://ekklesiahistory.fttt.org.tw/gb2312/book01/chapter10.htm
Connecting to ekklesiahistory.fttt.org.tw (ekklesiahistory.fttt.org.tw)|152.42.191.121|:80... connected.
HTTP request sent, awaiting response... 200 OK
Length: 6465 (6.3K) [text/html]
Saving to: 'docs_live/gb2312/book01/chapter10.htm'

     0K ......                                                100%  144M=0s

2025-11-07 13:32:20 (144 MB/s) - 'docs_live/gb2312/book01/chapter10.htm' saved [6465/6465]

--2025-11-07 13:32:20--  http://ekklesiahistory.fttt.org.tw/gb2312/book01/chapter11.htm
Reusing existing connection to ekklesiahistory.fttt.org.tw:80.
HTTP request sent, awaiting response... 200 OK
Length: 5192 (5.1K) [text/html]
Saving to: 'docs_live/gb2312/book01/chapter11.htm'

     0K .....                                                 100%  117M=0s

2025-11-07 13:32:20 (117 MB/s) - 'docs_live/gb2312/book01/chapter11.htm' saved [5192/5192]

--2025-11-07 13:32:20--  http://ekklesiahistory.fttt.org.tw/gb2312/book01/chapter12.htm
Reusing existing connection to ekklesiahistory.fttt.org.tw:80.
HTTP request sent, awaiting response... 200 OK
Length: 7003 (6.8K) [text/html]
Saving to: 'docs_live/gb2312/book01/chapter12.htm'

     0K ......                                                100% 61.3M=0s

2025-11-07 13:32:20 (61.3 MB/s) - 'docs_live/gb2312/book01/chapter12.htm' saved [7003/7003]

--2025-11-07 13:32:20--  http://ekklesiahistory.fttt.org.tw/gb2312/book01/chapter13.htm
Reusing existing connection to ekklesiahistory.fttt.org.tw:80.
HTTP request sent, awaiting response... 200 OK
Length: 13600 (13K) [text/html]
Saving to: 'docs_live/gb2312/book01/chapter13.htm'

     0K .......... ...                                        100%  159M=0s

2025-11-07 13:32:20 (159 MB/s) - 'docs_live/gb2312/book01/chapter13.htm' saved [13600/13600]

--2025-11-07 13:32:20--  http://ekklesiahistory.fttt.org.tw/gb2312/book02/chapter00.htm
Reusing existing connection to ekklesiahistory.fttt.org.tw:80.
HTTP request sent, awaiting response... 200 OK
Length: 2074 (2.0K) [text/html]
Saving to: 'docs_live/gb2312/book02/chapter00.htm'

     0K ..                                                    100% 92.5M=0s

2025-11-07 13:32:20 (92.5 MB/s) - 'docs_live/gb2312/book02/chapter00.htm' saved [2074/2074]

--2025-11-07 13:32:20--  http://ekklesiahistory.fttt.org.tw/gb2312/book02/chapter01.htm
Reusing existing connection to ekklesiahistory.fttt.org.tw:80.
HTTP request sent, awaiting response... 200 OK
Length: 10843 (11K) [text/html]
Saving to: 'docs_live/gb2312/book02/chapter01.htm'

     0K ..........                                            100% 33.1M=0s

2025-11-07 13:32:20 (33.1 MB/s) - 'docs_live/gb2312/book02/chapter01.htm' saved [10843/10843]

--2025-11-07 13:32:20--  http://ekklesiahistory.fttt.org.tw/gb2312/book02/chapter02.htm
Reusing existing connection to ekklesiahistory.fttt.org.tw:80.
HTTP request sent, awaiting response... 200 OK
Length: 5892 (5.8K) [text/html]
Saving to: 'docs_live/gb2312/book02/chapter02.htm'

     0K .....                                                 100%  369M=0s

2025-11-07 13:32:20 (369 MB/s) - 'docs_live/gb2312/book02/chapter02.htm' saved [5892/5892]

--2025-11-07 13:32:20--  http://ekklesiahistory.fttt.org.tw/gb2312/book02/chapter03.htm
Reusing existing connection to ekklesiahistory.fttt.org.tw:80.
HTTP request sent, awaiting response... 200 OK
Length: 4974 (4.9K) [text/html]
Saving to: 'docs_live/gb2312/book02/chapter03.htm'

     0K ....                                                  100%  377M=0s

2025-11-07 13:32:21 (377 MB/s) - 'docs_live/gb2312/book02/chapter03.htm' saved [4974/4974]

--2025-11-07 13:32:21--  http://ekklesiahistory.fttt.org.tw/gb2312/book02/chapter04.htm
Reusing existing connection to ekklesiahistory.fttt.org.tw:80.
HTTP request sent, awaiting response... 200 OK
Length: 4809 (4.7K) [text/html]
Saving to: 'docs_live/gb2312/book02/chapter04.htm'

     0K ....                                                  100%  136M=0s

2025-11-07 13:32:21 (136 MB/s) - 'docs_live/gb2312/book02/chapter04.htm' saved [4809/4809]

--2025-11-07 13:32:21--  http://ekklesiahistory.fttt.org.tw/gb2312/book02/chapter05.htm
Reusing existing connection to ekklesiahistory.fttt.org.tw:80.
HTTP request sent, awaiting response... 200 OK
Length: 6873 (6.7K) [text/html]
Saving to: 'docs_live/gb2312/book02/chapter05.htm'

     0K ......                                                100%  151M=0s

2025-11-07 13:32:21 (151 MB/s) - 'docs_live/gb2312/book02/chapter05.htm' saved [6873/6873]

--2025-11-07 13:32:21--  http://ekklesiahistory.fttt.org.tw/gb2312/book02/chapter06.htm
Reusing existing connection to ekklesiahistory.fttt.org.tw:80.
HTTP request sent, awaiting response... 200 OK
Length: 5534 (5.4K) [text/html]
Saving to: 'docs_live/gb2312/book02/chapter06.htm'

     0K .....                                                 100%  116M=0s

2025-11-07 13:32:21 (116 MB/s) - 'docs_live/gb2312/book02/chapter06.htm' saved [5534/5534]

--2025-11-07 13:32:21--  http://ekklesiahistory.fttt.org.tw/gb2312/book02/chapter07.htm
Reusing existing connection to ekklesiahistory.fttt.org.tw:80.
HTTP request sent, awaiting response... 200 OK
Length: 2640 (2.6K) [text/html]
Saving to: 'docs_live/gb2312/book02/chapter07.htm'

     0K ..                                                    100%  106M=0s

2025-11-07 13:32:21 (106 MB/s) - 'docs_live/gb2312/book02/chapter07.htm' saved [2640/2640]

--2025-11-07 13:32:21--  http://ekklesiahistory.fttt.org.tw/gb2312/book02/chapter08.htm
Reusing existing connection to ekklesiahistory.fttt.org.tw:80.
HTTP request sent, awaiting response... 200 OK
Length: 2607 (2.5K) [text/html]
Saving to: 'docs_live/gb2312/book02/chapter08.htm'

     0K ..                                                    100% 88.5M=0s

2025-11-07 13:32:21 (88.5 MB/s) - 'docs_live/gb2312/book02/chapter08.htm' saved [2607/2607]

--2025-11-07 13:32:21--  http://ekklesiahistory.fttt.org.tw/gb2312/book02/chapter09.htm
Reusing existing connection to ekklesiahistory.fttt.org.tw:80.
HTTP request sent, awaiting response... 200 OK
Length: 3818 (3.7K) [text/html]
Saving to: 'docs_live/gb2312/book02/chapter09.htm'

     0K ...                                                   100%  131M=0s

2025-11-07 13:32:21 (131 MB/s) - 'docs_live/gb2312/book02/chapter09.htm' saved [3818/3818]

--2025-11-07 13:32:21--  http://ekklesiahistory.fttt.org.tw/gb2312/book02/chapter10.htm
Reusing existing connection to ekklesiahistory.fttt.org.tw:80.
HTTP request sent, awaiting response... 200 OK
Length: 7021 (6.9K) [text/html]
Saving to: 'docs_live/gb2312/book02/chapter10.htm'

     0K ......                                                100%  192M=0s

2025-11-07 13:32:21 (192 MB/s) - 'docs_live/gb2312/book02/chapter10.htm' saved [7021/7021]

--2025-11-07 13:32:21--  http://ekklesiahistory.fttt.org.tw/gb2312/book02/chapter11.htm
Reusing existing connection to ekklesiahistory.fttt.org.tw:80.
HTTP request sent, awaiting response... 200 OK
Length: 5091 (5.0K) [text/html]
Saving to: 'docs_live/gb2312/book02/chapter11.htm'

     0K ....                                                  100% 94.7M=0s

2025-11-07 13:32:21 (94.7 MB/s) - 'docs_live/gb2312/book02/chapter11.htm' saved [5091/5091]

--2025-11-07 13:32:21--  http://ekklesiahistory.fttt.org.tw/gb2312/book02/chapter12.htm
Reusing existing connection to ekklesiahistory.fttt.org.tw:80.
HTTP request sent, awaiting response... 200 OK
Length: 2605 (2.5K) [text/html]
Saving to: 'docs_live/gb2312/book02/chapter12.htm'

     0K ..                                                    100% 35.5M=0s

2025-11-07 13:32:22 (35.5 MB/s) - 'docs_live/gb2312/book02/chapter12.htm' saved [2605/2605]

--2025-11-07 13:32:22--  http://ekklesiahistory.fttt.org.tw/gb2312/book02/chapter13.htm
Reusing existing connection to ekklesiahistory.fttt.org.tw:80.
HTTP request sent, awaiting response... 200 OK
Length: 8814 (8.6K) [text/html]
Saving to: 'docs_live/gb2312/book02/chapter13.htm'

     0K ........                                              100%  129M=0s

2025-11-07 13:32:22 (129 MB/s) - 'docs_live/gb2312/book02/chapter13.htm' saved [8814/8814]

--2025-11-07 13:32:22--  http://ekklesiahistory.fttt.org.tw/gb2312/book02/chapter14.htm
Reusing existing connection to ekklesiahistory.fttt.org.tw:80.
HTTP request sent, awaiting response... 200 OK
Length: 5212 (5.1K) [text/html]
Saving to: 'docs_live/gb2312/book02/chapter14.htm'

     0K .....                                                 100%  137M=0s

2025-11-07 13:32:22 (137 MB/s) - 'docs_live/gb2312/book02/chapter14.htm' saved [5212/5212]

--2025-11-07 13:32:22--  http://ekklesiahistory.fttt.org.tw/gb2312/book02/chapter15.htm
Reusing existing connection to ekklesiahistory.fttt.org.tw:80.
HTTP request sent, awaiting response... 200 OK
Length: 3875 (3.8K) [text/html]
Saving to: 'docs_live/gb2312/book02/chapter15.htm'

     0K ...                                                   100%  123M=0s

2025-11-07 13:32:22 (123 MB/s) - 'docs_live/gb2312/book02/chapter15.htm' saved [3875/3875]

--2025-11-07 13:32:22--  http://ekklesiahistory.fttt.org.tw/gb2312/book02/chapter16.htm
Reusing existing connection to ekklesiahistory.fttt.org.tw:80.
HTTP request sent, awaiting response... 200 OK
Length: 2651 (2.6K) [text/html]
Saving to: 'docs_live/gb2312/book02/chapter16.htm'

     0K ..                                                    100%  137M=0s

2025-11-07 13:32:22 (137 MB/s) - 'docs_live/gb2312/book02/chapter16.htm' saved [2651/2651]

--2025-11-07 13:32:22--  http://ekklesiahistory.fttt.org.tw/gb2312/book02/chapter17.htm
Reusing existing connection to ekklesiahistory.fttt.org.tw:80.
HTTP request sent, awaiting response... 200 OK
Length: 10893 (11K) [text/html]
Saving to: 'docs_live/gb2312/book02/chapter17.htm'

     0K ..........                                            100% 46.5M=0s

2025-11-07 13:32:22 (46.5 MB/s) - 'docs_live/gb2312/book02/chapter17.htm' saved [10893/10893]

--2025-11-07 13:32:22--  http://ekklesiahistory.fttt.org.tw/gb2312/book02/chapter18.htm
Reusing existing connection to ekklesiahistory.fttt.org.tw:80.
HTTP request sent, awaiting response... 200 OK
Length: 7804 (7.6K) [text/html]
Saving to: 'docs_live/gb2312/book02/chapter18.htm'

     0K .......                                               100%  153M=0s

2025-11-07 13:32:22 (153 MB/s) - 'docs_live/gb2312/book02/chapter18.htm' saved [7804/7804]

--2025-11-07 13:32:22--  http://ekklesiahistory.fttt.org.tw/gb2312/book02/chapter19.htm
Reusing existing connection to ekklesiahistory.fttt.org.tw:80.
HTTP request sent, awaiting response... 200 OK
Length: 3906 (3.8K) [text/html]
Saving to: 'docs_live/gb2312/book02/chapter19.htm'

     0K ...                                                   100%  118M=0s

2025-11-07 13:32:22 (118 MB/s) - 'docs_live/gb2312/book02/chapter19.htm' saved [3906/3906]

--2025-11-07 13:32:22--  http://ekklesiahistory.fttt.org.tw/gb2312/book02/chapter20.htm
Reusing existing connection to ekklesiahistory.fttt.org.tw:80.
HTTP request sent, awaiting response... 200 OK
Length: 4587 (4.5K) [text/html]
Saving to: 'docs_live/gb2312/book02/chapter20.htm'

     0K ....                                                  100%  117M=0s

2025-11-07 13:32:22 (117 MB/s) - 'docs_live/gb2312/book02/chapter20.htm' saved [4587/4587]

--2025-11-07 13:32:22--  http://ekklesiahistory.fttt.org.tw/gb2312/book02/chapter21.htm
Reusing existing connection to ekklesiahistory.fttt.org.tw:80.
HTTP request sent, awaiting response... 200 OK
Length: 2708 (2.6K) [text/html]
Saving to: 'docs_live/gb2312/book02/chapter21.htm'

     0K ..                                                    100%  173M=0s

2025-11-07 13:32:22 (173 MB/s) - 'docs_live/gb2312/book02/chapter21.htm' saved [2708/2708]

--2025-11-07 13:32:22--  http://ekklesiahistory.fttt.org.tw/gb2312/book02/chapter22.htm
Reusing existing connection to ekklesiahistory.fttt.org.tw:80.
HTTP request sent, awaiting response... 200 OK
Length: 6826 (6.7K) [text/html]
Saving to: 'docs_live/gb2312/book02/chapter22.htm'

     0K ......                                                100%  153M=0s

2025-11-07 13:32:23 (153 MB/s) - 'docs_live/gb2312/book02/chapter22.htm' saved [6826/6826]

--2025-11-07 13:32:23--  http://ekklesiahistory.fttt.org.tw/gb2312/book02/chapter23.htm
Reusing existing connection to ekklesiahistory.fttt.org.tw:80.
HTTP request sent, awaiting response... 200 OK
Length: 14011 (14K) [text/html]
Saving to: 'docs_live/gb2312/book02/chapter23.htm'

     0K .......... ...                                        100% 61.8M=0s

2025-11-07 13:32:23 (61.8 MB/s) - 'docs_live/gb2312/book02/chapter23.htm' saved [14011/14011]

--2025-11-07 13:32:23--  http://ekklesiahistory.fttt.org.tw/gb2312/book02/chapter24.htm
Reusing existing connection to ekklesiahistory.fttt.org.tw:80.
HTTP request sent, awaiting response... 200 OK
Length: 1785 (1.7K) [text/html]
Saving to: 'docs_live/gb2312/book02/chapter24.htm'

     0K .                                                     100% 68.1M=0s

2025-11-07 13:32:23 (68.1 MB/s) - 'docs_live/gb2312/book02/chapter24.htm' saved [1785/1785]

--2025-11-07 13:32:23--  http://ekklesiahistory.fttt.org.tw/gb2312/book02/chapter25.htm
Reusing existing connection to ekklesiahistory.fttt.org.tw:80.
HTTP request sent, awaiting response... 200 OK
Length: 9908 (9.7K) [text/html]
Saving to: 'docs_live/gb2312/book02/chapter25.htm'

     0K .........                                             100%  111M=0s

2025-11-07 13:32:23 (111 MB/s) - 'docs_live/gb2312/book02/chapter25.htm' saved [9908/9908]

--2025-11-07 13:32:23--  http://ekklesiahistory.fttt.org.tw/gb2312/book02/chapter26.htm
Reusing existing connection to ekklesiahistory.fttt.org.tw:80.
HTTP request sent, awaiting response... 200 OK
Length: 3232 (3.2K) [text/html]
Saving to: 'docs_live/gb2312/book02/chapter26.htm'

     0K ...                                                   100%  120M=0s

2025-11-07 13:32:23 (120 MB/s) - 'docs_live/gb2312/book02/chapter26.htm' saved [3232/3232]

--2025-11-07 13:32:23--  http://ekklesiahistory.fttt.org.tw/gb2312/book03/chapter01.htm
Reusing existing connection to ekklesiahistory.fttt.org.tw:80.
HTTP request sent, awaiting response... 200 OK
Length: 4376 (4.3K) [text/html]
Saving to: 'docs_live/gb2312/book03/chapter01.htm'

     0K ....                                                  100%  200M=0s

2025-11-07 13:32:23 (200 MB/s) - 'docs_live/gb2312/book03/chapter01.htm' saved [4376/4376]

--2025-11-07 13:32:23--  http://ekklesiahistory.fttt.org.tw/gb2312/book03/chapter02.htm
Reusing existing connection to ekklesiahistory.fttt.org.tw:80.
HTTP request sent, awaiting response... 200 OK
Length: 3181 (3.1K) [text/html]
Saving to: 'docs_live/gb2312/book03/chapter02.htm'

     0K ...                                                   100%  291M=0s

2025-11-07 13:32:23 (291 MB/s) - 'docs_live/gb2312/book03/chapter02.htm' saved [3181/3181]

--2025-11-07 13:32:23--  http://ekklesiahistory.fttt.org.tw/gb2312/book03/chapter03.htm
Reusing existing connection to ekklesiahistory.fttt.org.tw:80.
HTTP request sent, awaiting response... 200 OK
Length: 9811 (9.6K) [text/html]
Saving to: 'docs_live/gb2312/book03/chapter03.htm'

     0K .........                                             100%  103M=0s

2025-11-07 13:32:23 (103 MB/s) - 'docs_live/gb2312/book03/chapter03.htm' saved [9811/9811]

--2025-11-07 13:32:23--  http://ekklesiahistory.fttt.org.tw/gb2312/book03/chapter04.htm
Reusing existing connection to ekklesiahistory.fttt.org.tw:80.
HTTP request sent, awaiting response... 200 OK
Length: 9863 (9.6K) [text/html]
Saving to: 'docs_live/gb2312/book03/chapter04.htm'

     0K .........                                             100% 77.8M=0s

2025-11-07 13:32:23 (77.8 MB/s) - 'docs_live/gb2312/book03/chapter04.htm' saved [9863/9863]

--2025-11-07 13:32:23--  http://ekklesiahistory.fttt.org.tw/gb2312/book03/chapter05.htm
Reusing existing connection to ekklesiahistory.fttt.org.tw:80.
HTTP request sent, awaiting response... 200 OK
Length: 4451 (4.3K) [text/html]
Saving to: 'docs_live/gb2312/book03/chapter05.htm'

     0K ....                                                  100% 87.7M=0s

2025-11-07 13:32:24 (87.7 MB/s) - 'docs_live/gb2312/book03/chapter05.htm' saved [4451/4451]

--2025-11-07 13:32:24--  http://ekklesiahistory.fttt.org.tw/gb2312/book03/chapter06.htm
Reusing existing connection to ekklesiahistory.fttt.org.tw:80.
HTTP request sent, awaiting response... 200 OK
Length: 11698 (11K) [text/html]
Saving to: 'docs_live/gb2312/book03/chapter06.htm'

     0K .......... .                                          100% 62.9M=0s

2025-11-07 13:32:24 (62.9 MB/s) - 'docs_live/gb2312/book03/chapter06.htm' saved [11698/11698]

--2025-11-07 13:32:24--  http://ekklesiahistory.fttt.org.tw/gb2312/book03/chapter07.htm
Reusing existing connection to ekklesiahistory.fttt.org.tw:80.
HTTP request sent, awaiting response... 200 OK
Length: 5121 (5.0K) [text/html]
Saving to: 'docs_live/gb2312/book03/chapter07.htm'

     0K .....                                                 100%  109M=0s

2025-11-07 13:32:24 (109 MB/s) - 'docs_live/gb2312/book03/chapter07.htm' saved [5121/5121]

--2025-11-07 13:32:24--  http://ekklesiahistory.fttt.org.tw/gb2312/book03/chapter08.htm
Reusing existing connection to ekklesiahistory.fttt.org.tw:80.
HTTP request sent, awaiting response... 200 OK
Length: 5771 (5.6K) [text/html]
Saving to: 'docs_live/gb2312/book03/chapter08.htm'

     0K .....                                                 100% 93.7M=0s

2025-11-07 13:32:24 (93.7 MB/s) - 'docs_live/gb2312/book03/chapter08.htm' saved [5771/5771]

--2025-11-07 13:32:24--  http://ekklesiahistory.fttt.org.tw/gb2312/book03/chapter09.htm
Reusing existing connection to ekklesiahistory.fttt.org.tw:80.
HTTP request sent, awaiting response... 200 OK
Length: 4249 (4.1K) [text/html]
Saving to: 'docs_live/gb2312/book03/chapter09.htm'

     0K ....                                                  100%  103M=0s

2025-11-07 13:32:24 (103 MB/s) - 'docs_live/gb2312/book03/chapter09.htm' saved [4249/4249]

--2025-11-07 13:32:24--  http://ekklesiahistory.fttt.org.tw/gb2312/book03/chapter10.htm
Reusing existing connection to ekklesiahistory.fttt.org.tw:80.
HTTP request sent, awaiting response... 200 OK
Length: 6932 (6.8K) [text/html]
Saving to: 'docs_live/gb2312/book03/chapter10.htm'

     0K ......                                                100%  173M=0s

2025-11-07 13:32:24 (173 MB/s) - 'docs_live/gb2312/book03/chapter10.htm' saved [6932/6932]

--2025-11-07 13:32:24--  http://ekklesiahistory.fttt.org.tw/gb2312/book03/chapter11.htm
Reusing existing connection to ekklesiahistory.fttt.org.tw:80.
HTTP request sent, awaiting response... 200 OK
Length: 2313 (2.3K) [text/html]
Saving to: 'docs_live/gb2312/book03/chapter11.htm'

     0K ..                                                    100%  102M=0s

2025-11-07 13:32:24 (102 MB/s) - 'docs_live/gb2312/book03/chapter11.htm' saved [2313/2313]

--2025-11-07 13:32:24--  http://ekklesiahistory.fttt.org.tw/gb2312/book03/chapter12.htm
Reusing existing connection to ekklesiahistory.fttt.org.tw:80.
HTTP request sent, awaiting response... 200 OK
Length: 1912 (1.9K) [text/html]
Saving to: 'docs_live/gb2312/book03/chapter12.htm'

     0K .                                                     100%  201M=0s

2025-11-07 13:32:24 (201 MB/s) - 'docs_live/gb2312/book03/chapter12.htm' saved [1912/1912]

--2025-11-07 13:32:24--  http://ekklesiahistory.fttt.org.tw/gb2312/book03/chapter13.htm
Reusing existing connection to ekklesiahistory.fttt.org.tw:80.
HTTP request sent, awaiting response... 200 OK
Length: 1950 (1.9K) [text/html]
Saving to: 'docs_live/gb2312/book03/chapter13.htm'

     0K .                                                     100% 88.0M=0s

2025-11-07 13:32:24 (88.0 MB/s) - 'docs_live/gb2312/book03/chapter13.htm' saved [1950/1950]

--2025-11-07 13:32:24--  http://ekklesiahistory.fttt.org.tw/gb2312/book03/chapter14.htm
Reusing existing connection to ekklesiahistory.fttt.org.tw:80.
HTTP request sent, awaiting response... 200 OK
Length: 1913 (1.9K) [text/html]
Saving to: 'docs_live/gb2312/book03/chapter14.htm'

     0K .                                                     100% 66.9M=0s

2025-11-07 13:32:25 (66.9 MB/s) - 'docs_live/gb2312/book03/chapter14.htm' saved [1913/1913]

--2025-11-07 13:32:25--  http://ekklesiahistory.fttt.org.tw/gb2312/book03/chapter15.htm
Reusing existing connection to ekklesiahistory.fttt.org.tw:80.
HTTP request sent, awaiting response... 200 OK
Length: 1993 (1.9K) [text/html]
Saving to: 'docs_live/gb2312/book03/chapter15.htm'

     0K .                                                     100% 68.7M=0s

2025-11-07 13:32:25 (68.7 MB/s) - 'docs_live/gb2312/book03/chapter15.htm' saved [1993/1993]

--2025-11-07 13:32:25--  http://ekklesiahistory.fttt.org.tw/gb2312/book03/chapter16.htm
Reusing existing connection to ekklesiahistory.fttt.org.tw:80.
HTTP request sent, awaiting response... 200 OK
Length: 2467 (2.4K) [text/html]
Saving to: 'docs_live/gb2312/book03/chapter16.htm'

     0K ..                                                    100%  125M=0s

2025-11-07 13:32:25 (125 MB/s) - 'docs_live/gb2312/book03/chapter16.htm' saved [2467/2467]

--2025-11-07 13:32:25--  http://ekklesiahistory.fttt.org.tw/gb2312/book03/chapter17.htm
Reusing existing connection to ekklesiahistory.fttt.org.tw:80.
HTTP request sent, awaiting response... 200 OK
Length: 2515 (2.5K) [text/html]
Saving to: 'docs_live/gb2312/book03/chapter17.htm'

     0K ..                                                    100%  182M=0s

2025-11-07 13:32:25 (182 MB/s) - 'docs_live/gb2312/book03/chapter17.htm' saved [2515/2515]

--2025-11-07 13:32:25--  http://ekklesiahistory.fttt.org.tw/gb2312/book03/chapter18.htm
Reusing existing connection to ekklesiahistory.fttt.org.tw:80.
HTTP request sent, awaiting response... 200 OK
Length: 3354 (3.3K) [text/html]
Saving to: 'docs_live/gb2312/book03/chapter18.htm'

     0K ...                                                   100% 7.45M=0s

2025-11-07 13:32:25 (7.45 MB/s) - 'docs_live/gb2312/book03/chapter18.htm' saved [3354/3354]

--2025-11-07 13:32:25--  http://ekklesiahistory.fttt.org.tw/gb2312/book03/chapter19.htm
Reusing existing connection to ekklesiahistory.fttt.org.tw:80.
HTTP request sent, awaiting response... 200 OK
Length: 1956 (1.9K) [text/html]
Saving to: 'docs_live/gb2312/book03/chapter19.htm'

     0K .                                                     100% 68.8M=0s

2025-11-07 13:32:25 (68.8 MB/s) - 'docs_live/gb2312/book03/chapter19.htm' saved [1956/1956]

--2025-11-07 13:32:25--  http://ekklesiahistory.fttt.org.tw/gb2312/book03/chapter20.htm
Reusing existing connection to ekklesiahistory.fttt.org.tw:80.
HTTP request sent, awaiting response... 200 OK
Length: 4771 (4.7K) [text/html]
Saving to: 'docs_live/gb2312/book03/chapter20.htm'

     0K ....                                                  100%  118M=0s

2025-11-07 13:32:25 (118 MB/s) - 'docs_live/gb2312/book03/chapter20.htm' saved [4771/4771]

--2025-11-07 13:32:25--  http://ekklesiahistory.fttt.org.tw/gb2312/book03/chapter21.htm
Reusing existing connection to ekklesiahistory.fttt.org.tw:80.
HTTP request sent, awaiting response... 200 OK
Length: 2311 (2.3K) [text/html]
Saving to: 'docs_live/gb2312/book03/chapter21.htm'

     0K ..                                                    100%  234M=0s

2025-11-07 13:32:25 (234 MB/s) - 'docs_live/gb2312/book03/chapter21.htm' saved [2311/2311]

--2025-11-07 13:32:25--  http://ekklesiahistory.fttt.org.tw/gb2312/book03/chapter22.htm
Reusing existing connection to ekklesiahistory.fttt.org.tw:80.
HTTP request sent, awaiting response... 200 OK
Length: 2278 (2.2K) [text/html]
Saving to: 'docs_live/gb2312/book03/chapter22.htm'

     0K ..                                                    100%  126M=0s

2025-11-07 13:32:25 (126 MB/s) - 'docs_live/gb2312/book03/chapter22.htm' saved [2278/2278]

--2025-11-07 13:32:25--  http://ekklesiahistory.fttt.org.tw/gb2312/book03/chapter23.htm
Reusing existing connection to ekklesiahistory.fttt.org.tw:80.
HTTP request sent, awaiting response... 200 OK
Length: 9382 (9.2K) [text/html]
Saving to: 'docs_live/gb2312/book03/chapter23.htm'

     0K .........                                             100%  274M=0s

2025-11-07 13:32:25 (274 MB/s) - 'docs_live/gb2312/book03/chapter23.htm' saved [9382/9382]

--2025-11-07 13:32:25--  http://ekklesiahistory.fttt.org.tw/gb2312/book03/chapter24.htm
Reusing existing connection to ekklesiahistory.fttt.org.tw:80.
HTTP request sent, awaiting response... 200 OK
Length: 13238 (13K) [text/html]
Saving to: 'docs_live/gb2312/book03/chapter24.htm'

     0K .......... ..                                         100%  207M=0s

2025-11-07 13:32:26 (207 MB/s) - 'docs_live/gb2312/book03/chapter24.htm' saved [13238/13238]

--2025-11-07 13:32:26--  http://ekklesiahistory.fttt.org.tw/gb2312/book03/chapter25.htm
Reusing existing connection to ekklesiahistory.fttt.org.tw:80.
HTTP request sent, awaiting response... 200 OK
Length: 7978 (7.8K) [text/html]
Saving to: 'docs_live/gb2312/book03/chapter25.htm'

     0K .......                                               100% 47.9M=0s

2025-11-07 13:32:26 (47.9 MB/s) - 'docs_live/gb2312/book03/chapter25.htm' saved [7978/7978]

--2025-11-07 13:32:26--  http://ekklesiahistory.fttt.org.tw/gb2312/book03/chapter26.htm
Reusing existing connection to ekklesiahistory.fttt.org.tw:80.
HTTP request sent, awaiting response... 200 OK
Length: 3149 (3.1K) [text/html]
Saving to: 'docs_live/gb2312/book03/chapter26.htm'

     0K ...                                                   100%  125M=0s

2025-11-07 13:32:26 (125 MB/s) - 'docs_live/gb2312/book03/chapter26.htm' saved [3149/3149]

--2025-11-07 13:32:26--  http://ekklesiahistory.fttt.org.tw/gb2312/book03/chapter27.htm
Reusing existing connection to ekklesiahistory.fttt.org.tw:80.
HTTP request sent, awaiting response... 200 OK
Length: 5321 (5.2K) [text/html]
Saving to: 'docs_live/gb2312/book03/chapter27.htm'

     0K .....                                                 100% 68.6M=0s

2025-11-07 13:32:26 (68.6 MB/s) - 'docs_live/gb2312/book03/chapter27.htm' saved [5321/5321]

--2025-11-07 13:32:26--  http://ekklesiahistory.fttt.org.tw/gb2312/book03/chapter28.htm
Reusing existing connection to ekklesiahistory.fttt.org.tw:80.
HTTP request sent, awaiting response... 200 OK
Length: 5268 (5.1K) [text/html]
Saving to: 'docs_live/gb2312/book03/chapter28.htm'

     0K .....                                                 100%  118M=0s

2025-11-07 13:32:26 (118 MB/s) - 'docs_live/gb2312/book03/chapter28.htm' saved [5268/5268]

--2025-11-07 13:32:26--  http://ekklesiahistory.fttt.org.tw/gb2312/book03/chapter29.htm
Reusing existing connection to ekklesiahistory.fttt.org.tw:80.
HTTP request sent, awaiting response... 200 OK
Length: 4150 (4.1K) [text/html]
Saving to: 'docs_live/gb2312/book03/chapter29.htm'

     0K ....                                                  100%  214M=0s

2025-11-07 13:32:26 (214 MB/s) - 'docs_live/gb2312/book03/chapter29.htm' saved [4150/4150]

--2025-11-07 13:32:26--  http://ekklesiahistory.fttt.org.tw/gb2312/book03/chapter30.htm
Reusing existing connection to ekklesiahistory.fttt.org.tw:80.
HTTP request sent, awaiting response... 200 OK
Length: 3730 (3.6K) [text/html]
Saving to: 'docs_live/gb2312/book03/chapter30.htm'

     0K ...                                                   100% 79.9M=0s

2025-11-07 13:32:26 (79.9 MB/s) - 'docs_live/gb2312/book03/chapter30.htm' saved [3730/3730]

--2025-11-07 13:32:26--  http://ekklesiahistory.fttt.org.tw/gb2312/book03/chapter31.htm
Reusing existing connection to ekklesiahistory.fttt.org.tw:80.
HTTP request sent, awaiting response... 200 OK
Length: 3876 (3.8K) [text/html]
Saving to: 'docs_live/gb2312/book03/chapter31.htm'

     0K ...                                                   100% 66.6M=0s

2025-11-07 13:32:26 (66.6 MB/s) - 'docs_live/gb2312/book03/chapter31.htm' saved [3876/3876]

--2025-11-07 13:32:26--  http://ekklesiahistory.fttt.org.tw/gb2312/book03/chapter32.htm
Reusing existing connection to ekklesiahistory.fttt.org.tw:80.
HTTP request sent, awaiting response... 200 OK
Length: 5289 (5.2K) [text/html]
Saving to: 'docs_live/gb2312/book03/chapter32.htm'

     0K .....                                                 100% 59.1M=0s

2025-11-07 13:32:26 (59.1 MB/s) - 'docs_live/gb2312/book03/chapter32.htm' saved [5289/5289]

--2025-11-07 13:32:26--  http://ekklesiahistory.fttt.org.tw/gb2312/book03/chapter33.htm
Reusing existing connection to ekklesiahistory.fttt.org.tw:80.
HTTP request sent, awaiting response... 200 OK
Length: 4422 (4.3K) [text/html]
Saving to: 'docs_live/gb2312/book03/chapter33.htm'

     0K ....                                                  100%  119M=0s

2025-11-07 13:32:27 (119 MB/s) - 'docs_live/gb2312/book03/chapter33.htm' saved [4422/4422]

--2025-11-07 13:32:27--  http://ekklesiahistory.fttt.org.tw/gb2312/book03/chapter34.htm
Reusing existing connection to ekklesiahistory.fttt.org.tw:80.
HTTP request sent, awaiting response... 200 OK
Length: 1897 (1.9K) [text/html]
Saving to: 'docs_live/gb2312/book03/chapter34.htm'

     0K .                                                     100%  123M=0s

2025-11-07 13:32:27 (123 MB/s) - 'docs_live/gb2312/book03/chapter34.htm' saved [1897/1897]

--2025-11-07 13:32:27--  http://ekklesiahistory.fttt.org.tw/gb2312/book03/chapter35.htm
Reusing existing connection to ekklesiahistory.fttt.org.tw:80.
HTTP request sent, awaiting response... 200 OK
Length: 1948 (1.9K) [text/html]
Saving to: 'docs_live/gb2312/book03/chapter35.htm'

     0K .                                                     100% 98.4M=0s

2025-11-07 13:32:27 (98.4 MB/s) - 'docs_live/gb2312/book03/chapter35.htm' saved [1948/1948]

--2025-11-07 13:32:27--  http://ekklesiahistory.fttt.org.tw/gb2312/book03/chapter36.htm
Reusing existing connection to ekklesiahistory.fttt.org.tw:80.
HTTP request sent, awaiting response... 200 OK
Length: 8840 (8.6K) [text/html]
Saving to: 'docs_live/gb2312/book03/chapter36.htm'

     0K ........                                              100%  114M=0s

2025-11-07 13:32:27 (114 MB/s) - 'docs_live/gb2312/book03/chapter36.htm' saved [8840/8840]

--2025-11-07 13:32:27--  http://ekklesiahistory.fttt.org.tw/gb2312/book03/chapter37.htm
Reusing existing connection to ekklesiahistory.fttt.org.tw:80.
HTTP request sent, awaiting response... 200 OK
Length: 3074 (3.0K) [text/html]
Saving to: 'docs_live/gb2312/book03/chapter37.htm'

     0K ...                                                   100%  117M=0s

2025-11-07 13:32:27 (117 MB/s) - 'docs_live/gb2312/book03/chapter37.htm' saved [3074/3074]

--2025-11-07 13:32:27--  http://ekklesiahistory.fttt.org.tw/gb2312/book03/chapter38.htm
Reusing existing connection to ekklesiahistory.fttt.org.tw:80.
HTTP request sent, awaiting response... 200 OK
Length: 3369 (3.3K) [text/html]
Saving to: 'docs_live/gb2312/book03/chapter38.htm'

     0K ...                                                   100% 83.0M=0s

2025-11-07 13:32:27 (83.0 MB/s) - 'docs_live/gb2312/book03/chapter38.htm' saved [3369/3369]

--2025-11-07 13:32:27--  http://ekklesiahistory.fttt.org.tw/gb2312/book03/chapter39.htm
Reusing existing connection to ekklesiahistory.fttt.org.tw:80.
HTTP request sent, awaiting response... 200 OK
Length: 9735 (9.5K) [text/html]
Saving to: 'docs_live/gb2312/book03/chapter39.htm'

     0K .........                                             100% 81.8M=0s

2025-11-07 13:32:27 (81.8 MB/s) - 'docs_live/gb2312/book03/chapter39.htm' saved [9735/9735]

--2025-11-07 13:32:27--  http://ekklesiahistory.fttt.org.tw/gb2312/book04/chapter01.htm
Reusing existing connection to ekklesiahistory.fttt.org.tw:80.
HTTP request sent, awaiting response... 200 OK
Length: 1448 (1.4K) [text/html]
Saving to: 'docs_live/gb2312/book04/chapter01.htm'

     0K .                                                     100% 74.8M=0s

2025-11-07 13:32:27 (74.8 MB/s) - 'docs_live/gb2312/book04/chapter01.htm' saved [1448/1448]

--2025-11-07 13:32:27--  http://ekklesiahistory.fttt.org.tw/gb2312/book04/chapter02.htm
Reusing existing connection to ekklesiahistory.fttt.org.tw:80.
HTTP request sent, awaiting response... 200 OK
Length: 4086 (4.0K) [text/html]
Saving to: 'docs_live/gb2312/book04/chapter02.htm'

     0K ...                                                   100%  194M=0s

2025-11-07 13:32:27 (194 MB/s) - 'docs_live/gb2312/book04/chapter02.htm' saved [4086/4086]

--2025-11-07 13:32:27--  http://ekklesiahistory.fttt.org.tw/gb2312/book04/chapter03.htm
Reusing existing connection to ekklesiahistory.fttt.org.tw:80.
HTTP request sent, awaiting response... 200 OK
Length: 3510 (3.4K) [text/html]
Saving to: 'docs_live/gb2312/book04/chapter03.htm'

     0K ...                                                   100% 96.9M=0s

2025-11-07 13:32:28 (96.9 MB/s) - 'docs_live/gb2312/book04/chapter03.htm' saved [3510/3510]

--2025-11-07 13:32:28--  http://ekklesiahistory.fttt.org.tw/gb2312/book04/chapter04.htm
Reusing existing connection to ekklesiahistory.fttt.org.tw:80.
HTTP request sent, awaiting response... 200 OK
Length: 1985 (1.9K) [text/html]
Saving to: 'docs_live/gb2312/book04/chapter04.htm'

     0K .                                                     100% 88.0M=0s

2025-11-07 13:32:28 (88.0 MB/s) - 'docs_live/gb2312/book04/chapter04.htm' saved [1985/1985]

--2025-11-07 13:32:28--  http://ekklesiahistory.fttt.org.tw/gb2312/book04/chapter05.htm
Reusing existing connection to ekklesiahistory.fttt.org.tw:80.
HTTP request sent, awaiting response... 200 OK
Length: 3275 (3.2K) [text/html]
Saving to: 'docs_live/gb2312/book04/chapter05.htm'

     0K ...                                                   100% 75.9M=0s

2025-11-07 13:32:28 (75.9 MB/s) - 'docs_live/gb2312/book04/chapter05.htm' saved [3275/3275]

--2025-11-07 13:32:28--  http://ekklesiahistory.fttt.org.tw/gb2312/book04/chapter06.htm
Reusing existing connection to ekklesiahistory.fttt.org.tw:80.
HTTP request sent, awaiting response... 200 OK
Length: 4002 (3.9K) [text/html]
Saving to: 'docs_live/gb2312/book04/chapter06.htm'

     0K ...                                                   100% 76.2M=0s

2025-11-07 13:32:28 (76.2 MB/s) - 'docs_live/gb2312/book04/chapter06.htm' saved [4002/4002]

--2025-11-07 13:32:28--  http://ekklesiahistory.fttt.org.tw/gb2312/book04/chapter07.htm
Reusing existing connection to ekklesiahistory.fttt.org.tw:80.
HTTP request sent, awaiting response... 200 OK
Length: 8681 (8.5K) [text/html]
Saving to: 'docs_live/gb2312/book04/chapter07.htm'

     0K ........                                              100% 17.9M=0s

2025-11-07 13:32:28 (17.9 MB/s) - 'docs_live/gb2312/book04/chapter07.htm' saved [8681/8681]

--2025-11-07 13:32:28--  http://ekklesiahistory.fttt.org.tw/gb2312/book04/chapter08.htm
Reusing existing connection to ekklesiahistory.fttt.org.tw:80.
HTTP request sent, awaiting response... 200 OK
Length: 5756 (5.6K) [text/html]
Saving to: 'docs_live/gb2312/book04/chapter08.htm'

     0K .....                                                 100% 49.0M=0s

2025-11-07 13:32:28 (49.0 MB/s) - 'docs_live/gb2312/book04/chapter08.htm' saved [5756/5756]

--2025-11-07 13:32:28--  http://ekklesiahistory.fttt.org.tw/gb2312/book04/chapter09.htm
Reusing existing connection to ekklesiahistory.fttt.org.tw:80.
HTTP request sent, awaiting response... 200 OK
Length: 2299 (2.2K) [text/html]
Saving to: 'docs_live/gb2312/book04/chapter09.htm'

     0K ..                                                    100% 82.6M=0s

2025-11-07 13:32:28 (82.6 MB/s) - 'docs_live/gb2312/book04/chapter09.htm' saved [2299/2299]

--2025-11-07 13:32:28--  http://ekklesiahistory.fttt.org.tw/gb2312/book04/chapter10.htm
Reusing existing connection to ekklesiahistory.fttt.org.tw:80.
HTTP request sent, awaiting response... 200 OK
Length: 1623 (1.6K) [text/html]
Saving to: 'docs_live/gb2312/book04/chapter10.htm'

     0K .                                                     100% 74.4M=0s

2025-11-07 13:32:28 (74.4 MB/s) - 'docs_live/gb2312/book04/chapter10.htm' saved [1623/1623]

--2025-11-07 13:32:28--  http://ekklesiahistory.fttt.org.tw/gb2312/book04/chapter11.htm
Reusing existing connection to ekklesiahistory.fttt.org.tw:80.
HTTP request sent, awaiting response... 200 OK
Length: 6921 (6.8K) [text/html]
Saving to: 'docs_live/gb2312/book04/chapter11.htm'

     0K ......                                                100% 98.9M=0s

2025-11-07 13:32:28 (98.9 MB/s) - 'docs_live/gb2312/book04/chapter11.htm' saved [6921/6921]

--2025-11-07 13:32:28--  http://ekklesiahistory.fttt.org.tw/gb2312/book04/chapter12.htm
Reusing existing connection to ekklesiahistory.fttt.org.tw:80.
HTTP request sent, awaiting response... 200 OK
Length: 1720 (1.7K) [text/html]
Saving to: 'docs_live/gb2312/book04/chapter12.htm'

     0K .                                                     100% 63.4M=0s

2025-11-07 13:32:28 (63.4 MB/s) - 'docs_live/gb2312/book04/chapter12.htm' saved [1720/1720]

--2025-11-07 13:32:28--  http://ekklesiahistory.fttt.org.tw/gb2312/book04/chapter13.htm
Reusing existing connection to ekklesiahistory.fttt.org.tw:80.
HTTP request sent, awaiting response... 200 OK
Length: 3914 (3.8K) [text/html]
Saving to: 'docs_live/gb2312/book04/chapter13.htm'

     0K ...                                                   100%  128M=0s

2025-11-07 13:32:29 (128 MB/s) - 'docs_live/gb2312/book04/chapter13.htm' saved [3914/3914]

--2025-11-07 13:32:29--  http://ekklesiahistory.fttt.org.tw/gb2312/book04/chapter14.htm
Reusing existing connection to ekklesiahistory.fttt.org.tw:80.
HTTP request sent, awaiting response... 200 OK
Length: 5900 (5.8K) [text/html]
Saving to: 'docs_live/gb2312/book04/chapter14.htm'

     0K .....                                                 100% 64.5M=0s

2025-11-07 13:32:29 (64.5 MB/s) - 'docs_live/gb2312/book04/chapter14.htm' saved [5900/5900]

--2025-11-07 13:32:29--  http://ekklesiahistory.fttt.org.tw/gb2312/book04/chapter15.htm
Reusing existing connection to ekklesiahistory.fttt.org.tw:80.
HTTP request sent, awaiting response... 200 OK
Length: 21123 (21K) [text/html]
Saving to: 'docs_live/gb2312/book04/chapter15.htm'

     0K .......... ..........                                 100%  168M=0s

2025-11-07 13:32:29 (168 MB/s) - 'docs_live/gb2312/book04/chapter15.htm' saved [21123/21123]

--2025-11-07 13:32:29--  http://ekklesiahistory.fttt.org.tw/gb2312/book04/chapter16.htm
Reusing existing connection to ekklesiahistory.fttt.org.tw:80.
HTTP request sent, awaiting response... 200 OK
Length: 5010 (4.9K) [text/html]
Saving to: 'docs_live/gb2312/book04/chapter16.htm'

     0K ....                                                  100%  120M=0s

2025-11-07 13:32:29 (120 MB/s) - 'docs_live/gb2312/book04/chapter16.htm' saved [5010/5010]

--2025-11-07 13:32:29--  http://ekklesiahistory.fttt.org.tw/gb2312/book04/chapter17.htm
Reusing existing connection to ekklesiahistory.fttt.org.tw:80.
HTTP request sent, awaiting response... 200 OK
Length: 6309 (6.2K) [text/html]
Saving to: 'docs_live/gb2312/book04/chapter17.htm'

     0K ......                                                100%  144M=0s

2025-11-07 13:32:29 (144 MB/s) - 'docs_live/gb2312/book04/chapter17.htm' saved [6309/6309]

--2025-11-07 13:32:29--  http://ekklesiahistory.fttt.org.tw/gb2312/book04/chapter18.htm
Reusing existing connection to ekklesiahistory.fttt.org.tw:80.
HTTP request sent, awaiting response... 200 OK
Length: 5152 (5.0K) [text/html]
Saving to: 'docs_live/gb2312/book04/chapter18.htm'

     0K .....                                                 100%  130M=0s

2025-11-07 13:32:29 (130 MB/s) - 'docs_live/gb2312/book04/chapter18.htm' saved [5152/5152]

--2025-11-07 13:32:29--  http://ekklesiahistory.fttt.org.tw/gb2312/book04/chapter19.htm
Reusing existing connection to ekklesiahistory.fttt.org.tw:80.
HTTP request sent, awaiting response... 200 OK
Length: 1441 (1.4K) [text/html]
Saving to: 'docs_live/gb2312/book04/chapter19.htm'

     0K .                                                     100% 59.7M=0s

2025-11-07 13:32:29 (59.7 MB/s) - 'docs_live/gb2312/book04/chapter19.htm' saved [1441/1441]

--2025-11-07 13:32:29--  http://ekklesiahistory.fttt.org.tw/gb2312/book04/chapter20.htm
Reusing existing connection to ekklesiahistory.fttt.org.tw:80.
HTTP request sent, awaiting response... 200 OK
Length: 1380 (1.3K) [text/html]
Saving to: 'docs_live/gb2312/book04/chapter20.htm'

     0K .                                                     100% 52.5M=0s

2025-11-07 13:32:29 (52.5 MB/s) - 'docs_live/gb2312/book04/chapter20.htm' saved [1380/1380]

--2025-11-07 13:32:29--  http://ekklesiahistory.fttt.org.tw/gb2312/book04/chapter21.htm
Reusing existing connection to ekklesiahistory.fttt.org.tw:80.
HTTP request sent, awaiting response... 200 OK
Length: 3015 (2.9K) [text/html]
Saving to: 'docs_live/gb2312/book04/chapter21.htm'

     0K ..                                                    100%  113M=0s

2025-11-07 13:32:29 (113 MB/s) - 'docs_live/gb2312/book04/chapter21.htm' saved [3015/3015]

--2025-11-07 13:32:29--  http://ekklesiahistory.fttt.org.tw/gb2312/book04/chapter22.htm
Reusing existing connection to ekklesiahistory.fttt.org.tw:80.
HTTP request sent, awaiting response... 200 OK
Length: 4706 (4.6K) [text/html]
Saving to: 'docs_live/gb2312/book04/chapter22.htm'

     0K ....                                                  100% 38.6M=0s

2025-11-07 13:32:30 (38.6 MB/s) - 'docs_live/gb2312/book04/chapter22.htm' saved [4706/4706]

--2025-11-07 13:32:30--  http://ekklesiahistory.fttt.org.tw/gb2312/book04/chapter23.htm
Reusing existing connection to ekklesiahistory.fttt.org.tw:80.
HTTP request sent, awaiting response... 200 OK
Length: 6596 (6.4K) [text/html]
Saving to: 'docs_live/gb2312/book04/chapter23.htm'

     0K ......                                                100%  152M=0s

2025-11-07 13:32:30 (152 MB/s) - 'docs_live/gb2312/book04/chapter23.htm' saved [6596/6596]

--2025-11-07 13:32:30--  http://ekklesiahistory.fttt.org.tw/gb2312/book04/chapter24.htm
Reusing existing connection to ekklesiahistory.fttt.org.tw:80.
HTTP request sent, awaiting response... 200 OK
Length: 3042 (3.0K) [text/html]
Saving to: 'docs_live/gb2312/book04/chapter24.htm'

     0K ..                                                    100%  121M=0s

2025-11-07 13:32:30 (121 MB/s) - 'docs_live/gb2312/book04/chapter24.htm' saved [3042/3042]

--2025-11-07 13:32:30--  http://ekklesiahistory.fttt.org.tw/gb2312/book04/chapter25.htm
Reusing existing connection to ekklesiahistory.fttt.org.tw:80.
HTTP request sent, awaiting response... 200 OK
Length: 1478 (1.4K) [text/html]
Saving to: 'docs_live/gb2312/book04/chapter25.htm'

     0K .                                                     100% 63.6M=0s

2025-11-07 13:32:30 (63.6 MB/s) - 'docs_live/gb2312/book04/chapter25.htm' saved [1478/1478]

--2025-11-07 13:32:30--  http://ekklesiahistory.fttt.org.tw/gb2312/book04/chapter26.htm
Reusing existing connection to ekklesiahistory.fttt.org.tw:80.
HTTP request sent, awaiting response... 200 OK
Length: 8577 (8.4K) [text/html]
Saving to: 'docs_live/gb2312/book04/chapter26.htm'

     0K ........                                              100% 71.1M=0s

2025-11-07 13:32:30 (71.1 MB/s) - 'docs_live/gb2312/book04/chapter26.htm' saved [8577/8577]

--2025-11-07 13:32:30--  http://ekklesiahistory.fttt.org.tw/gb2312/book04/chapter27.htm
Reusing existing connection to ekklesiahistory.fttt.org.tw:80.
HTTP request sent, awaiting response... 200 OK
Length: 2705 (2.6K) [text/html]
Saving to: 'docs_live/gb2312/book04/chapter27.htm'

     0K ..                                                    100%  192M=0s

2025-11-07 13:32:30 (192 MB/s) - 'docs_live/gb2312/book04/chapter27.htm' saved [2705/2705]

--2025-11-07 13:32:30--  http://ekklesiahistory.fttt.org.tw/gb2312/book04/chapter28.htm
Reusing existing connection to ekklesiahistory.fttt.org.tw:80.
HTTP request sent, awaiting response... 200 OK
Length: 1442 (1.4K) [text/html]
Saving to: 'docs_live/gb2312/book04/chapter28.htm'

     0K .                                                     100% 64.6M=0s

2025-11-07 13:32:30 (64.6 MB/s) - 'docs_live/gb2312/book04/chapter28.htm' saved [1442/1442]

--2025-11-07 13:32:30--  http://ekklesiahistory.fttt.org.tw/gb2312/book04/chapter29.htm
Reusing existing connection to ekklesiahistory.fttt.org.tw:80.
HTTP request sent, awaiting response... 200 OK
Length: 5161 (5.0K) [text/html]
Saving to: 'docs_live/gb2312/book04/chapter29.htm'

     0K .....                                                 100% 94.0M=0s

2025-11-07 13:32:30 (94.0 MB/s) - 'docs_live/gb2312/book04/chapter29.htm' saved [5161/5161]

--2025-11-07 13:32:30--  http://ekklesiahistory.fttt.org.tw/gb2312/book04/chapter30.htm
Reusing existing connection to ekklesiahistory.fttt.org.tw:80.
HTTP request sent, awaiting response... 200 OK
Length: 3213 (3.1K) [text/html]
Saving to: 'docs_live/gb2312/book04/chapter30.htm'

     0K ...                                                   100%  574M=0s

2025-11-07 13:32:30 (574 MB/s) - 'docs_live/gb2312/book04/chapter30.htm' saved [3213/3213]

--2025-11-07 13:32:30--  http://ekklesiahistory.fttt.org.tw/gb2312/book05/chapter00.htm
Reusing existing connection to ekklesiahistory.fttt.org.tw:80.
HTTP request sent, awaiting response... 200 OK
Length: 2516 (2.5K) [text/html]
Saving to: 'docs_live/gb2312/book05/chapter00.htm'

     0K ..                                                    100%  179M=0s

2025-11-07 13:32:30 (179 MB/s) - 'docs_live/gb2312/book05/chapter00.htm' saved [2516/2516]

--2025-11-07 13:32:31--  http://ekklesiahistory.fttt.org.tw/gb2312/book05/chapter01.htm
Connecting to ekklesiahistory.fttt.org.tw (ekklesiahistory.fttt.org.tw)|152.42.191.121|:80... connected.
HTTP request sent, awaiting response... 200 OK
Length: 34440 (34K) [text/html]
Saving to: 'docs_live/gb2312/book05/chapter01.htm'

     0K .......... .......... .......... ...                  100%  370K=0.09s

2025-11-07 13:32:31 (370 KB/s) - 'docs_live/gb2312/book05/chapter01.htm' saved [34440/34440]

--2025-11-07 13:32:31--  http://ekklesiahistory.fttt.org.tw/gb2312/book05/chapter02.htm
Reusing existing connection to ekklesiahistory.fttt.org.tw:80.
HTTP request sent, awaiting response... 200 OK
Length: 7571 (7.4K) [text/html]
Saving to: 'docs_live/gb2312/book05/chapter02.htm'

     0K .......                                               100%  127M=0s

2025-11-07 13:32:31 (127 MB/s) - 'docs_live/gb2312/book05/chapter02.htm' saved [7571/7571]

--2025-11-07 13:32:31--  http://ekklesiahistory.fttt.org.tw/gb2312/book05/chapter03.htm
Reusing existing connection to ekklesiahistory.fttt.org.tw:80.
HTTP request sent, awaiting response... 200 OK
Length: 3274 (3.2K) [text/html]
Saving to: 'docs_live/gb2312/book05/chapter03.htm'

     0K ...                                                   100%  133M=0s

2025-11-07 13:32:31 (133 MB/s) - 'docs_live/gb2312/book05/chapter03.htm' saved [3274/3274]

--2025-11-07 13:32:31--  http://ekklesiahistory.fttt.org.tw/gb2312/book05/chapter04.htm
Reusing existing connection to ekklesiahistory.fttt.org.tw:80.
HTTP request sent, awaiting response... 200 OK
Length: 2626 (2.6K) [text/html]
Saving to: 'docs_live/gb2312/book05/chapter04.htm'

     0K ..                                                    100% 98.7M=0s

2025-11-07 13:32:31 (98.7 MB/s) - 'docs_live/gb2312/book05/chapter04.htm' saved [2626/2626]

--2025-11-07 13:32:31--  http://ekklesiahistory.fttt.org.tw/gb2312/book05/chapter05.htm
Reusing existing connection to ekklesiahistory.fttt.org.tw:80.
HTTP request sent, awaiting response... 200 OK
Length: 5709 (5.6K) [text/html]
Saving to: 'docs_live/gb2312/book05/chapter05.htm'

     0K .....                                                 100%  166M=0s

2025-11-07 13:32:31 (166 MB/s) - 'docs_live/gb2312/book05/chapter05.htm' saved [5709/5709]

--2025-11-07 13:32:31--  http://ekklesiahistory.fttt.org.tw/gb2312/book05/chapter06.htm
Reusing existing connection to ekklesiahistory.fttt.org.tw:80.
HTTP request sent, awaiting response... 200 OK
Length: 3801 (3.7K) [text/html]
Saving to: 'docs_live/gb2312/book05/chapter06.htm'

     0K ...                                                   100% 74.4M=0s

2025-11-07 13:32:31 (74.4 MB/s) - 'docs_live/gb2312/book05/chapter06.htm' saved [3801/3801]

--2025-11-07 13:32:31--  http://ekklesiahistory.fttt.org.tw/gb2312/book05/chapter07.htm
Reusing existing connection to ekklesiahistory.fttt.org.tw:80.
HTTP request sent, awaiting response... 200 OK
Length: 4586 (4.5K) [text/html]
Saving to: 'docs_live/gb2312/book05/chapter07.htm'

     0K ....                                                  100%  176M=0s

2025-11-07 13:32:31 (176 MB/s) - 'docs_live/gb2312/book05/chapter07.htm' saved [4586/4586]

--2025-11-07 13:32:31--  http://ekklesiahistory.fttt.org.tw/gb2312/book05/chapter08.htm
Reusing existing connection to ekklesiahistory.fttt.org.tw:80.
HTTP request sent, awaiting response... 200 OK
Length: 7888 (7.7K) [text/html]
Saving to: 'docs_live/gb2312/book05/chapter08.htm'

     0K .......                                               100%  375M=0s

2025-11-07 13:32:31 (375 MB/s) - 'docs_live/gb2312/book05/chapter08.htm' saved [7888/7888]

--2025-11-07 13:32:31--  http://ekklesiahistory.fttt.org.tw/gb2312/book05/chapter09.htm
Reusing existing connection to ekklesiahistory.fttt.org.tw:80.
HTTP request sent, awaiting response... 200 OK
Length: 1624 (1.6K) [text/html]
Saving to: 'docs_live/gb2312/book05/chapter09.htm'

     0K .                                                     100% 55.6M=0s

2025-11-07 13:32:32 (55.6 MB/s) - 'docs_live/gb2312/book05/chapter09.htm' saved [1624/1624]

--2025-11-07 13:32:32--  http://ekklesiahistory.fttt.org.tw/gb2312/book05/chapter10.htm
Reusing existing connection to ekklesiahistory.fttt.org.tw:80.
HTTP request sent, awaiting response... 200 OK
Length: 4757 (4.6K) [text/html]
Saving to: 'docs_live/gb2312/book05/chapter10.htm'

     0K ....                                                  100%  203M=0s

2025-11-07 13:32:32 (203 MB/s) - 'docs_live/gb2312/book05/chapter10.htm' saved [4757/4757]

--2025-11-07 13:32:32--  http://ekklesiahistory.fttt.org.tw/gb2312/book05/chapter11.htm
Reusing existing connection to ekklesiahistory.fttt.org.tw:80.
HTTP request sent, awaiting response... 200 OK
Length: 5053 (4.9K) [text/html]
Saving to: 'docs_live/gb2312/book05/chapter11.htm'

     0K ....                                                  100%  141M=0s

2025-11-07 13:32:32 (141 MB/s) - 'docs_live/gb2312/book05/chapter11.htm' saved [5053/5053]

--2025-11-07 13:32:32--  http://ekklesiahistory.fttt.org.tw/gb2312/book05/chapter12.htm
Reusing existing connection to ekklesiahistory.fttt.org.tw:80.
HTTP request sent, awaiting response... 200 OK
Length: 2703 (2.6K) [text/html]
Saving to: 'docs_live/gb2312/book05/chapter12.htm'

     0K ..                                                    100% 92.1M=0s

2025-11-07 13:32:32 (92.1 MB/s) - 'docs_live/gb2312/book05/chapter12.htm' saved [2703/2703]

--2025-11-07 13:32:32--  http://ekklesiahistory.fttt.org.tw/gb2312/book05/chapter13.htm
Reusing existing connection to ekklesiahistory.fttt.org.tw:80.
HTTP request sent, awaiting response... 200 OK
Length: 8034 (7.8K) [text/html]
Saving to: 'docs_live/gb2312/book05/chapter13.htm'

     0K .......                                               100%  253M=0s

2025-11-07 13:32:32 (253 MB/s) - 'docs_live/gb2312/book05/chapter13.htm' saved [8034/8034]

--2025-11-07 13:32:32--  http://ekklesiahistory.fttt.org.tw/gb2312/book05/chapter14.htm
Reusing existing connection to ekklesiahistory.fttt.org.tw:80.
HTTP request sent, awaiting response... 200 OK
Length: 1805 (1.8K) [text/html]
Saving to: 'docs_live/gb2312/book05/chapter14.htm'

     0K .                                                     100% 74.7M=0s

2025-11-07 13:32:32 (74.7 MB/s) - 'docs_live/gb2312/book05/chapter14.htm' saved [1805/1805]

--2025-11-07 13:32:32--  http://ekklesiahistory.fttt.org.tw/gb2312/book05/chapter15.htm
Reusing existing connection to ekklesiahistory.fttt.org.tw:80.
HTTP request sent, awaiting response... 200 OK
Length: 1699 (1.7K) [text/html]
Saving to: 'docs_live/gb2312/book05/chapter15.htm'

     0K .                                                     100% 35.2M=0s

2025-11-07 13:32:32 (35.2 MB/s) - 'docs_live/gb2312/book05/chapter15.htm' saved [1699/1699]

--2025-11-07 13:32:32--  http://ekklesiahistory.fttt.org.tw/gb2312/book05/chapter16.htm
Reusing existing connection to ekklesiahistory.fttt.org.tw:80.
HTTP request sent, awaiting response... 200 OK
Length: 14824 (14K) [text/html]
Saving to: 'docs_live/gb2312/book05/chapter16.htm'

     0K .......... ....                                       100%  179M=0s

2025-11-07 13:32:32 (179 MB/s) - 'docs_live/gb2312/book05/chapter16.htm' saved [14824/14824]

--2025-11-07 13:32:32--  http://ekklesiahistory.fttt.org.tw/gb2312/book05/chapter17.htm
Reusing existing connection to ekklesiahistory.fttt.org.tw:80.
HTTP request sent, awaiting response... 200 OK
Length: 5338 (5.2K) [text/html]
Saving to: 'docs_live/gb2312/book05/chapter17.htm'

     0K .....                                                 100%  114M=0s

2025-11-07 13:32:32 (114 MB/s) - 'docs_live/gb2312/book05/chapter17.htm' saved [5338/5338]

--2025-11-07 13:32:32--  http://ekklesiahistory.fttt.org.tw/gb2312/book05/chapter18.htm
Reusing existing connection to ekklesiahistory.fttt.org.tw:80.
HTTP request sent, awaiting response... 200 OK
Length: 8759 (8.6K) [text/html]
Saving to: 'docs_live/gb2312/book05/chapter18.htm'

     0K ........                                              100%  111M=0s

2025-11-07 13:32:32 (111 MB/s) - 'docs_live/gb2312/book05/chapter18.htm' saved [8759/8759]

--2025-11-07 13:32:32--  http://ekklesiahistory.fttt.org.tw/gb2312/book05/chapter19.htm
Reusing existing connection to ekklesiahistory.fttt.org.tw:80.
HTTP request sent, awaiting response... 200 OK
Length: 2818 (2.8K) [text/html]
Saving to: 'docs_live/gb2312/book05/chapter19.htm'

     0K ..                                                    100%  133M=0s

2025-11-07 13:32:33 (133 MB/s) - 'docs_live/gb2312/book05/chapter19.htm' saved [2818/2818]

--2025-11-07 13:32:33--  http://ekklesiahistory.fttt.org.tw/gb2312/book05/chapter20.htm
Reusing existing connection to ekklesiahistory.fttt.org.tw:80.
HTTP request sent, awaiting response... 200 OK
Length: 4992 (4.9K) [text/html]
Saving to: 'docs_live/gb2312/book05/chapter20.htm'

     0K ....                                                  100% 81.3M=0s

2025-11-07 13:32:33 (81.3 MB/s) - 'docs_live/gb2312/book05/chapter20.htm' saved [4992/4992]

--2025-11-07 13:32:33--  http://ekklesiahistory.fttt.org.tw/gb2312/book05/chapter21.htm
Reusing existing connection to ekklesiahistory.fttt.org.tw:80.
HTTP request sent, awaiting response... 200 OK
Length: 3643 (3.6K) [text/html]
Saving to: 'docs_live/gb2312/book05/chapter21.htm'

     0K ...                                                   100% 38.2M=0s

2025-11-07 13:32:33 (38.2 MB/s) - 'docs_live/gb2312/book05/chapter21.htm' saved [3643/3643]

--2025-11-07 13:32:33--  http://ekklesiahistory.fttt.org.tw/gb2312/book05/chapter22.htm
Reusing existing connection to ekklesiahistory.fttt.org.tw:80.
HTTP request sent, awaiting response... 200 OK
Length: 1995 (1.9K) [text/html]
Saving to: 'docs_live/gb2312/book05/chapter22.htm'

     0K .                                                     100% 88.8M=0s

2025-11-07 13:32:33 (88.8 MB/s) - 'docs_live/gb2312/book05/chapter22.htm' saved [1995/1995]

--2025-11-07 13:32:33--  http://ekklesiahistory.fttt.org.tw/gb2312/book05/chapter23.htm
Reusing existing connection to ekklesiahistory.fttt.org.tw:80.
HTTP request sent, awaiting response... 200 OK
Length: 4894 (4.8K) [text/html]
Saving to: 'docs_live/gb2312/book05/chapter23.htm'

     0K ....                                                  100% 54.0M=0s

2025-11-07 13:32:33 (54.0 MB/s) - 'docs_live/gb2312/book05/chapter23.htm' saved [4894/4894]

--2025-11-07 13:32:33--  http://ekklesiahistory.fttt.org.tw/gb2312/book05/chapter24.htm
Reusing existing connection to ekklesiahistory.fttt.org.tw:80.
HTTP request sent, awaiting response... 200 OK
Length: 9706 (9.5K) [text/html]
Saving to: 'docs_live/gb2312/book05/chapter24.htm'

     0K .........                                             100%  169M=0s

2025-11-07 13:32:33 (169 MB/s) - 'docs_live/gb2312/book05/chapter24.htm' saved [9706/9706]

--2025-11-07 13:32:33--  http://ekklesiahistory.fttt.org.tw/gb2312/book05/chapter25.htm
Reusing existing connection to ekklesiahistory.fttt.org.tw:80.
HTTP request sent, awaiting response... 200 OK
Length: 1950 (1.9K) [text/html]
Saving to: 'docs_live/gb2312/book05/chapter25.htm'

     0K .                                                     100% 47.6M=0s

2025-11-07 13:32:33 (47.6 MB/s) - 'docs_live/gb2312/book05/chapter25.htm' saved [1950/1950]

--2025-11-07 13:32:33--  http://ekklesiahistory.fttt.org.tw/gb2312/book05/chapter26.htm
Reusing existing connection to ekklesiahistory.fttt.org.tw:80.
HTTP request sent, awaiting response... 200 OK
Length: 2014 (2.0K) [text/html]
Saving to: 'docs_live/gb2312/book05/chapter26.htm'

     0K .                                                     100%  235M=0s

2025-11-07 13:32:33 (235 MB/s) - 'docs_live/gb2312/book05/chapter26.htm' saved [2014/2014]

--2025-11-07 13:32:33--  http://ekklesiahistory.fttt.org.tw/gb2312/book05/chapter27.htm
Reusing existing connection to ekklesiahistory.fttt.org.tw:80.
HTTP request sent, awaiting response... 200 OK
Length: 2192 (2.1K) [text/html]
Saving to: 'docs_live/gb2312/book05/chapter27.htm'

     0K ..                                                    100%  124M=0s

2025-11-07 13:32:33 (124 MB/s) - 'docs_live/gb2312/book05/chapter27.htm' saved [2192/2192]

--2025-11-07 13:32:33--  http://ekklesiahistory.fttt.org.tw/gb2312/book05/chapter28.htm
Reusing existing connection to ekklesiahistory.fttt.org.tw:80.
HTTP request sent, awaiting response... 200 OK
Length: 11869 (12K) [text/html]
Saving to: 'docs_live/gb2312/book05/chapter28.htm'

     0K .......... .                                          100% 60.1M=0s

2025-11-07 13:32:33 (60.1 MB/s) - 'docs_live/gb2312/book05/chapter28.htm' saved [11869/11869]

--2025-11-07 13:32:33--  http://ekklesiahistory.fttt.org.tw/gb2312/book06/chapter01.htm
Reusing existing connection to ekklesiahistory.fttt.org.tw:80.
HTTP request sent, awaiting response... 200 OK
Length: 2956 (2.9K) [text/html]
Saving to: 'docs_live/gb2312/book06/chapter01.htm'

     0K ..                                                    100%  161M=0s

2025-11-07 13:32:33 (161 MB/s) - 'docs_live/gb2312/book06/chapter01.htm' saved [2956/2956]

--2025-11-07 13:32:33--  http://ekklesiahistory.fttt.org.tw/gb2312/book06/chapter02.htm
Reusing existing connection to ekklesiahistory.fttt.org.tw:80.
HTTP request sent, awaiting response... 200 OK
Length: 7541 (7.4K) [text/html]
Saving to: 'docs_live/gb2312/book06/chapter02.htm'

     0K .......                                               100% 47.6M=0s

2025-11-07 13:32:34 (47.6 MB/s) - 'docs_live/gb2312/book06/chapter02.htm' saved [7541/7541]

--2025-11-07 13:32:34--  http://ekklesiahistory.fttt.org.tw/gb2312/book06/chapter03.htm
Reusing existing connection to ekklesiahistory.fttt.org.tw:80.
HTTP request sent, awaiting response... 200 OK
Length: 9250 (9.0K) [text/html]
Saving to: 'docs_live/gb2312/book06/chapter03.htm'

     0K .........                                             100% 75.5M=0s

2025-11-07 13:32:34 (75.5 MB/s) - 'docs_live/gb2312/book06/chapter03.htm' saved [9250/9250]

--2025-11-07 13:32:34--  http://ekklesiahistory.fttt.org.tw/gb2312/book06/chapter04.htm
Reusing existing connection to ekklesiahistory.fttt.org.tw:80.
HTTP request sent, awaiting response... 200 OK
Length: 3129 (3.1K) [text/html]
Saving to: 'docs_live/gb2312/book06/chapter04.htm'

     0K ...                                                   100%  156M=0s

2025-11-07 13:32:34 (156 MB/s) - 'docs_live/gb2312/book06/chapter04.htm' saved [3129/3129]

--2025-11-07 13:32:34--  http://ekklesiahistory.fttt.org.tw/gb2312/book06/chapter05.htm
Reusing existing connection to ekklesiahistory.fttt.org.tw:80.
HTTP request sent, awaiting response... 200 OK
Length: 4637 (4.5K) [text/html]
Saving to: 'docs_live/gb2312/book06/chapter05.htm'

     0K ....                                                  100%  187M=0s

2025-11-07 13:32:34 (187 MB/s) - 'docs_live/gb2312/book06/chapter05.htm' saved [4637/4637]

--2025-11-07 13:32:34--  http://ekklesiahistory.fttt.org.tw/gb2312/book06/chapter06.htm
Reusing existing connection to ekklesiahistory.fttt.org.tw:80.
HTTP request sent, awaiting response... 200 OK
Length: 1730 (1.7K) [text/html]
Saving to: 'docs_live/gb2312/book06/chapter06.htm'

     0K .                                                     100% 83.0M=0s

2025-11-07 13:32:34 (83.0 MB/s) - 'docs_live/gb2312/book06/chapter06.htm' saved [1730/1730]

--2025-11-07 13:32:34--  http://ekklesiahistory.fttt.org.tw/gb2312/book06/chapter07.htm
Reusing existing connection to ekklesiahistory.fttt.org.tw:80.
HTTP request sent, awaiting response... 200 OK
Length: 2373 (2.3K) [text/html]
Saving to: 'docs_live/gb2312/book06/chapter07.htm'

     0K ..                                                    100%  112M=0s

2025-11-07 13:32:34 (112 MB/s) - 'docs_live/gb2312/book06/chapter07.htm' saved [2373/2373]

--2025-11-07 13:32:34--  http://ekklesiahistory.fttt.org.tw/gb2312/book06/chapter08.htm
Reusing existing connection to ekklesiahistory.fttt.org.tw:80.
HTTP request sent, awaiting response... 200 OK
Length: 4483 (4.4K) [text/html]
Saving to: 'docs_live/gb2312/book06/chapter08.htm'

     0K ....                                                  100% 64.4M=0s

2025-11-07 13:32:34 (64.4 MB/s) - 'docs_live/gb2312/book06/chapter08.htm' saved [4483/4483]

--2025-11-07 13:32:34--  http://ekklesiahistory.fttt.org.tw/gb2312/book06/chapter09.htm
Reusing existing connection to ekklesiahistory.fttt.org.tw:80.
HTTP request sent, awaiting response... 200 OK
Length: 4365 (4.3K) [text/html]
Saving to: 'docs_live/gb2312/book06/chapter09.htm'

     0K ....                                                  100%  235M=0s

2025-11-07 13:32:34 (235 MB/s) - 'docs_live/gb2312/book06/chapter09.htm' saved [4365/4365]

--2025-11-07 13:32:34--  http://ekklesiahistory.fttt.org.tw/gb2312/book06/chapter10.htm
Reusing existing connection to ekklesiahistory.fttt.org.tw:80.
HTTP request sent, awaiting response... 200 OK
Length: 1802 (1.8K) [text/html]
Saving to: 'docs_live/gb2312/book06/chapter10.htm'

     0K .                                                     100% 87.2M=0s

2025-11-07 13:32:34 (87.2 MB/s) - 'docs_live/gb2312/book06/chapter10.htm' saved [1802/1802]

--2025-11-07 13:32:34--  http://ekklesiahistory.fttt.org.tw/gb2312/book06/chapter11.htm
Reusing existing connection to ekklesiahistory.fttt.org.tw:80.
HTTP request sent, awaiting response... 200 OK
Length: 4955 (4.8K) [text/html]
Saving to: 'docs_live/gb2312/book06/chapter11.htm'

     0K ....                                                  100%  194M=0s

2025-11-07 13:32:34 (194 MB/s) - 'docs_live/gb2312/book06/chapter11.htm' saved [4955/4955]

--2025-11-07 13:32:34--  http://ekklesiahistory.fttt.org.tw/gb2312/book06/chapter12.htm
Reusing existing connection to ekklesiahistory.fttt.org.tw:80.
HTTP request sent, awaiting response... 200 OK
Length: 4936 (4.8K) [text/html]
Saving to: 'docs_live/gb2312/book06/chapter12.htm'

     0K ....                                                  100%  132M=0s

2025-11-07 13:32:35 (132 MB/s) - 'docs_live/gb2312/book06/chapter12.htm' saved [4936/4936]

--2025-11-07 13:32:35--  http://ekklesiahistory.fttt.org.tw/gb2312/book06/chapter13.htm
Reusing existing connection to ekklesiahistory.fttt.org.tw:80.
HTTP request sent, awaiting response... 200 OK
Length: 12179 (12K) [text/html]
Saving to: 'docs_live/gb2312/book06/chapter13.htm'

     0K .......... .                                          100% 59.0M=0s

2025-11-07 13:32:35 (59.0 MB/s) - 'docs_live/gb2312/book06/chapter13.htm' saved [12179/12179]

--2025-11-07 13:32:35--  http://ekklesiahistory.fttt.org.tw/gb2312/book06/chapter14.htm
Reusing existing connection to ekklesiahistory.fttt.org.tw:80.
HTTP request sent, awaiting response... 200 OK
Length: 8138 (7.9K) [text/html]
Saving to: 'docs_live/gb2312/book06/chapter14.htm'

     0K .......                                               100%  178M=0s

2025-11-07 13:32:35 (178 MB/s) - 'docs_live/gb2312/book06/chapter14.htm' saved [8138/8138]

--2025-11-07 13:32:35--  http://ekklesiahistory.fttt.org.tw/gb2312/book06/chapter15.htm
Reusing existing connection to ekklesiahistory.fttt.org.tw:80.
HTTP request sent, awaiting response... 200 OK
Length: 1822 (1.8K) [text/html]
Saving to: 'docs_live/gb2312/book06/chapter15.htm'

     0K .                                                     100% 97.2M=0s

2025-11-07 13:32:35 (97.2 MB/s) - 'docs_live/gb2312/book06/chapter15.htm' saved [1822/1822]

--2025-11-07 13:32:35--  http://ekklesiahistory.fttt.org.tw/gb2312/book06/chapter16.htm
Reusing existing connection to ekklesiahistory.fttt.org.tw:80.
HTTP request sent, awaiting response... 200 OK
Length: 7904 (7.7K) [text/html]
Saving to: 'docs_live/gb2312/book06/chapter16.htm'

     0K .......                                               100% 73.3M=0s

2025-11-07 13:32:35 (73.3 MB/s) - 'docs_live/gb2312/book06/chapter16.htm' saved [7904/7904]

--2025-11-07 13:32:35--  http://ekklesiahistory.fttt.org.tw/gb2312/book06/chapter17.htm
Reusing existing connection to ekklesiahistory.fttt.org.tw:80.
HTTP request sent, awaiting response... 200 OK
Length: 2236 (2.2K) [text/html]
Saving to: 'docs_live/gb2312/book06/chapter17.htm'

     0K ..                                                    100%  116M=0s

2025-11-07 13:32:35 (116 MB/s) - 'docs_live/gb2312/book06/chapter17.htm' saved [2236/2236]

--2025-11-07 13:32:35--  http://ekklesiahistory.fttt.org.tw/gb2312/book06/chapter18.htm
Reusing existing connection to ekklesiahistory.fttt.org.tw:80.
HTTP request sent, awaiting response... 200 OK
Length: 4018 (3.9K) [text/html]
Saving to: 'docs_live/gb2312/book06/chapter18.htm'

     0K ...                                                   100%  110M=0s

2025-11-07 13:32:35 (110 MB/s) - 'docs_live/gb2312/book06/chapter18.htm' saved [4018/4018]

--2025-11-07 13:32:35--  http://ekklesiahistory.fttt.org.tw/gb2312/book06/chapter19.htm
Reusing existing connection to ekklesiahistory.fttt.org.tw:80.
HTTP request sent, awaiting response... 200 OK
Length: 12611 (12K) [text/html]
Saving to: 'docs_live/gb2312/book06/chapter19.htm'

     0K .......... ..                                         100%  109M=0s

2025-11-07 13:32:35 (109 MB/s) - 'docs_live/gb2312/book06/chapter19.htm' saved [12611/12611]

--2025-11-07 13:32:35--  http://ekklesiahistory.fttt.org.tw/gb2312/book06/chapter20.htm
Reusing existing connection to ekklesiahistory.fttt.org.tw:80.
HTTP request sent, awaiting response... 200 OK
Length: 2911 (2.8K) [text/html]
Saving to: 'docs_live/gb2312/book06/chapter20.htm'

     0K ..                                                    100%  145M=0s

2025-11-07 13:32:35 (145 MB/s) - 'docs_live/gb2312/book06/chapter20.htm' saved [2911/2911]

--2025-11-07 13:32:35--  http://ekklesiahistory.fttt.org.tw/gb2312/book06/chapter21.htm
Reusing existing connection to ekklesiahistory.fttt.org.tw:80.
HTTP request sent, awaiting response... 200 OK
Length: 2762 (2.7K) [text/html]
Saving to: 'docs_live/gb2312/book06/chapter21.htm'

     0K ..                                                    100%  138M=0s

2025-11-07 13:32:35 (138 MB/s) - 'docs_live/gb2312/book06/chapter21.htm' saved [2762/2762]

--2025-11-07 13:32:35--  http://ekklesiahistory.fttt.org.tw/gb2312/book06/chapter22.htm
Reusing existing connection to ekklesiahistory.fttt.org.tw:80.
HTTP request sent, awaiting response... 200 OK
Length: 4129 (4.0K) [text/html]
Saving to: 'docs_live/gb2312/book06/chapter22.htm'

     0K ....                                                  100%  112M=0s

2025-11-07 13:32:35 (112 MB/s) - 'docs_live/gb2312/book06/chapter22.htm' saved [4129/4129]

--2025-11-07 13:32:36--  http://ekklesiahistory.fttt.org.tw/gb2312/book06/chapter23.htm
Reusing existing connection to ekklesiahistory.fttt.org.tw:80.
HTTP request sent, awaiting response... 200 OK
Length: 3280 (3.2K) [text/html]
Saving to: 'docs_live/gb2312/book06/chapter23.htm'

     0K ...                                                   100%  104M=0s

2025-11-07 13:32:36 (104 MB/s) - 'docs_live/gb2312/book06/chapter23.htm' saved [3280/3280]

--2025-11-07 13:32:36--  http://ekklesiahistory.fttt.org.tw/gb2312/book06/chapter24.htm
Reusing existing connection to ekklesiahistory.fttt.org.tw:80.
HTTP request sent, awaiting response... 200 OK
Length: 2071 (2.0K) [text/html]
Saving to: 'docs_live/gb2312/book06/chapter24.htm'

     0K ..                                                    100% 84.5M=0s

2025-11-07 13:32:36 (84.5 MB/s) - 'docs_live/gb2312/book06/chapter24.htm' saved [2071/2071]

--2025-11-07 13:32:36--  http://ekklesiahistory.fttt.org.tw/gb2312/book06/chapter25.htm
Reusing existing connection to ekklesiahistory.fttt.org.tw:80.
HTTP request sent, awaiting response... 200 OK
Length: 10165 (9.9K) [text/html]
Saving to: 'docs_live/gb2312/book06/chapter25.htm'

     0K .........                                             100% 79.7M=0s

2025-11-07 13:32:36 (79.7 MB/s) - 'docs_live/gb2312/book06/chapter25.htm' saved [10165/10165]

--2025-11-07 13:32:36--  http://ekklesiahistory.fttt.org.tw/gb2312/book06/chapter26.htm
Reusing existing connection to ekklesiahistory.fttt.org.tw:80.
HTTP request sent, awaiting response... 200 OK
Length: 2260 (2.2K) [text/html]
Saving to: 'docs_live/gb2312/book06/chapter26.htm'

     0K ..                                                    100% 15.5M=0s

2025-11-07 13:32:36 (15.5 MB/s) - 'docs_live/gb2312/book06/chapter26.htm' saved [2260/2260]

--2025-11-07 13:32:36--  http://ekklesiahistory.fttt.org.tw/gb2312/book06/chapter27.htm
Reusing existing connection to ekklesiahistory.fttt.org.tw:80.
HTTP request sent, awaiting response... 200 OK
Length: 1750 (1.7K) [text/html]
Saving to: 'docs_live/gb2312/book06/chapter27.htm'

     0K .                                                     100% 20.2M=0s

2025-11-07 13:32:36 (20.2 MB/s) - 'docs_live/gb2312/book06/chapter27.htm' saved [1750/1750]

--2025-11-07 13:32:36--  http://ekklesiahistory.fttt.org.tw/gb2312/book06/chapter28.htm
Reusing existing connection to ekklesiahistory.fttt.org.tw:80.
HTTP request sent, awaiting response... 200 OK
Length: 2616 (2.6K) [text/html]
Saving to: 'docs_live/gb2312/book06/chapter28.htm'

     0K ..                                                    100%  181M=0s

2025-11-07 13:32:36 (181 MB/s) - 'docs_live/gb2312/book06/chapter28.htm' saved [2616/2616]

--2025-11-07 13:32:36--  http://ekklesiahistory.fttt.org.tw/gb2312/book06/chapter29.htm
Reusing existing connection to ekklesiahistory.fttt.org.tw:80.
HTTP request sent, awaiting response... 200 OK
Length: 3081 (3.0K) [text/html]
Saving to: 'docs_live/gb2312/book06/chapter29.htm'

     0K ...                                                   100%  188M=0s

2025-11-07 13:32:36 (188 MB/s) - 'docs_live/gb2312/book06/chapter29.htm' saved [3081/3081]

--2025-11-07 13:32:36--  http://ekklesiahistory.fttt.org.tw/gb2312/book06/chapter30.htm
Reusing existing connection to ekklesiahistory.fttt.org.tw:80.
HTTP request sent, awaiting response... 200 OK
Length: 2823 (2.8K) [text/html]
Saving to: 'docs_live/gb2312/book06/chapter30.htm'

     0K ..                                                    100%  117M=0s

2025-11-07 13:32:36 (117 MB/s) - 'docs_live/gb2312/book06/chapter30.htm' saved [2823/2823]

--2025-11-07 13:32:36--  http://ekklesiahistory.fttt.org.tw/gb2312/book06/chapter31.htm
Reusing existing connection to ekklesiahistory.fttt.org.tw:80.
HTTP request sent, awaiting response... 200 OK
Length: 2536 (2.5K) [text/html]
Saving to: 'docs_live/gb2312/book06/chapter31.htm'

     0K ..                                                    100%  134M=0s

2025-11-07 13:32:36 (134 MB/s) - 'docs_live/gb2312/book06/chapter31.htm' saved [2536/2536]

--2025-11-07 13:32:36--  http://ekklesiahistory.fttt.org.tw/gb2312/book06/chapter32.htm
Reusing existing connection to ekklesiahistory.fttt.org.tw:80.
HTTP request sent, awaiting response... 200 OK
Length: 2990 (2.9K) [text/html]
Saving to: 'docs_live/gb2312/book06/chapter32.htm'

     0K ..                                                    100%  136M=0s

2025-11-07 13:32:36 (136 MB/s) - 'docs_live/gb2312/book06/chapter32.htm' saved [2990/2990]

--2025-11-07 13:32:36--  http://ekklesiahistory.fttt.org.tw/gb2312/book06/chapter33.htm
Reusing existing connection to ekklesiahistory.fttt.org.tw:80.
HTTP request sent, awaiting response... 200 OK
Length: 3367 (3.3K) [text/html]
Saving to: 'docs_live/gb2312/book06/chapter33.htm'

     0K ...                                                   100%  744K=0.004s

2025-11-07 13:32:37 (744 KB/s) - 'docs_live/gb2312/book06/chapter33.htm' saved [3367/3367]

--2025-11-07 13:32:37--  http://ekklesiahistory.fttt.org.tw/gb2312/book06/chapter34.htm
Reusing existing connection to ekklesiahistory.fttt.org.tw:80.
HTTP request sent, awaiting response... 200 OK
Length: 3021 (3.0K) [text/html]
Saving to: 'docs_live/gb2312/book06/chapter34.htm'

     0K ..                                                    100%  184M=0s

2025-11-07 13:32:37 (184 MB/s) - 'docs_live/gb2312/book06/chapter34.htm' saved [3021/3021]

--2025-11-07 13:32:37--  http://ekklesiahistory.fttt.org.tw/gb2312/book06/chapter35.htm
Reusing existing connection to ekklesiahistory.fttt.org.tw:80.
HTTP request sent, awaiting response... 200 OK
Length: 1610 (1.6K) [text/html]
Saving to: 'docs_live/gb2312/book06/chapter35.htm'

     0K .                                                     100%  133M=0s

2025-11-07 13:32:37 (133 MB/s) - 'docs_live/gb2312/book06/chapter35.htm' saved [1610/1610]

--2025-11-07 13:32:37--  http://ekklesiahistory.fttt.org.tw/gb2312/book06/chapter36.htm
Reusing existing connection to ekklesiahistory.fttt.org.tw:80.
HTTP request sent, awaiting response... 200 OK
Length: 3271 (3.2K) [text/html]
Saving to: 'docs_live/gb2312/book06/chapter36.htm'

     0K ...                                                   100% 46.6M=0s

2025-11-07 13:32:37 (46.6 MB/s) - 'docs_live/gb2312/book06/chapter36.htm' saved [3271/3271]

--2025-11-07 13:32:37--  http://ekklesiahistory.fttt.org.tw/gb2312/book06/chapter37.htm
Reusing existing connection to ekklesiahistory.fttt.org.tw:80.
HTTP request sent, awaiting response... 200 OK
Length: 1752 (1.7K) [text/html]
Saving to: 'docs_live/gb2312/book06/chapter37.htm'

     0K .                                                     100% 23.6M=0s

2025-11-07 13:32:37 (23.6 MB/s) - 'docs_live/gb2312/book06/chapter37.htm' saved [1752/1752]

--2025-11-07 13:32:37--  http://ekklesiahistory.fttt.org.tw/gb2312/book06/chapter38.htm
Reusing existing connection to ekklesiahistory.fttt.org.tw:80.
HTTP request sent, awaiting response... 200 OK
Length: 2810 (2.7K) [text/html]
Saving to: 'docs_live/gb2312/book06/chapter38.htm'

     0K ..                                                    100%  148M=0s

2025-11-07 13:32:37 (148 MB/s) - 'docs_live/gb2312/book06/chapter38.htm' saved [2810/2810]

--2025-11-07 13:32:37--  http://ekklesiahistory.fttt.org.tw/gb2312/book06/chapter39.htm
Reusing existing connection to ekklesiahistory.fttt.org.tw:80.
HTTP request sent, awaiting response... 200 OK
Length: 4512 (4.4K) [text/html]
Saving to: 'docs_live/gb2312/book06/chapter39.htm'

     0K ....                                                  100% 90.9M=0s

2025-11-07 13:32:37 (90.9 MB/s) - 'docs_live/gb2312/book06/chapter39.htm' saved [4512/4512]

--2025-11-07 13:32:37--  http://ekklesiahistory.fttt.org.tw/gb2312/book06/chapter40.htm
Reusing existing connection to ekklesiahistory.fttt.org.tw:80.
HTTP request sent, awaiting response... 200 OK
Length: 6104 (6.0K) [text/html]
Saving to: 'docs_live/gb2312/book06/chapter40.htm'

     0K .....                                                 100%  205M=0s

2025-11-07 13:32:37 (205 MB/s) - 'docs_live/gb2312/book06/chapter40.htm' saved [6104/6104]

--2025-11-07 13:32:37--  http://ekklesiahistory.fttt.org.tw/gb2312/book06/chapter41.htm
Reusing existing connection to ekklesiahistory.fttt.org.tw:80.
HTTP request sent, awaiting response... 200 OK
Length: 12557 (12K) [text/html]
Saving to: 'docs_live/gb2312/book06/chapter41.htm'

     0K .......... ..                                         100% 85.1M=0s

2025-11-07 13:32:37 (85.1 MB/s) - 'docs_live/gb2312/book06/chapter41.htm' saved [12557/12557]

--2025-11-07 13:32:37--  http://ekklesiahistory.fttt.org.tw/gb2312/book06/chapter42.htm
Reusing existing connection to ekklesiahistory.fttt.org.tw:80.
HTTP request sent, awaiting response... 200 OK
Length: 6152 (6.0K) [text/html]
Saving to: 'docs_live/gb2312/book06/chapter42.htm'

     0K ......                                                100%  314M=0s

2025-11-07 13:32:37 (314 MB/s) - 'docs_live/gb2312/book06/chapter42.htm' saved [6152/6152]

--2025-11-07 13:32:37--  http://ekklesiahistory.fttt.org.tw/gb2312/book06/chapter43.htm
Reusing existing connection to ekklesiahistory.fttt.org.tw:80.
HTTP request sent, awaiting response... 200 OK
Length: 16081 (16K) [text/html]
Saving to: 'docs_live/gb2312/book06/chapter43.htm'

     0K .......... .....                                      100% 48.4M=0s

2025-11-07 13:32:37 (48.4 MB/s) - 'docs_live/gb2312/book06/chapter43.htm' saved [16081/16081]

--2025-11-07 13:32:37--  http://ekklesiahistory.fttt.org.tw/gb2312/book06/chapter44.htm
Reusing existing connection to ekklesiahistory.fttt.org.tw:80.
HTTP request sent, awaiting response... 200 OK
Length: 4291 (4.2K) [text/html]
Saving to: 'docs_live/gb2312/book06/chapter44.htm'

     0K ....                                                  100%  114M=0s

2025-11-07 13:32:38 (114 MB/s) - 'docs_live/gb2312/book06/chapter44.htm' saved [4291/4291]

--2025-11-07 13:32:38--  http://ekklesiahistory.fttt.org.tw/gb2312/book06/chapter45.htm
Reusing existing connection to ekklesiahistory.fttt.org.tw:80.
HTTP request sent, awaiting response... 200 OK
Length: 2227 (2.2K) [text/html]
Saving to: 'docs_live/gb2312/book06/chapter45.htm'

     0K ..                                                    100%  114M=0s

2025-11-07 13:32:38 (114 MB/s) - 'docs_live/gb2312/book06/chapter45.htm' saved [2227/2227]

--2025-11-07 13:32:38--  http://ekklesiahistory.fttt.org.tw/gb2312/book06/chapter46.htm
Reusing existing connection to ekklesiahistory.fttt.org.tw:80.
HTTP request sent, awaiting response... 200 OK
Length: 3008 (2.9K) [text/html]
Saving to: 'docs_live/gb2312/book06/chapter46.htm'

     0K ..                                                    100%  116M=0s

2025-11-07 13:32:38 (116 MB/s) - 'docs_live/gb2312/book06/chapter46.htm' saved [3008/3008]

--2025-11-07 13:32:38--  http://ekklesiahistory.fttt.org.tw/gb2312/book07/chapter00.htm
Reusing existing connection to ekklesiahistory.fttt.org.tw:80.
HTTP request sent, awaiting response... 200 OK
Length: 1540 (1.5K) [text/html]
Saving to: 'docs_live/gb2312/book07/chapter00.htm'

     0K .                                                     100% 72.1M=0s

2025-11-07 13:32:38 (72.1 MB/s) - 'docs_live/gb2312/book07/chapter00.htm' saved [1540/1540]

--2025-11-07 13:32:38--  http://ekklesiahistory.fttt.org.tw/gb2312/book07/chapter01.htm
Reusing existing connection to ekklesiahistory.fttt.org.tw:80.
HTTP request sent, awaiting response... 200 OK
Length: 2623 (2.6K) [text/html]
Saving to: 'docs_live/gb2312/book07/chapter01.htm'

     0K ..                                                    100%  206M=0s

2025-11-07 13:32:38 (206 MB/s) - 'docs_live/gb2312/book07/chapter01.htm' saved [2623/2623]

--2025-11-07 13:32:38--  http://ekklesiahistory.fttt.org.tw/gb2312/book07/chapter02.htm
Reusing existing connection to ekklesiahistory.fttt.org.tw:80.
HTTP request sent, awaiting response... 200 OK
Length: 1780 (1.7K) [text/html]
Saving to: 'docs_live/gb2312/book07/chapter02.htm'

     0K .                                                     100% 77.2M=0s

2025-11-07 13:32:38 (77.2 MB/s) - 'docs_live/gb2312/book07/chapter02.htm' saved [1780/1780]

--2025-11-07 13:32:38--  http://ekklesiahistory.fttt.org.tw/gb2312/book07/chapter03.htm
Reusing existing connection to ekklesiahistory.fttt.org.tw:80.
HTTP request sent, awaiting response... 200 OK
Length: 2638 (2.6K) [text/html]
Saving to: 'docs_live/gb2312/book07/chapter03.htm'

     0K ..                                                    100%  130M=0s

2025-11-07 13:32:38 (130 MB/s) - 'docs_live/gb2312/book07/chapter03.htm' saved [2638/2638]

--2025-11-07 13:32:38--  http://ekklesiahistory.fttt.org.tw/gb2312/book07/chapter04.htm
Reusing existing connection to ekklesiahistory.fttt.org.tw:80.
HTTP request sent, awaiting response... 200 OK
Length: 2020 (2.0K) [text/html]
Saving to: 'docs_live/gb2312/book07/chapter04.htm'

     0K .                                                     100%  147M=0s

2025-11-07 13:32:38 (147 MB/s) - 'docs_live/gb2312/book07/chapter04.htm' saved [2020/2020]

--2025-11-07 13:32:38--  http://ekklesiahistory.fttt.org.tw/gb2312/book07/chapter05.htm
Reusing existing connection to ekklesiahistory.fttt.org.tw:80.
HTTP request sent, awaiting response... 200 OK
Length: 4036 (3.9K) [text/html]
Saving to: 'docs_live/gb2312/book07/chapter05.htm'

     0K ...                                                   100% 83.0M=0s

2025-11-07 13:32:38 (83.0 MB/s) - 'docs_live/gb2312/book07/chapter05.htm' saved [4036/4036]

--2025-11-07 13:32:38--  http://ekklesiahistory.fttt.org.tw/gb2312/book07/chapter06.htm
Reusing existing connection to ekklesiahistory.fttt.org.tw:80.
HTTP request sent, awaiting response... 200 OK
Length: 3028 (3.0K) [text/html]
Saving to: 'docs_live/gb2312/book07/chapter06.htm'

     0K ..                                                    100% 93.0M=0s

2025-11-07 13:32:38 (93.0 MB/s) - 'docs_live/gb2312/book07/chapter06.htm' saved [3028/3028]

--2025-11-07 13:32:38--  http://ekklesiahistory.fttt.org.tw/gb2312/book07/chapter07.htm
Reusing existing connection to ekklesiahistory.fttt.org.tw:80.
HTTP request sent, awaiting response... 200 OK
Length: 5307 (5.2K) [text/html]
Saving to: 'docs_live/gb2312/book07/chapter07.htm'

     0K .....                                                 100%  115M=0s

2025-11-07 13:32:39 (115 MB/s) - 'docs_live/gb2312/book07/chapter07.htm' saved [5307/5307]

--2025-11-07 13:32:39--  http://ekklesiahistory.fttt.org.tw/gb2312/book07/chapter08.htm
Reusing existing connection to ekklesiahistory.fttt.org.tw:80.
HTTP request sent, awaiting response... 200 OK
Length: 2489 (2.4K) [text/html]
Saving to: 'docs_live/gb2312/book07/chapter08.htm'

     0K ..                                                    100%  283M=0s

2025-11-07 13:32:39 (283 MB/s) - 'docs_live/gb2312/book07/chapter08.htm' saved [2489/2489]

--2025-11-07 13:32:39--  http://ekklesiahistory.fttt.org.tw/gb2312/book07/chapter09.htm
Reusing existing connection to ekklesiahistory.fttt.org.tw:80.
HTTP request sent, awaiting response... 200 OK
Length: 3707 (3.6K) [text/html]
Saving to: 'docs_live/gb2312/book07/chapter09.htm'

     0K ...                                                   100%  102M=0s

2025-11-07 13:32:39 (102 MB/s) - 'docs_live/gb2312/book07/chapter09.htm' saved [3707/3707]

--2025-11-07 13:32:39--  http://ekklesiahistory.fttt.org.tw/gb2312/book07/chapter10.htm
Reusing existing connection to ekklesiahistory.fttt.org.tw:80.
HTTP request sent, awaiting response... 200 OK
Length: 8962 (8.8K) [text/html]
Saving to: 'docs_live/gb2312/book07/chapter10.htm'

     0K ........                                              100% 62.0M=0s

2025-11-07 13:32:39 (62.0 MB/s) - 'docs_live/gb2312/book07/chapter10.htm' saved [8962/8962]

--2025-11-07 13:32:39--  http://ekklesiahistory.fttt.org.tw/gb2312/book07/chapter11.htm
Reusing existing connection to ekklesiahistory.fttt.org.tw:80.
HTTP request sent, awaiting response... 200 OK
Length: 16004 (16K) [text/html]
Saving to: 'docs_live/gb2312/book07/chapter11.htm'

     0K .......... .....                                      100%  135M=0s

2025-11-07 13:32:39 (135 MB/s) - 'docs_live/gb2312/book07/chapter11.htm' saved [16004/16004]

--2025-11-07 13:32:39--  http://ekklesiahistory.fttt.org.tw/gb2312/book07/chapter12.htm
Reusing existing connection to ekklesiahistory.fttt.org.tw:80.
HTTP request sent, awaiting response... 200 OK
Length: 1987 (1.9K) [text/html]
Saving to: 'docs_live/gb2312/book07/chapter12.htm'

     0K .                                                     100% 28.1M=0s

2025-11-07 13:32:39 (28.1 MB/s) - 'docs_live/gb2312/book07/chapter12.htm' saved [1987/1987]

--2025-11-07 13:32:39--  http://ekklesiahistory.fttt.org.tw/gb2312/book07/chapter13.htm
Reusing existing connection to ekklesiahistory.fttt.org.tw:80.
HTTP request sent, awaiting response... 200 OK
Length: 2976 (2.9K) [text/html]
Saving to: 'docs_live/gb2312/book07/chapter13.htm'

     0K ..                                                    100%  112M=0s

2025-11-07 13:32:39 (112 MB/s) - 'docs_live/gb2312/book07/chapter13.htm' saved [2976/2976]

--2025-11-07 13:32:39--  http://ekklesiahistory.fttt.org.tw/gb2312/book07/chapter14.htm
Reusing existing connection to ekklesiahistory.fttt.org.tw:80.
HTTP request sent, awaiting response... 200 OK
Length: 1926 (1.9K) [text/html]
Saving to: 'docs_live/gb2312/book07/chapter14.htm'

     0K .                                                     100%  100M=0s

2025-11-07 13:32:39 (100 MB/s) - 'docs_live/gb2312/book07/chapter14.htm' saved [1926/1926]

--2025-11-07 13:32:39--  http://ekklesiahistory.fttt.org.tw/gb2312/book07/chapter15.htm
Reusing existing connection to ekklesiahistory.fttt.org.tw:80.
HTTP request sent, awaiting response... 200 OK
Length: 3668 (3.6K) [text/html]
Saving to: 'docs_live/gb2312/book07/chapter15.htm'

     0K ...                                                   100%  100M=0s

2025-11-07 13:32:39 (100 MB/s) - 'docs_live/gb2312/book07/chapter15.htm' saved [3668/3668]

--2025-11-07 13:32:39--  http://ekklesiahistory.fttt.org.tw/gb2312/book07/chapter16.htm
Reusing existing connection to ekklesiahistory.fttt.org.tw:80.
HTTP request sent, awaiting response... 200 OK
Length: 1797 (1.8K) [text/html]
Saving to: 'docs_live/gb2312/book07/chapter16.htm'

     0K .                                                     100%  142M=0s

2025-11-07 13:32:39 (142 MB/s) - 'docs_live/gb2312/book07/chapter16.htm' saved [1797/1797]

--2025-11-07 13:32:39--  http://ekklesiahistory.fttt.org.tw/gb2312/book07/chapter17.htm
Reusing existing connection to ekklesiahistory.fttt.org.tw:80.
HTTP request sent, awaiting response... 200 OK
Length: 2067 (2.0K) [text/html]
Saving to: 'docs_live/gb2312/book07/chapter17.htm'

     0K ..                                                    100%  104M=0s

2025-11-07 13:32:39 (104 MB/s) - 'docs_live/gb2312/book07/chapter17.htm' saved [2067/2067]

--2025-11-07 13:32:39--  http://ekklesiahistory.fttt.org.tw/gb2312/book07/chapter18.htm
Reusing existing connection to ekklesiahistory.fttt.org.tw:80.
HTTP request sent, awaiting response... 200 OK
Length: 3828 (3.7K) [text/html]
Saving to: 'docs_live/gb2312/book07/chapter18.htm'

     0K ...                                                   100% 77.0M=0s

2025-11-07 13:32:40 (77.0 MB/s) - 'docs_live/gb2312/book07/chapter18.htm' saved [3828/3828]

--2025-11-07 13:32:40--  http://ekklesiahistory.fttt.org.tw/gb2312/book07/chapter19.htm
Reusing existing connection to ekklesiahistory.fttt.org.tw:80.
HTTP request sent, awaiting response... 200 OK
Length: 2658 (2.6K) [text/html]
Saving to: 'docs_live/gb2312/book07/chapter19.htm'

     0K ..                                                    100%  162M=0s

2025-11-07 13:32:40 (162 MB/s) - 'docs_live/gb2312/book07/chapter19.htm' saved [2658/2658]

--2025-11-07 13:32:40--  http://ekklesiahistory.fttt.org.tw/gb2312/book07/chapter20.htm
Reusing existing connection to ekklesiahistory.fttt.org.tw:80.
HTTP request sent, awaiting response... 200 OK
Length: 3133 (3.1K) [text/html]
Saving to: 'docs_live/gb2312/book07/chapter20.htm'

     0K ...                                                   100% 63.9M=0s

2025-11-07 13:32:40 (63.9 MB/s) - 'docs_live/gb2312/book07/chapter20.htm' saved [3133/3133]

--2025-11-07 13:32:40--  http://ekklesiahistory.fttt.org.tw/gb2312/book07/chapter21.htm
Reusing existing connection to ekklesiahistory.fttt.org.tw:80.
HTTP request sent, awaiting response... 200 OK
Length: 5258 (5.1K) [text/html]
Saving to: 'docs_live/gb2312/book07/chapter21.htm'

     0K .....                                                 100%  314M=0s

2025-11-07 13:32:40 (314 MB/s) - 'docs_live/gb2312/book07/chapter21.htm' saved [5258/5258]

--2025-11-07 13:32:40--  http://ekklesiahistory.fttt.org.tw/gb2312/book07/chapter22.htm
Reusing existing connection to ekklesiahistory.fttt.org.tw:80.
HTTP request sent, awaiting response... 200 OK
Length: 5508 (5.4K) [text/html]
Saving to: 'docs_live/gb2312/book07/chapter22.htm'

     0K .....                                                 100%  267M=0s

2025-11-07 13:32:40 (267 MB/s) - 'docs_live/gb2312/book07/chapter22.htm' saved [5508/5508]

--2025-11-07 13:32:40--  http://ekklesiahistory.fttt.org.tw/gb2312/book07/chapter23.htm
Reusing existing connection to ekklesiahistory.fttt.org.tw:80.
HTTP request sent, awaiting response... 200 OK
Length: 2945 (2.9K) [text/html]
Saving to: 'docs_live/gb2312/book07/chapter23.htm'

     0K ..                                                    100%  143M=0s

2025-11-07 13:32:40 (143 MB/s) - 'docs_live/gb2312/book07/chapter23.htm' saved [2945/2945]

--2025-11-07 13:32:40--  http://ekklesiahistory.fttt.org.tw/gb2312/book07/chapter24.htm
Reusing existing connection to ekklesiahistory.fttt.org.tw:80.
HTTP request sent, awaiting response... 200 OK
Length: 6594 (6.4K) [text/html]
Saving to: 'docs_live/gb2312/book07/chapter24.htm'

     0K ......                                                100%  141M=0s

2025-11-07 13:32:40 (141 MB/s) - 'docs_live/gb2312/book07/chapter24.htm' saved [6594/6594]

--2025-11-07 13:32:40--  http://ekklesiahistory.fttt.org.tw/gb2312/book07/chapter25.htm
Reusing existing connection to ekklesiahistory.fttt.org.tw:80.
HTTP request sent, awaiting response... 200 OK
Length: 16743 (16K) [text/html]
Saving to: 'docs_live/gb2312/book07/chapter25.htm'

     0K .......... ......                                     100%  106M=0s

2025-11-07 13:32:40 (106 MB/s) - 'docs_live/gb2312/book07/chapter25.htm' saved [16743/16743]

--2025-11-07 13:32:40--  http://ekklesiahistory.fttt.org.tw/gb2312/book07/chapter26.htm
Reusing existing connection to ekklesiahistory.fttt.org.tw:80.
HTTP request sent, awaiting response... 200 OK
Length: 2522 (2.5K) [text/html]
Saving to: 'docs_live/gb2312/book07/chapter26.htm'

     0K ..                                                    100%  184M=0s

2025-11-07 13:32:40 (184 MB/s) - 'docs_live/gb2312/book07/chapter26.htm' saved [2522/2522]

--2025-11-07 13:32:40--  http://ekklesiahistory.fttt.org.tw/gb2312/book07/chapter27.htm
Connecting to ekklesiahistory.fttt.org.tw (ekklesiahistory.fttt.org.tw)|152.42.191.121|:80... connected.
HTTP request sent, awaiting response... 200 OK
Length: 3734 (3.6K) [text/html]
Saving to: 'docs_live/gb2312/book07/chapter27.htm'

     0K ...                                                   100%  411M=0s

2025-11-07 13:32:41 (411 MB/s) - 'docs_live/gb2312/book07/chapter27.htm' saved [3734/3734]

--2025-11-07 13:32:41--  http://ekklesiahistory.fttt.org.tw/gb2312/book07/chapter28.htm
Reusing existing connection to ekklesiahistory.fttt.org.tw:80.
HTTP request sent, awaiting response... 200 OK
Length: 3354 (3.3K) [text/html]
Saving to: 'docs_live/gb2312/book07/chapter28.htm'

     0K ...                                                   100%  177M=0s

2025-11-07 13:32:41 (177 MB/s) - 'docs_live/gb2312/book07/chapter28.htm' saved [3354/3354]

--2025-11-07 13:32:41--  http://ekklesiahistory.fttt.org.tw/gb2312/book07/chapter29.htm
Reusing existing connection to ekklesiahistory.fttt.org.tw:80.
HTTP request sent, awaiting response... 200 OK
Length: 2182 (2.1K) [text/html]
Saving to: 'docs_live/gb2312/book07/chapter29.htm'

     0K ..                                                    100%  167M=0s

2025-11-07 13:32:41 (167 MB/s) - 'docs_live/gb2312/book07/chapter29.htm' saved [2182/2182]

--2025-11-07 13:32:41--  http://ekklesiahistory.fttt.org.tw/gb2312/book07/chapter30.htm
Reusing existing connection to ekklesiahistory.fttt.org.tw:80.
HTTP request sent, awaiting response... 200 OK
Length: 12518 (12K) [text/html]
Saving to: 'docs_live/gb2312/book07/chapter30.htm'

     0K .......... ..                                         100%  174M=0s

2025-11-07 13:32:41 (174 MB/s) - 'docs_live/gb2312/book07/chapter30.htm' saved [12518/12518]

--2025-11-07 13:32:41--  http://ekklesiahistory.fttt.org.tw/gb2312/book07/chapter31.htm
Reusing existing connection to ekklesiahistory.fttt.org.tw:80.
HTTP request sent, awaiting response... 200 OK
Length: 3572 (3.5K) [text/html]
Saving to: 'docs_live/gb2312/book07/chapter31.htm'

     0K ...                                                   100%  131M=0s

2025-11-07 13:32:41 (131 MB/s) - 'docs_live/gb2312/book07/chapter31.htm' saved [3572/3572]

--2025-11-07 13:32:41--  http://ekklesiahistory.fttt.org.tw/gb2312/book07/chapter32.htm
Reusing existing connection to ekklesiahistory.fttt.org.tw:80.
HTTP request sent, awaiting response... 200 OK
Length: 20940 (20K) [text/html]
Saving to: 'docs_live/gb2312/book07/chapter32.htm'

     0K .......... ..........                                 100%  143M=0s

2025-11-07 13:32:41 (143 MB/s) - 'docs_live/gb2312/book07/chapter32.htm' saved [20940/20940]

--2025-11-07 13:32:41--  http://ekklesiahistory.fttt.org.tw/gb2312/book08/chapter00.htm
Reusing existing connection to ekklesiahistory.fttt.org.tw:80.
HTTP request sent, awaiting response... 200 OK
Length: 1582 (1.5K) [text/html]
Saving to: 'docs_live/gb2312/book08/chapter00.htm'

     0K .                                                     100% 82.9M=0s

2025-11-07 13:32:41 (82.9 MB/s) - 'docs_live/gb2312/book08/chapter00.htm' saved [1582/1582]

--2025-11-07 13:32:41--  http://ekklesiahistory.fttt.org.tw/gb2312/book08/chapter01.htm
Reusing existing connection to ekklesiahistory.fttt.org.tw:80.
HTTP request sent, awaiting response... 200 OK
Length: 6607 (6.5K) [text/html]
Saving to: 'docs_live/gb2312/book08/chapter01.htm'

     0K ......                                                100% 50.7M=0s

2025-11-07 13:32:41 (50.7 MB/s) - 'docs_live/gb2312/book08/chapter01.htm' saved [6607/6607]

--2025-11-07 13:32:41--  http://ekklesiahistory.fttt.org.tw/gb2312/book08/chapter02.htm
Reusing existing connection to ekklesiahistory.fttt.org.tw:80.
HTTP request sent, awaiting response... 200 OK
Length: 5425 (5.3K) [text/html]
Saving to: 'docs_live/gb2312/book08/chapter02.htm'

     0K .....                                                 100%  160M=0s

2025-11-07 13:32:41 (160 MB/s) - 'docs_live/gb2312/book08/chapter02.htm' saved [5425/5425]

--2025-11-07 13:32:41--  http://ekklesiahistory.fttt.org.tw/gb2312/book08/chapter03.htm
Reusing existing connection to ekklesiahistory.fttt.org.tw:80.
HTTP request sent, awaiting response... 200 OK
Length: 3047 (3.0K) [text/html]
Saving to: 'docs_live/gb2312/book08/chapter03.htm'

     0K ..                                                    100%  148M=0s

2025-11-07 13:32:42 (148 MB/s) - 'docs_live/gb2312/book08/chapter03.htm' saved [3047/3047]

--2025-11-07 13:32:42--  http://ekklesiahistory.fttt.org.tw/gb2312/book08/chapter04.htm
Reusing existing connection to ekklesiahistory.fttt.org.tw:80.
HTTP request sent, awaiting response... 200 OK
Length: 4037 (3.9K) [text/html]
Saving to: 'docs_live/gb2312/book08/chapter04.htm'

     0K ...                                                   100% 88.0M=0s

2025-11-07 13:32:42 (88.0 MB/s) - 'docs_live/gb2312/book08/chapter04.htm' saved [4037/4037]

--2025-11-07 13:32:42--  http://ekklesiahistory.fttt.org.tw/gb2312/book08/chapter05.htm
Reusing existing connection to ekklesiahistory.fttt.org.tw:80.
HTTP request sent, awaiting response... 200 OK
Length: 2084 (2.0K) [text/html]
Saving to: 'docs_live/gb2312/book08/chapter05.htm'

     0K ..                                                    100%  109M=0s

2025-11-07 13:32:42 (109 MB/s) - 'docs_live/gb2312/book08/chapter05.htm' saved [2084/2084]

--2025-11-07 13:32:42--  http://ekklesiahistory.fttt.org.tw/gb2312/book08/chapter06.htm
Reusing existing connection to ekklesiahistory.fttt.org.tw:80.
HTTP request sent, awaiting response... 200 OK
Length: 8079 (7.9K) [text/html]
Saving to: 'docs_live/gb2312/book08/chapter06.htm'

     0K .......                                               100% 64.6M=0s

2025-11-07 13:32:42 (64.6 MB/s) - 'docs_live/gb2312/book08/chapter06.htm' saved [8079/8079]

--2025-11-07 13:32:42--  http://ekklesiahistory.fttt.org.tw/gb2312/book08/chapter07.htm
Reusing existing connection to ekklesiahistory.fttt.org.tw:80.
HTTP request sent, awaiting response... 200 OK
Length: 5025 (4.9K) [text/html]
Saving to: 'docs_live/gb2312/book08/chapter07.htm'

     0K ....                                                  100%  160M=0s

2025-11-07 13:32:42 (160 MB/s) - 'docs_live/gb2312/book08/chapter07.htm' saved [5025/5025]

--2025-11-07 13:32:42--  http://ekklesiahistory.fttt.org.tw/gb2312/book08/chapter08.htm
Reusing existing connection to ekklesiahistory.fttt.org.tw:80.
HTTP request sent, awaiting response... 200 OK
Length: 2682 (2.6K) [text/html]
Saving to: 'docs_live/gb2312/book08/chapter08.htm'

     0K ..                                                    100%  126M=0s

2025-11-07 13:32:42 (126 MB/s) - 'docs_live/gb2312/book08/chapter08.htm' saved [2682/2682]

--2025-11-07 13:32:42--  http://ekklesiahistory.fttt.org.tw/gb2312/book08/chapter09.htm
Reusing existing connection to ekklesiahistory.fttt.org.tw:80.
HTTP request sent, awaiting response... 200 OK
Length: 5515 (5.4K) [text/html]
Saving to: 'docs_live/gb2312/book08/chapter09.htm'

     0K .....                                                 100%  193M=0s

2025-11-07 13:32:42 (193 MB/s) - 'docs_live/gb2312/book08/chapter09.htm' saved [5515/5515]

--2025-11-07 13:32:42--  http://ekklesiahistory.fttt.org.tw/gb2312/book08/chapter10.htm
Reusing existing connection to ekklesiahistory.fttt.org.tw:80.
HTTP request sent, awaiting response... 200 OK
Length: 7755 (7.6K) [text/html]
Saving to: 'docs_live/gb2312/book08/chapter10.htm'

     0K .......                                               100%  187M=0s

2025-11-07 13:32:42 (187 MB/s) - 'docs_live/gb2312/book08/chapter10.htm' saved [7755/7755]

--2025-11-07 13:32:42--  http://ekklesiahistory.fttt.org.tw/gb2312/book08/chapter11.htm
Reusing existing connection to ekklesiahistory.fttt.org.tw:80.
HTTP request sent, awaiting response... 200 OK
Length: 3150 (3.1K) [text/html]
Saving to: 'docs_live/gb2312/book08/chapter11.htm'

     0K ...                                                   100%  100M=0s

2025-11-07 13:32:42 (100 MB/s) - 'docs_live/gb2312/book08/chapter11.htm' saved [3150/3150]

--2025-11-07 13:32:42--  http://ekklesiahistory.fttt.org.tw/gb2312/book08/chapter12.htm
Reusing existing connection to ekklesiahistory.fttt.org.tw:80.
HTTP request sent, awaiting response... 200 OK
Length: 8042 (7.9K) [text/html]
Saving to: 'docs_live/gb2312/book08/chapter12.htm'

     0K .......                                               100%  203M=0s

2025-11-07 13:32:42 (203 MB/s) - 'docs_live/gb2312/book08/chapter12.htm' saved [8042/8042]

--2025-11-07 13:32:42--  http://ekklesiahistory.fttt.org.tw/gb2312/book08/chapter13.htm
Reusing existing connection to ekklesiahistory.fttt.org.tw:80.
HTTP request sent, awaiting response... 200 OK
Length: 14076 (14K) [text/html]
Saving to: 'docs_live/gb2312/book08/chapter13.htm'

     0K .......... ...                                        100%  271M=0s

2025-11-07 13:32:43 (271 MB/s) - 'docs_live/gb2312/book08/chapter13.htm' saved [14076/14076]

--2025-11-07 13:32:43--  http://ekklesiahistory.fttt.org.tw/gb2312/book08/chapter14.htm
Reusing existing connection to ekklesiahistory.fttt.org.tw:80.
HTTP request sent, awaiting response... 200 OK
Length: 10177 (9.9K) [text/html]
Saving to: 'docs_live/gb2312/book08/chapter14.htm'

     0K .........                                             100% 79.2M=0s

2025-11-07 13:32:43 (79.2 MB/s) - 'docs_live/gb2312/book08/chapter14.htm' saved [10177/10177]

--2025-11-07 13:32:43--  http://ekklesiahistory.fttt.org.tw/gb2312/book08/chapter15.htm
Reusing existing connection to ekklesiahistory.fttt.org.tw:80.
HTTP request sent, awaiting response... 200 OK
Length: 2719 (2.7K) [text/html]
Saving to: 'docs_live/gb2312/book08/chapter15.htm'

     0K ..                                                    100% 56.5M=0s

2025-11-07 13:32:43 (56.5 MB/s) - 'docs_live/gb2312/book08/chapter15.htm' saved [2719/2719]

--2025-11-07 13:32:43--  http://ekklesiahistory.fttt.org.tw/gb2312/book08/chapter16.htm
Reusing existing connection to ekklesiahistory.fttt.org.tw:80.
HTTP request sent, awaiting response... 200 OK
Length: 4188 (4.1K) [text/html]
Saving to: 'docs_live/gb2312/book08/chapter16.htm'

     0K ....                                                  100%  105M=0s

2025-11-07 13:32:43 (105 MB/s) - 'docs_live/gb2312/book08/chapter16.htm' saved [4188/4188]

--2025-11-07 13:32:43--  http://ekklesiahistory.fttt.org.tw/gb2312/book08/chapter17.htm
Reusing existing connection to ekklesiahistory.fttt.org.tw:80.
HTTP request sent, awaiting response... 200 OK
Length: 9030 (8.8K) [text/html]
Saving to: 'docs_live/gb2312/book08/chapter17.htm'

     0K ........                                              100%  163M=0s

2025-11-07 13:32:43 (163 MB/s) - 'docs_live/gb2312/book08/chapter17.htm' saved [9030/9030]

--2025-11-07 13:32:43--  http://ekklesiahistory.fttt.org.tw/gb2312/book09/chapter01.htm
Reusing existing connection to ekklesiahistory.fttt.org.tw:80.
HTTP request sent, awaiting response... 200 OK
Length: 6354 (6.2K) [text/html]
Saving to: 'docs_live/gb2312/book09/chapter01.htm'

     0K ......                                                100%  258M=0s

2025-11-07 13:32:43 (258 MB/s) - 'docs_live/gb2312/book09/chapter01.htm' saved [6354/6354]

--2025-11-07 13:32:43--  http://ekklesiahistory.fttt.org.tw/gb2312/book09/chapter02.htm
Reusing existing connection to ekklesiahistory.fttt.org.tw:80.
HTTP request sent, awaiting response... 200 OK
Length: 3191 (3.1K) [text/html]
Saving to: 'docs_live/gb2312/book09/chapter02.htm'

     0K ...                                                   100%  268M=0s

2025-11-07 13:32:43 (268 MB/s) - 'docs_live/gb2312/book09/chapter02.htm' saved [3191/3191]

--2025-11-07 13:32:43--  http://ekklesiahistory.fttt.org.tw/gb2312/book09/chapter03.htm
Reusing existing connection to ekklesiahistory.fttt.org.tw:80.
HTTP request sent, awaiting response... 200 OK
Length: 2338 (2.3K) [text/html]
Saving to: 'docs_live/gb2312/book09/chapter03.htm'

     0K ..                                                    100% 90.9M=0s

2025-11-07 13:32:43 (90.9 MB/s) - 'docs_live/gb2312/book09/chapter03.htm' saved [2338/2338]

--2025-11-07 13:32:43--  http://ekklesiahistory.fttt.org.tw/gb2312/book09/chapter04.htm
Reusing existing connection to ekklesiahistory.fttt.org.tw:80.
HTTP request sent, awaiting response... 200 OK
Length: 3132 (3.1K) [text/html]
Saving to: 'docs_live/gb2312/book09/chapter04.htm'

     0K ...                                                   100%  160M=0s

2025-11-07 13:32:43 (160 MB/s) - 'docs_live/gb2312/book09/chapter04.htm' saved [3132/3132]

--2025-11-07 13:32:43--  http://ekklesiahistory.fttt.org.tw/gb2312/book09/chapter05.htm
Reusing existing connection to ekklesiahistory.fttt.org.tw:80.
HTTP request sent, awaiting response... 200 OK
Length: 2673 (2.6K) [text/html]
Saving to: 'docs_live/gb2312/book09/chapter05.htm'

     0K ..                                                    100%  108M=0s

2025-11-07 13:32:44 (108 MB/s) - 'docs_live/gb2312/book09/chapter05.htm' saved [2673/2673]

--2025-11-07 13:32:44--  http://ekklesiahistory.fttt.org.tw/gb2312/book09/chapter06.htm
Reusing existing connection to ekklesiahistory.fttt.org.tw:80.
HTTP request sent, awaiting response... 200 OK
Length: 2983 (2.9K) [text/html]
Saving to: 'docs_live/gb2312/book09/chapter06.htm'

     0K ..                                                    100%  128M=0s

2025-11-07 13:32:44 (128 MB/s) - 'docs_live/gb2312/book09/chapter06.htm' saved [2983/2983]

--2025-11-07 13:32:44--  http://ekklesiahistory.fttt.org.tw/gb2312/book09/chapter07.htm
Reusing existing connection to ekklesiahistory.fttt.org.tw:80.
HTTP request sent, awaiting response... 200 OK
Length: 8891 (8.7K) [text/html]
Saving to: 'docs_live/gb2312/book09/chapter07.htm'

     0K ........                                              100%  146M=0s

2025-11-07 13:32:44 (146 MB/s) - 'docs_live/gb2312/book09/chapter07.htm' saved [8891/8891]

--2025-11-07 13:32:44--  http://ekklesiahistory.fttt.org.tw/gb2312/book09/chapter08.htm
Reusing existing connection to ekklesiahistory.fttt.org.tw:80.
HTTP request sent, awaiting response... 200 OK
Length: 7288 (7.1K) [text/html]
Saving to: 'docs_live/gb2312/book09/chapter08.htm'

     0K .......                                               100%  104M=0s

2025-11-07 13:32:44 (104 MB/s) - 'docs_live/gb2312/book09/chapter08.htm' saved [7288/7288]

--2025-11-07 13:32:44--  http://ekklesiahistory.fttt.org.tw/gb2312/book09/chapter09.htm
Reusing existing connection to ekklesiahistory.fttt.org.tw:80.
HTTP request sent, awaiting response... 200 OK
Length: 13982 (14K) [text/html]
Saving to: 'docs_live/gb2312/book09/chapter09.htm'

     0K .......... ...                                        100%  114M=0s

2025-11-07 13:32:44 (114 MB/s) - 'docs_live/gb2312/book09/chapter09.htm' saved [13982/13982]

--2025-11-07 13:32:44--  http://ekklesiahistory.fttt.org.tw/gb2312/book09/chapter10.htm
Reusing existing connection to ekklesiahistory.fttt.org.tw:80.
HTTP request sent, awaiting response... 200 OK
Length: 9047 (8.8K) [text/html]
Saving to: 'docs_live/gb2312/book09/chapter10.htm'

     0K ........                                              100% 75.8M=0s

2025-11-07 13:32:44 (75.8 MB/s) - 'docs_live/gb2312/book09/chapter10.htm' saved [9047/9047]

--2025-11-07 13:32:44--  http://ekklesiahistory.fttt.org.tw/gb2312/book09/chapter11.htm
Reusing existing connection to ekklesiahistory.fttt.org.tw:80.
HTTP request sent, awaiting response... 200 OK
Length: 6001 (5.9K) [text/html]
Saving to: 'docs_live/gb2312/book09/chapter11.htm'

     0K .....                                                 100% 90.5M=0s

2025-11-07 13:32:44 (90.5 MB/s) - 'docs_live/gb2312/book09/chapter11.htm' saved [6001/6001]

--2025-11-07 13:32:44--  http://ekklesiahistory.fttt.org.tw/gb2312/book10/chapter01.htm
Reusing existing connection to ekklesiahistory.fttt.org.tw:80.
HTTP request sent, awaiting response... 200 OK
Length: 6569 (6.4K) [text/html]
Saving to: 'docs_live/gb2312/book10/chapter01.htm'

     0K ......                                                100%  112M=0s

2025-11-07 13:32:44 (112 MB/s) - 'docs_live/gb2312/book10/chapter01.htm' saved [6569/6569]

--2025-11-07 13:32:44--  http://ekklesiahistory.fttt.org.tw/gb2312/book10/chapter02.htm
Reusing existing connection to ekklesiahistory.fttt.org.tw:80.
HTTP request sent, awaiting response... 200 OK
Length: 2594 (2.5K) [text/html]
Saving to: 'docs_live/gb2312/book10/chapter02.htm'

     0K ..                                                    100%  115M=0s

2025-11-07 13:32:44 (115 MB/s) - 'docs_live/gb2312/book10/chapter02.htm' saved [2594/2594]

--2025-11-07 13:32:44--  http://ekklesiahistory.fttt.org.tw/gb2312/book10/chapter03.htm
Reusing existing connection to ekklesiahistory.fttt.org.tw:80.
HTTP request sent, awaiting response... 200 OK
Length: 3046 (3.0K) [text/html]
Saving to: 'docs_live/gb2312/book10/chapter03.htm'

     0K ..                                                    100%  131M=0s

2025-11-07 13:32:45 (131 MB/s) - 'docs_live/gb2312/book10/chapter03.htm' saved [3046/3046]

--2025-11-07 13:32:45--  http://ekklesiahistory.fttt.org.tw/gb2312/book10/chapter04.htm
Reusing existing connection to ekklesiahistory.fttt.org.tw:80.
HTTP request sent, awaiting response... 200 OK
Length: 51859 (51K) [text/html]
Saving to: 'docs_live/gb2312/book10/chapter04.htm'

     0K .......... .......... .......... .......... .......... 98%  516K 0s
    50K                                                       100% 1.26M=0.1s

2025-11-07 13:32:45 (522 KB/s) - 'docs_live/gb2312/book10/chapter04.htm' saved [51859/51859]

--2025-11-07 13:32:45--  http://ekklesiahistory.fttt.org.tw/gb2312/book10/chapter05.htm
Reusing existing connection to ekklesiahistory.fttt.org.tw:80.
HTTP request sent, awaiting response... 200 OK
Length: 16335 (16K) [text/html]
Saving to: 'docs_live/gb2312/book10/chapter05.htm'

     0K .......... .....                                      100%  192M=0s

2025-11-07 13:32:45 (192 MB/s) - 'docs_live/gb2312/book10/chapter05.htm' saved [16335/16335]

--2025-11-07 13:32:45--  http://ekklesiahistory.fttt.org.tw/gb2312/book10/chapter06.htm
Reusing existing connection to ekklesiahistory.fttt.org.tw:80.
HTTP request sent, awaiting response... 200 OK
Length: 4763 (4.7K) [text/html]
Saving to: 'docs_live/gb2312/book10/chapter06.htm'

     0K ....                                                  100%  198M=0s

2025-11-07 13:32:45 (198 MB/s) - 'docs_live/gb2312/book10/chapter06.htm' saved [4763/4763]

--2025-11-07 13:32:45--  http://ekklesiahistory.fttt.org.tw/gb2312/book10/chapter07.htm
Reusing existing connection to ekklesiahistory.fttt.org.tw:80.
HTTP request sent, awaiting response... 200 OK
Length: 3212 (3.1K) [text/html]
Saving to: 'docs_live/gb2312/book10/chapter07.htm'

     0K ...                                                   100%  321M=0s

2025-11-07 13:32:45 (321 MB/s) - 'docs_live/gb2312/book10/chapter07.htm' saved [3212/3212]

--2025-11-07 13:32:45--  http://ekklesiahistory.fttt.org.tw/gb2312/book10/chapter08.htm
Reusing existing connection to ekklesiahistory.fttt.org.tw:80.
HTTP request sent, awaiting response... 200 OK
Length: 11132 (11K) [text/html]
Saving to: 'docs_live/gb2312/book10/chapter08.htm'

     0K ..........                                            100% 88.0M=0s

2025-11-07 13:32:45 (88.0 MB/s) - 'docs_live/gb2312/book10/chapter08.htm' saved [11132/11132]

--2025-11-07 13:32:45--  http://ekklesiahistory.fttt.org.tw/gb2312/book10/chapter09.htm
Reusing existing connection to ekklesiahistory.fttt.org.tw:80.
HTTP request sent, awaiting response... 200 OK
Length: 5166 (5.0K) [text/html]
Saving to: 'docs_live/gb2312/book10/chapter09.htm'

     0K .....                                                 100%  166M=0s

2025-11-07 13:32:45 (166 MB/s) - 'docs_live/gb2312/book10/chapter09.htm' saved [5166/5166]

--2025-11-07 13:32:45--  http://ekklesiahistory.fttt.org.tw/guestbook/corner.htm
Reusing existing connection to ekklesiahistory.fttt.org.tw:80.
HTTP request sent, awaiting response... 200 OK
Length: 637 [text/html]
Saving to: 'docs_live/guestbook/corner.htm'

     0K                                                       100% 27.2M=0s

2025-11-07 13:32:45 (27.2 MB/s) - 'docs_live/guestbook/corner.htm' saved [637/637]

--2025-11-07 13:32:45--  http://ekklesiahistory.fttt.org.tw/guestbook/leftframe.htm
Reusing existing connection to ekklesiahistory.fttt.org.tw:80.
HTTP request sent, awaiting response... 200 OK
Length: 571 [text/html]
Saving to: 'docs_live/guestbook/leftframe.htm'

     0K                                                       100% 21.0M=0s

2025-11-07 13:32:46 (21.0 MB/s) - 'docs_live/guestbook/leftframe.htm' saved [571/571]

--2025-11-07 13:32:46--  http://ekklesiahistory.fttt.org.tw/guestbook/left.htm
Reusing existing connection to ekklesiahistory.fttt.org.tw:80.
HTTP request sent, awaiting response... 200 OK
Length: 2352 (2.3K) [text/html]
Saving to: 'docs_live/guestbook/left.htm'

     0K ..                                                    100%  110M=0s

2025-11-07 13:32:46 (110 MB/s) - 'docs_live/guestbook/left.htm' saved [2352/2352]

--2025-11-07 13:32:46--  http://ekklesiahistory.fttt.org.tw/guestbook/right.htm
Reusing existing connection to ekklesiahistory.fttt.org.tw:80.
HTTP request sent, awaiting response... 200 OK
Length: 571 [text/html]
Saving to: 'docs_live/guestbook/right.htm'

     0K                                                       100% 20.7M=0s

2025-11-07 13:32:46 (20.7 MB/s) - 'docs_live/guestbook/right.htm' saved [571/571]

--2025-11-07 13:32:46--  http://ekklesiahistory.fttt.org.tw/guestbook/top.htm
Reusing existing connection to ekklesiahistory.fttt.org.tw:80.
HTTP request sent, awaiting response... 200 OK
Length: 594 [text/html]
Saving to: 'docs_live/guestbook/top.htm'

     0K                                                       100% 44.7M=0s

2025-11-07 13:32:46 (44.7 MB/s) - 'docs_live/guestbook/top.htm' saved [594/594]

--2025-11-07 13:32:46--  http://ekklesiahistory.fttt.org.tw/guestbook/main.php
Reusing existing connection to ekklesiahistory.fttt.org.tw:80.
HTTP request sent, awaiting response... 500 Internal Server Error
2025-11-07 13:32:46 ERROR 500: Internal Server Error.

--2025-11-07 13:32:46--  http://ekklesiahistory.fttt.org.tw/gb2312/book09/chapter00.htm
Connecting to ekklesiahistory.fttt.org.tw (ekklesiahistory.fttt.org.tw)|152.42.191.121|:80... connected.
HTTP request sent, awaiting response... 404 Not Found
2025-11-07 13:32:46 ERROR 404: Not Found.

FINISHED --2025-11-07 13:32:46--
Total wall clock time: 1m 19s
Downloaded: 755 files, 3.5M in 0.4s (8.03 MB/s)
Converting links in docs_live/gb2312/book08/chapter08.htm... 5.
5-0
Converting links in docs_live/big5/book09/chapter09.htm... 11.
11-0
Converting links in docs_live/gb2312/book07/index.html... 6.
6-0
Converting links in docs_live/gb2312/book04/corner.htm... 1.
1-0
Converting links in docs_live/gb2312/book07/chapter24.htm... 5.
5-0
Converting links in docs_live/big5/book07/chapter15.htm... 5.
5-0
Converting links in docs_live/gb2312/book06/chapter06.htm... 4.
4-0
Converting links in docs_live/big5/book07/right.htm... nothing to do.
Converting links in docs_live/gb2312/book05/chapter22.htm... 4.
4-0
Converting links in docs_live/big5/book05/chapter13.htm... 10.
10-0
Converting links in docs_live/gb2312/book04/chapter04.htm... 5.
5-0
Converting links in docs_live/big5/book06/chapter23.htm... 5.
5-0
Converting links in docs_live/gb2312/book06/chapter32.htm... 5.
5-0
Converting links in docs_live/gb2312/book03/chapter20.htm... 5.
5-0
Converting links in docs_live/gb2312/book04/chapter30.htm... 4.
4-0
Converting links in docs_live/big5/book04/chapter21.htm... 5.
5-0
Converting links in docs_live/big5/book02/chapter01.htm... 9.
9-0
Converting links in docs_live/gb2312/book05/chapter19.htm... 4.
4-0
Converting links in docs_live/gb2312/book03/left.htm... 17.
17-0
Converting links in docs_live/gb2312/book02/chapter10.htm... 7.
7-0
Converting links in docs_live/big5/book03/chapter11.htm... 5.
5-0
Converting links in docs_live/gb2312/book06/chapter29.htm... 4.
4-0
Converting links in docs_live/big5/book10/left.htm... 17.
17-0
Converting links in docs_live/gb2312/book04/chapter27.htm... 5.
5-0
Converting links in docs_live/big5/book06/chapter46.htm... 3.
3-0
Converting links in docs_live/gb2312/book02/chapter07.htm... 5.
5-0
Converting links in docs_live/big5/book03/chapter08.htm... 4.
4-0
Converting links in docs_live/gb2312/book03/chapter17.htm... 5.
5-0
Converting links in docs_live/big5/book04/chapter18.htm... 4.
4-0
Converting links in docs_live/big5/book06/right.htm... nothing to do.
Converting links in docs_live/gb2312/book10/chapter01.htm... 11.
11-0
Converting links in docs_live/big5/book02/chapter24.htm... 4.
4-0
Converting links in docs_live/big5/book03/chapter34.htm... 4.
4-0
Converting links in docs_live/big5/book01/chapter06.htm... 16.
16-0
Converting links in docs_live/big5/book05/corner.htm... 1.
1-0
Converting links in docs_live/gb2312/book08/chapter01.htm... 7.
7-0
Converting links in docs_live/gb2312/book09/chapter11.htm... 6.
6-0
Converting links in docs_live/big5/book09/chapter02.htm... 6.
6-0
Converting links in docs_live/gb2312/book09/corner.htm... 1.
1-0
Converting links in docs_live/gb2312/book09/chapter08.htm... 4.
4-0
Converting links in docs_live/gb2312/book06/main.htm... 50.
50-0
Converting links in docs_live/big5/main.htm... 2.
2-0
Converting links in docs_live/gb2312/book07/chapter14.htm... 4.
4-0
Converting links in docs_live/big5/book07/chapter05.htm... 4.
4-0
Converting links in docs_live/big5/book08/chapter15.htm... 5.
5-0
Converting links in docs_live/guestbook/top.htm... 1.
1-0
Converting links in docs_live/gb2312/book05/chapter12.htm... 5.
5-0
Converting links in docs_live/big5/book07/chapter31.htm... 6.
6-0
Converting links in docs_live/big5/book06/chapter13.htm... 25.
25-0
Converting links in docs_live/big5/book05/chapter03.htm... 6.
6-0
Converting links in docs_live/big5/book06/top.htm... 1.
1-0
Converting links in docs_live/gb2312/book06/chapter22.htm... 6.
6-0
Converting links in docs_live/big5/book02/top.htm... 1.
1-0
Converting links in docs_live/gb2312/book02/chapter00.htm... 3.
3-0
Converting links in docs_live/gb2312/book03/chapter10.htm... 8.
8-0
Converting links in docs_live/big5/book03/chapter01.htm... 8.
8-0
Converting links in docs_live/big5/book04/chapter11.htm... 6.
6-0
Converting links in docs_live/big5/book07/chapter28.htm... 5.
5-0
Converting links in docs_live/big5/author/index.html... 6.
6-0
Converting links in docs_live/gb2312/book04/chapter20.htm... 4.
4-0
Converting links in docs_live/gb2312/book05/chapter09.htm... 4.
4-0
Converting links in docs_live/gb2312/book06/chapter19.htm... 7.
7-0
Converting links in docs_live/big5/book03/main.htm... 43.
43-0
Converting links in docs_live/gb2312/book06/chapter45.htm... 4.
4-0
Converting links in docs_live/gb2312/book03/chapter07.htm... 4.
4-0
Converting links in docs_live/big5/book05/chapter26.htm... 4.
4-0
Converting links in docs_live/big5/book04/chapter08.htm... 6.
6-0
Converting links in docs_live/gb2312/book04/chapter17.htm... 4.
4-0
Converting links in docs_live/big5/book06/chapter36.htm... 5.
5-0
Converting links in docs_live/big5/book10/right.htm... nothing to do.
Converting links in docs_live/gb2312/book03/chapter33.htm... 5.
5-0
Converting links in docs_live/gb2312/book02/chapter23.htm... 10.
10-0
Converting links in docs_live/big5/book02/chapter14.htm... 6.
6-0
Converting links in docs_live/gb2312/book01/chapter05.htm... 7.
7-0
Converting links in docs_live/big5/book03/chapter24.htm... 13.
13-0
Converting links in docs_live/big5/book10/corner.htm... 1.
1-0
Converting links in docs_live/gb2312/book09/chapter01.htm... 5.
4-1
Converting links in docs_live/gb2312/book08/top.htm... 1.
1-0
Converting links in docs_live/big5/book10/chapter05.htm... 13.
13-0
Converting links in docs_live/index.html... 17.
17-0
Converting links in docs_live/gb2312/book07/left.htm... 17.
17-0
Converting links in docs_live/gb2312/book07/chapter04.htm... 5.
5-0
Converting links in docs_live/gb2312/book08/chapter14.htm... 6.
6-0
Converting links in docs_live/big5/book08/chapter05.htm... 4.
4-0
Converting links in docs_live/gb2312/author/top.htm... 1.
1-0
Converting links in docs_live/gb2312/book07/chapter30.htm... 7.
7-0
Converting links in docs_live/gb2312/book05/chapter02.htm... 12.
12-0
Converting links in docs_live/big5/book07/chapter21.htm... 4.
4-0
Converting links in docs_live/big5/book06/chapter03.htm... 8.
8-0
Converting links in docs_live/big5/book02/left.htm... 17.
17-0
Converting links in docs_live/gb2312/book06/chapter12.htm... 6.
6-0
Converting links in docs_live/big5/book07/leftframe.htm... nothing to do.
Converting links in docs_live/gb2312/book04/chapter10.htm... 4.
4-0
Converting links in docs_live/big5/book04/chapter01.htm... 3.
3-0
Converting links in docs_live/gb2312/book07/chapter27.htm... 6.
6-0
Converting links in docs_live/big5/book07/chapter18.htm... 5.
5-0
Converting links in docs_live/gb2312/book06/chapter09.htm... 4.
4-0
Converting links in docs_live/gb2312/book05/chapter25.htm... 4.
4-0
Converting links in docs_live/gb2312/book06/chapter35.htm... 4.
4-0
Converting links in docs_live/big5/book06/chapter26.htm... 5.
5-0
Converting links in docs_live/big5/book05/chapter16.htm... 8.
8-0
Converting links in docs_live/big5/book05/index.html... 6.
6-0
Converting links in docs_live/gb2312/book04/chapter07.htm... 6.
6-0
Converting links in docs_live/big5/book02/corner.htm... 1.
1-0
Converting links in docs_live/gb2312/book01/index.html... 6.
6-0
Converting links in docs_live/gb2312/book02/chapter13.htm... 11.
11-0
Converting links in docs_live/gb2312/book03/chapter23.htm... 6.
6-0
Converting links in docs_live/big5/book03/chapter14.htm... 4.
4-0
Converting links in docs_live/big5/book04/chapter24.htm... 5.
5-0
Converting links in docs_live/big5/book02/chapter04.htm... 8.
8-0
Converting links in docs_live/big5/book01/chapter12.htm... 14.
14-0
Converting links in docs_live/big5/book03/right.htm... nothing to do.
Converting links in docs_live/gb2312/book10/left.htm... 17.
17-0
Converting links in docs_live/gb2312/book10/chapter04.htm... 68.
68-0
Converting links in docs_live/big5/book03/chapter37.htm... 4.
4-0
Converting links in docs_live/big5/book01/chapter09.htm... 8.
8-0
Converting links in docs_live/big5/book07/main.htm... 37.
37-0
Converting links in docs_live/gb2312/book08/chapter04.htm... 5.
5-0
Converting links in docs_live/big5/book09/chapter05.htm... 5.
5-0
Converting links in docs_live/guestbook/leftframe.htm... nothing to do.
Converting links in docs_live/big5/book10/leftframe.htm... nothing to do.
Converting links in docs_live/gb2312/book07/chapter20.htm... 6.
6-0
Converting links in docs_live/big5/book07/chapter11.htm... 15.
15-0
Converting links in docs_live/gb2312/book06/chapter02.htm... 5.
5-0
Converting links in docs_live/big5/book02/right.htm... nothing to do.
Converting links in docs_live/big5/book08/leftframe.htm... nothing to do.
Converting links in docs_live/gb2312/book07/chapter17.htm... 4.
4-0
Converting links in docs_live/big5/book07/chapter08.htm... 6.
6-0
Converting links in docs_live/gb2312/book05/chapter15.htm... 4.
4-0
Converting links in docs_live/gb2312/book06/chapter25.htm... 14.
14-0
Converting links in docs_live/big5/book05/chapter06.htm... 6.
6-0
Converting links in docs_live/big5/book06/chapter16.htm... 11.
11-0
Converting links in docs_live/gb2312/book06/index.html... 6.
6-0
Converting links in docs_live/gb2312/book03/corner.htm... 1.
1-0
Converting links in docs_live/gb2312/book04/chapter23.htm... 5.
5-0
Converting links in docs_live/big5/book06/chapter42.htm... 6.
6-0
Converting links in docs_live/gb2312/book02/chapter03.htm... 7.
7-0
Converting links in docs_live/big5/book03/chapter04.htm... 13.
13-0
Converting links in docs_live/gb2312/book03/chapter13.htm... 4.
4-0
Converting links in docs_live/big5/book04/chapter14.htm... 5.
5-0
Converting links in docs_live/big5/book05/top.htm... 1.
1-0
Converting links in docs_live/big5/book02/chapter20.htm... 6.
6-0
Converting links in docs_live/gb2312/book01/chapter11.htm... 4.
4-0
Converting links in docs_live/big5/book03/chapter30.htm... 6.
6-0
Converting links in docs_live/big5/book01/chapter02.htm... 27.
27-0
Converting links in docs_live/big5/book06/chapter39.htm... 6.
6-0
Converting links in docs_live/gb2312/book03/main.htm... 43.
43-0
Converting links in docs_live/big5/book06/left.htm... 17.
17-0
Converting links in docs_live/big5/book10/main.htm... 12.
12-0
Converting links in docs_live/gb2312/book02/chapter26.htm... 5.
5-0
Converting links in docs_live/gb2312/book03/chapter36.htm... 7.
7-0
Converting links in docs_live/big5/book03/chapter27.htm... 6.
6-0
Converting links in docs_live/big5/book02/chapter17.htm... 5.
5-0
Converting links in docs_live/gb2312/book01/chapter08.htm... 10.
10-0
Converting links in docs_live/big5/right.htm... nothing to do.
Converting links in docs_live/big5/link/index.html... 6.
6-0
Converting links in docs_live/gb2312/book09/chapter04.htm... 5.
5-0
Converting links in docs_live/big5/link/right.htm... nothing to do.
Converting links in docs_live/gb2312/book07/chapter10.htm... 13.
13-0
Converting links in docs_live/big5/book04/corner.htm... 1.
1-0
Converting links in docs_live/big5/book07/chapter01.htm... 6.
6-0
Converting links in docs_live/big5/book08/chapter11.htm... 5.
5-0
Converting links in docs_live/big5/book10/chapter08.htm... 6.
6-0
Converting links in docs_live/big5/book09/leftframe.htm... nothing to do.
Converting links in docs_live/gb2312/book07/top.htm... 1.
1-0
Converting links in docs_live/gb2312/book07/chapter07.htm... 6.
6-0
Converting links in docs_live/gb2312/book08/chapter17.htm... 4.
4-0
Converting links in docs_live/big5/book08/chapter08.htm... 5.
5-0
Converting links in docs_live/gb2312/link/leftframe.htm... nothing to do.
Converting links in docs_live/gb2312/book08/corner.htm... 1.
1-0
Converting links in docs_live/gb2312/book05/chapter05.htm... 7.
7-0
Converting links in docs_live/big5/book07/chapter24.htm... 5.
5-0
Converting links in docs_live/big5/book06/chapter06.htm... 4.
4-0
Converting links in docs_live/gb2312/book06/chapter15.htm... 4.
4-0
Converting links in docs_live/gb2312/book06/chapter41.htm... 8.
8-0
Converting links in docs_live/gb2312/book02/left.htm... 17.
17-0
Converting links in docs_live/gb2312/book03/chapter03.htm... 18.
18-0
Converting links in docs_live/big5/book05/chapter22.htm... 4.
4-0
Converting links in docs_live/big5/book04/chapter04.htm... 5.
5-0
Converting links in docs_live/gb2312/book04/chapter13.htm... 4.
4-0
Converting links in docs_live/gb2312/book04/leftframe.htm... nothing to do.
Converting links in docs_live/big5/book06/chapter32.htm... 5.
5-0
Converting links in docs_live/big5/book04/chapter30.htm... 4.
4-0
Converting links in docs_live/big5/book02/chapter10.htm... 7.
7-0
Converting links in docs_live/gb2312/book05/chapter28.htm... 9.
9-0
Converting links in docs_live/gb2312/book01/chapter01.htm... 10.
10-0
Converting links in docs_live/big5/book05/chapter19.htm... 4.
4-0
Converting links in docs_live/big5/book06/chapter29.htm... 4.
4-0
Converting links in docs_live/big5/book03/chapter20.htm... 5.
5-0
Converting links in docs_live/big5/top.htm... 1.
1-0
Converting links in docs_live/gb2312/book06/chapter38.htm... 5.
5-0
Converting links in docs_live/gb2312/book02/chapter16.htm... 5.
5-0
Converting links in docs_live/gb2312/book03/chapter26.htm... 4.
4-0
Converting links in docs_live/big5/book02/chapter07.htm... 5.
5-0
Converting links in docs_live/big5/book03/chapter17.htm... 5.
5-0
Converting links in docs_live/big5/book04/chapter27.htm... 5.
5-0
Converting links in docs_live/big5/book10/chapter01.htm... 11.
11-0
Converting links in docs_live/big5/book09/corner.htm... 1.
1-0
Converting links in docs_live/gb2312/book09/right.htm... nothing to do.
Converting links in docs_live/gb2312/book07/chapter00.htm... 3.
3-0
Converting links in docs_live/gb2312/book05/main.htm... 33.
33-0
Converting links in docs_live/big5/book08/chapter01.htm... 7.
7-0
Converting links in docs_live/big5/book09/chapter11.htm... 6.
6-0
Converting links in docs_live/gb2312/author/right.htm... nothing to do.
Converting links in docs_live/gb2312/book08/chapter10.htm... 8.
8-0
Converting links in docs_live/gb2312/book10/chapter07.htm... 6.
6-0
Converting links in docs_live/gb2312/book08/chapter07.htm... 5.
5-0
Converting links in docs_live/big5/book09/chapter08.htm... 4.
4-0
Converting links in docs_live/gb2312/book07/chapter23.htm... 4.
4-0
Converting links in docs_live/big5/book07/chapter14.htm... 4.
4-0
Converting links in docs_live/gb2312/book06/chapter05.htm... 5.
5-0
Converting links in docs_live/gb2312/book08/right.htm... nothing to do.
Converting links in docs_live/gb2312/book05/chapter21.htm... 5.
5-0
Converting links in docs_live/gb2312/book06/chapter31.htm... 4.
4-0
Converting links in docs_live/gb2312/book04/chapter03.htm... 7.
7-0
Converting links in docs_live/big5/book06/chapter22.htm... 6.
6-0
Converting links in docs_live/big5/book05/chapter12.htm... 5.
5-0
Converting links in docs_live/gb2312/author/leftframe.htm... nothing to do.
Converting links in docs_live/gb2312/book05/leftframe.htm... nothing to do.
Converting links in docs_live/gb2312/book02/top.htm... 1.
1-0
Converting links in docs_live/big5/book02/main.htm... 31.
31-0
Converting links in docs_live/big5/book02/chapter00.htm... 3.
3-0
Converting links in docs_live/big5/book03/chapter10.htm... 8.
8-0
Converting links in docs_live/gb2312/book05/chapter18.htm... 8.
8-0
Converting links in docs_live/big5/book04/chapter20.htm... 4.
4-0
Converting links in docs_live/big5/book06/chapter19.htm... 7.
7-0
Converting links in docs_live/big5/book05/chapter09.htm... 4.
4-0
Converting links in docs_live/gb2312/book06/chapter28.htm... 5.
5-0
Converting links in docs_live/gb2312/author/index.html... 6.
6-0
Converting links in docs_live/gb2312/book03/chapter16.htm... 5.
5-0
Converting links in docs_live/gb2312/book04/chapter26.htm... 5.
5-0
Converting links in docs_live/big5/book03/chapter07.htm... 4.
4-0
Converting links in docs_live/big5/book04/chapter17.htm... 4.
4-0
Converting links in docs_live/big5/book06/chapter45.htm... 4.
4-0
Converting links in docs_live/gb2312/book02/chapter06.htm... 5.
5-0
Converting links in docs_live/big5/book04/index.html... 6.
6-0
Converting links in docs_live/big5/book02/chapter23.htm... 10.
10-0
Converting links in docs_live/big5/book01/chapter05.htm... 7.
7-0
Converting links in docs_live/big5/book01/corner.htm... 1.
1-0
Converting links in docs_live/big5/book03/chapter33.htm... 5.
5-0
Converting links in docs_live/big5/book08/top.htm... 1.
1-0
Converting links in docs_live/gb2312/book08/chapter00.htm... 3.
3-0
Converting links in docs_live/gb2312/book10/corner.htm... 1.
1-0
Converting links in docs_live/big5/book09/chapter01.htm... 5.
4-1
Converting links in docs_live/gb2312/book03/chapter39.htm... 6.
6-0
Converting links in docs_live/gb2312/book06/left.htm... 17.
17-0
Converting links in docs_live/big5/left.htm... 17.
17-0
Converting links in docs_live/gb2312/book09/chapter10.htm... 7.
7-0
Converting links in docs_live/gb2312/book09/chapter07.htm... 6.
6-0
Converting links in docs_live/gb2312/book10/top.htm... 1.
1-0
Converting links in docs_live/big5/author/top.htm... 1.
1-0
Converting links in docs_live/gb2312/link/index.html... 6.
6-0
Converting links in docs_live/big5/book01/left.htm... 17.
17-0
Converting links in docs_live/gb2312/book07/chapter13.htm... 5.
5-0
Converting links in docs_live/big5/book07/chapter04.htm... 5.
5-0
Converting links in docs_live/big5/book08/chapter14.htm... 6.
6-0
Converting links in docs_live/gb2312/book05/chapter11.htm... 7.
7-0
Converting links in docs_live/big5/book07/chapter30.htm... 7.
7-0
Converting links in docs_live/big5/book05/chapter02.htm... 12.
12-0
Converting links in docs_live/big5/book06/chapter12.htm... 6.
6-0
Converting links in docs_live/gb2312/book06/chapter21.htm... 4.
4-0
Converting links in docs_live/gb2312/book06/leftframe.htm... nothing to do.
Converting links in docs_live/big5/book04/chapter10.htm... 4.
4-0
Converting links in docs_live/gb2312/book09/main.htm... 15.
15-0
Converting links in docs_live/gb2312/book05/chapter08.htm... 5.
5-0
Converting links in docs_live/big5/book06/chapter09.htm... 4.
4-0
Converting links in docs_live/big5/book07/chapter27.htm... 6.
6-0
Converting links in docs_live/gb2312/book06/chapter18.htm... 5.
5-0
Converting links in docs_live/gb2312/book06/chapter44.htm... 5.
5-0
Converting links in docs_live/gb2312/book04/chapter16.htm... 4.
4-0
Converting links in docs_live/big5/book06/chapter35.htm... 4.
4-0
Converting links in docs_live/gb2312/book03/chapter06.htm... 4.
4-0
Converting links in docs_live/big5/book04/chapter07.htm... 6.
6-0
Converting links in docs_live/big5/book09/index.html... 6.
6-0
Converting links in docs_live/big5/book05/chapter25.htm... 4.
4-0
Converting links in docs_live/guestbook/corner.htm... 1.
1-0
Converting links in docs_live/gb2312/book05/index.html... 6.
6-0
Converting links in docs_live/gb2312/book02/chapter22.htm... 8.
8-0
Converting links in docs_live/gb2312/book01/chapter04.htm... 10.
10-0
Converting links in docs_live/gb2312/book02/corner.htm... 1.
1-0
Converting links in docs_live/big5/book03/chapter23.htm... 6.
6-0
Converting links in docs_live/gb2312/book03/chapter32.htm... 6.
6-0
Converting links in docs_live/big5/book02/chapter13.htm... 11.
11-0
Converting links in docs_live/big5/leftframe.htm... nothing to do.
Converting links in docs_live/gb2312/book03/chapter29.htm... 5.
5-0
Converting links in docs_live/gb2312/book02/chapter19.htm... 7.
7-0
Converting links in docs_live/big5/book01/leftframe.htm... nothing to do.
Converting links in docs_live/big5/book06/main.htm... 50.
50-0
Converting links in docs_live/gb2312/corner.htm... 1.
1-0
Converting links in docs_live/big5/book10/chapter04.htm... 68.
68-0
Converting links in docs_live/gb2312/book07/chapter03.htm... 5.
5-0
Converting links in docs_live/gb2312/book08/chapter13.htm... 13.
13-0
Converting links in docs_live/big5/book08/chapter04.htm... 5.
5-0
Converting links in docs_live/gb2312/book05/chapter01.htm... 17.
17-0
Converting links in docs_live/big5/book07/chapter20.htm... 6.
6-0
Converting links in docs_live/big5/book06/chapter02.htm... 5.
5-0
Converting links in docs_live/gb2312/book06/chapter11.htm... 5.
5-0
Converting links in docs_live/gb2312/book07/chapter26.htm... 4.
4-0
Converting links in docs_live/big5/book07/chapter17.htm... 4.
4-0
Converting links in docs_live/gb2312/book06/chapter08.htm... 5.
5-0
Converting links in docs_live/gb2312/book05/right.htm... nothing to do.
Converting links in docs_live/gb2312/book05/chapter24.htm... 8.
8-0
Converting links in docs_live/gb2312/book06/chapter34.htm... 6.
6-0
Converting links in docs_live/big5/book05/chapter15.htm... 4.
4-0
Converting links in docs_live/gb2312/book04/chapter06.htm... 5.
5-0
Converting links in docs_live/big5/book06/chapter25.htm... 14.
14-0
Converting links in docs_live/gb2312/book07/corner.htm... 1.
1-0
Converting links in docs_live/gb2312/book02/chapter12.htm... 5.
5-0
Converting links in docs_live/gb2312/book02/main.htm... 31.
31-0
Converting links in docs_live/big5/book04/chapter23.htm... 5.
5-0
Converting links in docs_live/big5/book05/left.htm... 17.
17-0
Converting links in docs_live/big5/book02/chapter03.htm... 7.
7-0
Converting links in docs_live/big5/book03/chapter13.htm... 4.
4-0
Converting links in docs_live/big5/link/left.htm... 17.
17-0
Converting links in docs_live/gb2312/book03/chapter22.htm... 5.
5-0
Converting links in docs_live/gb2312/book01/top.htm... 1.
1-0
Converting links in docs_live/big5/book01/chapter11.htm... 4.
4-0
Converting links in docs_live/big5/author/right.htm... nothing to do.
Converting links in docs_live/gb2312/book04/chapter29.htm... 6.
6-0
Converting links in docs_live/gb2312/book02/chapter09.htm... 6.
6-0
Converting links in docs_live/gb2312/book03/chapter19.htm... 4.
4-0
Converting links in docs_live/gb2312/book10/chapter03.htm... 5.
5-0
Converting links in docs_live/big5/book03/chapter36.htm... 7.
7-0
Converting links in docs_live/big5/book02/chapter26.htm... 5.
5-0
Converting links in docs_live/big5/book01/chapter08.htm... 10.
10-0
Converting links in docs_live/gb2312/book08/chapter03.htm... 4.
4-0
Converting links in docs_live/big5/book09/chapter04.htm... 5.
5-0
Converting links in docs_live/big5/book08/right.htm... nothing to do.
Converting links in docs_live/gb2312/link/right.htm... nothing to do.
Converting links in docs_live/guestbook/left.htm... 17.
17-0
Converting links in docs_live/big5/book07/top.htm... 1.
1-0
Converting links in docs_live/big5/book07/chapter10.htm... 13.
13-0
Converting links in docs_live/gb2312/book06/chapter01.htm... 5.
5-0
Converting links in docs_live/big5/book08/corner.htm... 1.
1-0
Converting links in docs_live/gb2312/book07/chapter16.htm... 4.
4-0
Converting links in docs_live/big5/book07/chapter07.htm... 6.
6-0
Converting links in docs_live/big5/book08/chapter17.htm... 4.
4-0
Converting links in docs_live/gb2312/book01/left.htm... 17.
17-0
Converting links in docs_live/gb2312/book05/chapter14.htm... 4.
4-0
Converting links in docs_live/gb2312/book06/chapter24.htm... 4.
4-0
Converting links in docs_live/big5/book06/chapter15.htm... 4.
4-0
Converting links in docs_live/big5/book05/chapter05.htm... 7.
7-0
Converting links in docs_live/gb2312/link/top.htm... 1.
1-0
Converting links in docs_live/gb2312/book02/chapter02.htm... 8.
8-0
Converting links in docs_live/gb2312/book03/chapter12.htm... 4.
4-0
Converting links in docs_live/big5/book03/chapter03.htm... 18.
18-0
Converting links in docs_live/big5/book04/chapter13.htm... 4.
4-0
Converting links in docs_live/gb2312/book04/chapter22.htm... 4.
4-0
Converting links in docs_live/big5/book06/chapter41.htm... 8.
8-0
Converting links in docs_live/big5/book04/leftframe.htm... nothing to do.
Converting links in docs_live/gb2312/index.html... 6.
6-0
Converting links in docs_live/gb2312/book01/chapter10.htm... 9.
9-0
Converting links in docs_live/big5/book01/chapter01.htm... 9.
9-0
Converting links in docs_live/gb2312/book03/chapter09.htm... 5.
5-0
Converting links in docs_live/big5/book05/chapter28.htm... 9.
9-0
Converting links in docs_live/gb2312/book04/chapter19.htm... 4.
4-0
Converting links in docs_live/big5/book06/chapter38.htm... 5.
5-0
Converting links in docs_live/gb2312/book03/chapter35.htm... 4.
4-0
Converting links in docs_live/gb2312/book02/chapter25.htm... 14.
14-0
Converting links in docs_live/big5/book02/chapter16.htm... 5.
5-0
Converting links in docs_live/gb2312/book01/chapter07.htm... 21.
21-0
Converting links in docs_live/big5/author/corner.htm... 1.
1-0
Converting links in docs_live/big5/book03/chapter26.htm... 4.
4-0
Converting links in docs_live/gb2312/book09/chapter03.htm... 5.
5-0
Converting links in docs_live/big5/book03/index.html... 6.
6-0
Converting links in docs_live/big5/book07/chapter00.htm... 3.
3-0
Converting links in docs_live/big5/book08/chapter10.htm... 8.
8-0
Converting links in docs_live/big5/book09/left.htm... 17.
17-0
Converting links in docs_live/big5/book10/chapter07.htm... 6.
6-0
Converting links in docs_live/big5/link/top.htm... 1.
1-0
Converting links in docs_live/gb2312/book07/chapter06.htm... 5.
5-0
Converting links in docs_live/gb2312/book08/chapter16.htm... 6.
6-0
Converting links in docs_live/big5/book08/chapter07.htm... 5.
5-0
Converting links in docs_live/gb2312/book07/chapter32.htm... 14.
14-0
Converting links in docs_live/big5/book01/main.htm... 16.
16-0
Converting links in docs_live/gb2312/book05/chapter04.htm... 4.
4-0
Converting links in docs_live/big5/book07/chapter23.htm... 4.
4-0
Converting links in docs_live/big5/book06/chapter05.htm... 5.
5-0
Converting links in docs_live/gb2312/book06/chapter14.htm... 12.
12-0
Converting links in docs_live/gb2312/book06/chapter40.htm... 5.
5-0
Converting links in docs_live/big5/book05/chapter21.htm... 5.
5-0
Converting links in docs_live/gb2312/book04/chapter12.htm... 4.
4-0
Converting links in docs_live/big5/book06/chapter31.htm... 4.
4-0
Converting links in docs_live/gb2312/book03/chapter02.htm... 6.
6-0
Converting links in docs_live/gb2312/book02/right.htm... nothing to do.
Converting links in docs_live/big5/author/leftframe.htm... nothing to do.
Converting links in docs_live/big5/book04/chapter03.htm... 7.
7-0
Converting links in docs_live/big5/book05/leftframe.htm... nothing to do.
Converting links in docs_live/gb2312/book07/chapter29.htm... 4.
4-0
Converting links in docs_live/big5/index.html... 6.
6-0
Converting links in docs_live/gb2312/book05/chapter27.htm... 4.
4-0
Converting links in docs_live/gb2312/book06/chapter37.htm... 4.
4-0
Converting links in docs_live/big5/book06/chapter28.htm... 5.
5-0
Converting links in docs_live/big5/book05/chapter18.htm... 8.
8-0
Converting links in docs_live/gb2312/book04/chapter09.htm... 4.
4-0
Converting links in docs_live/gb2312/author/left.htm... 19.
19-0
Converting links in docs_live/gb2312/book02/chapter15.htm... 5.
5-0
Converting links in docs_live/gb2312/book03/chapter25.htm... 11.
11-0
Converting links in docs_live/big5/book03/chapter16.htm... 5.
5-0
Converting links in docs_live/big5/book04/chapter26.htm... 5.
5-0
Converting links in docs_live/big5/book02/chapter06.htm... 5.
5-0
Converting links in docs_live/gb2312/book05/left.htm... 17.
17-0
Converting links in docs_live/gb2312/book01/right.htm... nothing to do.
Converting links in docs_live/big5/book08/index.html... 6.
6-0
Converting links in docs_live/gb2312/book04/index.html... 6.
6-0
Converting links in docs_live/gb2312/book04/top.htm... 1.
1-0
Converting links in docs_live/gb2312/book01/corner.htm... 1.
1-0
Converting links in docs_live/big5/book09/chapter10.htm... 7.
7-0
Converting links in docs_live/big5/book08/chapter00.htm... 3.
3-0
Converting links in docs_live/gb2312/book10/chapter06.htm... 8.
8-0
Converting links in docs_live/big5/book03/chapter39.htm... 6.
6-0
Converting links in docs_live/big5/book10/top.htm... 1.
1-0
Converting links in docs_live/gb2312/book08/chapter06.htm... 10.
10-0
Converting links in docs_live/big5/book05/right.htm... nothing to do.
Converting links in docs_live/big5/book09/chapter07.htm... 6.
6-0
Converting links in docs_live/gb2312/leftframe.htm... nothing to do.
Converting links in docs_live/gb2312/right.htm... nothing to do.
Converting links in docs_live/gb2312/book07/chapter22.htm... 4.
4-0
Converting links in docs_live/big5/book07/chapter13.htm... 5.
5-0
Converting links in docs_live/gb2312/book06/chapter04.htm... 5.
5-0
Converting links in docs_live/gb2312/book05/chapter20.htm... 4.
4-0
Converting links in docs_live/gb2312/book08/main.htm... 22.
22-0
Converting links in docs_live/big5/book05/chapter11.htm... 7.
7-0
Converting links in docs_live/gb2312/book04/chapter02.htm... 7.
7-0
Converting links in docs_live/big5/book06/chapter21.htm... 4.
4-0
Converting links in docs_live/gb2312/book06/chapter30.htm... 5.
5-0
Converting links in docs_live/gb2312/book07/chapter19.htm... 6.
6-0
Converting links in docs_live/big5/book06/leftframe.htm... nothing to do.
Converting links in docs_live/gb2312/main.htm... 2.
2-0
Converting links in docs_live/big5/book04/right.htm... nothing to do.
Converting links in docs_live/gb2312/book05/chapter17.htm... 10.
10-0
Converting links in docs_live/gb2312/book06/chapter27.htm... 4.
4-0
Converting links in docs_live/big5/book05/chapter08.htm... 5.
5-0
Converting links in docs_live/big5/book06/chapter18.htm... 5.
5-0
Converting links in docs_live/big5/author/main.htm... 2.
2-0
Converting links in docs_live/gb2312/book04/chapter25.htm... 4.
4-0
Converting links in docs_live/big5/book06/chapter44.htm... 5.
5-0
Converting links in docs_live/gb2312/book02/chapter05.htm... 8.
8-0
Converting links in docs_live/big5/book03/chapter06.htm... 4.
4-0
Converting links in docs_live/gb2312/book03/chapter15.htm... 4.
4-0
Converting links in docs_live/big5/book04/chapter16.htm... 4.
4-0
Converting links in docs_live/big5/book02/chapter22.htm... 8.
8-0
Converting links in docs_live/gb2312/book01/chapter13.htm... 8.
8-0
Converting links in docs_live/big5/book05/main.htm... 33.
33-0
Converting links in docs_live/big5/book03/chapter32.htm... 6.
6-0
Converting links in docs_live/big5/book01/chapter04.htm... 10.
10-0
Converting links in docs_live/gb2312/book06/corner.htm... 1.
1-0
Converting links in docs_live/gb2312/book09/index.html... 6.
6-0
Converting links in docs_live/gb2312/book01/leftframe.htm... nothing to do.
Converting links in docs_live/big5/link/main.htm... 2.
2-0
Converting links in docs_live/guestbook/right.htm... nothing to do.
Converting links in docs_live/gb2312/book03/chapter38.htm... 4.
4-0
Converting links in docs_live/big5/book03/chapter29.htm... 5.
5-0
Converting links in docs_live/big5/book02/chapter19.htm... 7.
7-0
Converting links in docs_live/gb2312/link/left.htm... 19.
19-0
Converting links in docs_live/gb2312/book09/chapter06.htm... 4.
4-0
Converting links in docs_live/gb2312/book07/chapter12.htm... 4.
4-0
Converting links in docs_live/big5/book07/chapter03.htm... 5.
5-0
Converting links in docs_live/big5/book08/chapter13.htm... 13.
13-0
Converting links in docs_live/gb2312/book05/chapter10.htm... 8.
8-0
Converting links in docs_live/big5/link/corner.htm... 1.
1-0
Converting links in docs_live/big5/book06/chapter11.htm... 5.
5-0
Converting links in docs_live/gb2312/book09/left.htm... 17.
17-0
Converting links in docs_live/big5/book05/chapter01.htm... 17.
17-0
Converting links in docs_live/gb2312/book06/chapter20.htm... 5.
5-0
Converting links in docs_live/gb2312/book07/chapter09.htm... 4.
4-0
Converting links in docs_live/big5/book07/corner.htm... 1.
1-0
Converting links in docs_live/big5/book07/chapter26.htm... 4.
4-0
Converting links in docs_live/gb2312/book05/chapter07.htm... 5.
5-0
Converting links in docs_live/big5/book06/chapter08.htm... 5.
5-0
Converting links in docs_live/big5/book10/index.html... 6.
6-0
Converting links in docs_live/gb2312/book06/chapter17.htm... 5.
5-0
Converting links in docs_live/gb2312/book01/main.htm... 16.
16-0
Converting links in docs_live/big5/book04/left.htm... 17.
17-0
Converting links in docs_live/gb2312/book06/chapter43.htm... 10.
10-0
Converting links in docs_live/gb2312/book03/chapter05.htm... 4.
4-0
Converting links in docs_live/big5/book05/chapter24.htm... 8.
8-0
Converting links in docs_live/big5/book04/chapter06.htm... 5.
5-0
Converting links in docs_live/gb2312/book04/chapter15.htm... 6.
6-0
Converting links in docs_live/big5/book06/chapter34.htm... 6.
6-0
Converting links in docs_live/big5/book01/top.htm... 1.
1-0
Converting links in docs_live/gb2312/book03/chapter31.htm... 4.
4-0
Converting links in docs_live/gb2312/book02/chapter21.htm... 4.
4-0
Converting links in docs_live/big5/book02/chapter12.htm... 5.
5-0
Converting links in docs_live/gb2312/book01/chapter03.htm... 16.
16-0
Converting links in docs_live/big5/book03/chapter22.htm... 5.
5-0
Converting links in docs_live/gb2312/book02/leftframe.htm... nothing to do.
Converting links in docs_live/gb2312/book02/chapter18.htm... 5.
5-0
Converting links in docs_live/gb2312/book03/chapter28.htm... 7.
7-0
Converting links in docs_live/big5/book02/chapter09.htm... 6.
6-0
Converting links in docs_live/big5/book03/chapter19.htm... 4.
4-0
Converting links in docs_live/big5/book04/chapter29.htm... 6.
6-0
Converting links in docs_live/big5/book10/chapter03.htm... 5.
5-0
Converting links in docs_live/gb2312/book07/chapter02.htm... 4.
4-0
Converting links in docs_live/gb2312/book08/chapter12.htm... 6.
6-0
Converting links in docs_live/big5/book08/chapter03.htm... 4.
4-0
Converting links in docs_live/gb2312/book10/chapter09.htm... 3.
3-0
Converting links in docs_live/gb2312/book05/chapter00.htm... 4.
4-0
Converting links in docs_live/gb2312/book06/chapter10.htm... 4.
4-0
Converting links in docs_live/big5/book06/chapter01.htm... 5.
5-0
Converting links in docs_live/gb2312/book03/top.htm... 1.
1-0
Converting links in docs_live/gb2312/book08/chapter09.htm... 6.
6-0
Converting links in docs_live/big5/book09/main.htm... 15.
15-0
Converting links in docs_live/big5/book02/index.html... 6.
6-0
Converting links in docs_live/gb2312/book07/chapter25.htm... 20.
20-0
Converting links in docs_live/big5/book07/chapter16.htm... 4.
4-0
Converting links in docs_live/gb2312/book06/chapter07.htm... 5.
5-0
Converting links in docs_live/gb2312/book05/chapter23.htm... 5.
5-0
Converting links in docs_live/gb2312/book06/chapter33.htm... 5.
5-0
Converting links in docs_live/gb2312/book04/chapter05.htm... 4.
4-0
Converting links in docs_live/big5/book06/chapter24.htm... 4.
4-0
Converting links in docs_live/big5/book05/chapter14.htm... 4.
4-0
Converting links in docs_live/big5/book01/right.htm... nothing to do.
Converting links in docs_live/gb2312/book02/chapter11.htm... 4.
4-0
Converting links in docs_live/big5/book03/chapter12.htm... 4.
4-0
Converting links in docs_live/gb2312/book03/chapter21.htm... 5.
5-0
Converting links in docs_live/big5/book04/chapter22.htm... 4.
4-0
Converting links in docs_live/big5/book09/top.htm... 1.
1-0
Converting links in docs_live/gb2312/book03/leftframe.htm... nothing to do.
Converting links in docs_live/big5/book02/chapter02.htm... 8.
8-0
Converting links in docs_live/big5/book01/chapter10.htm... 9.
9-0
Converting links in docs_live/gb2312/book03/chapter18.htm... 5.
5-0
Converting links in docs_live/gb2312/book04/chapter28.htm... 4.
4-0
Converting links in docs_live/big5/book04/chapter19.htm... 4.
4-0
Converting links in docs_live/gb2312/book02/chapter08.htm... 5.
5-0
Converting links in docs_live/big5/book03/chapter09.htm... 5.
5-0
Converting links in docs_live/gb2312/author/main.htm... 2.
2-0
Converting links in docs_live/gb2312/book10/chapter02.htm... 5.
5-0
Converting links in docs_live/big5/book02/chapter25.htm... 14.
14-0
Converting links in docs_live/big5/book03/chapter35.htm... 4.
4-0
Converting links in docs_live/big5/book01/chapter07.htm... 21.
21-0
Converting links in docs_live/gb2312/author/corner.htm... 1.
1-0
Converting links in docs_live/big5/book08/left.htm... 17.
17-0
Converting links in docs_live/gb2312/book08/chapter02.htm... 8.
8-0
Converting links in docs_live/big5/book09/chapter03.htm... 5.
5-0
Converting links in docs_live/big5/book07/index.html... 6.
6-0
Converting links in docs_live/gb2312/book09/chapter09.htm... 11.
11-0
Converting links in docs_live/gb2312/book03/index.html... 6.
6-0
Converting links in docs_live/gb2312/book07/chapter15.htm... 5.
5-0
Converting links in docs_live/big5/book07/chapter06.htm... 5.
5-0
Converting links in docs_live/big5/book08/chapter16.htm... 6.
6-0
Converting links in docs_live/gb2312/book05/chapter13.htm... 10.
10-0
Converting links in docs_live/big5/book07/chapter32.htm... 14.
14-0
Converting links in docs_live/big5/book05/chapter04.htm... 4.
4-0
Converting links in docs_live/big5/book06/chapter14.htm... 12.
12-0
Converting links in docs_live/gb2312/book06/chapter23.htm... 5.
5-0
Converting links in docs_live/gb2312/link/corner.htm... 1.
1-0
Converting links in docs_live/gb2312/book04/chapter21.htm... 5.
5-0
Converting links in docs_live/big5/book06/chapter40.htm... 5.
5-0
Converting links in docs_live/gb2312/book02/chapter01.htm... 9.
9-0
Converting links in docs_live/big5/book03/chapter02.htm... 6.
6-0
Converting links in docs_live/big5/book07/chapter29.htm... 4.
4-0
Converting links in docs_live/gb2312/book03/chapter11.htm... 5.
5-0
Converting links in docs_live/big5/book04/chapter12.htm... 4.
4-0
Converting links in docs_live/gb2312/book06/chapter46.htm... 3.
3-0
Converting links in docs_live/gb2312/book04/chapter18.htm... 4.
4-0
Converting links in docs_live/big5/book06/chapter37.htm... 4.
4-0
Converting links in docs_live/gb2312/book03/chapter08.htm... 4.
4-0
Converting links in docs_live/big5/book04/chapter09.htm... 4.
4-0
Converting links in docs_live/big5/book05/chapter27.htm... 4.
4-0
Converting links in docs_live/gb2312/book04/left.htm... 17.
17-0
Converting links in docs_live/gb2312/book02/chapter24.htm... 4.
4-0
Converting links in docs_live/gb2312/book03/chapter34.htm... 4.
4-0
Converting links in docs_live/big5/book03/chapter25.htm... 11.
11-0
Converting links in docs_live/big5/book02/chapter15.htm... 5.
5-0
Converting links in docs_live/gb2312/book01/chapter06.htm... 16.
16-0
Converting links in docs_live/big5/book04/top.htm... 1.
1-0
Converting links in docs_live/gb2312/book09/chapter02.htm... 6.
6-0
Converting links in docs_live/gb2312/book08/index.html... 6.
6-0
Converting links in docs_live/gb2312/book05/corner.htm... 1.
1-0
Converting links in docs_live/big5/book10/chapter06.htm... 8.
8-0
Converting links in docs_live/gb2312/link/main.htm... 2.
2-0
Converting links in docs_live/gb2312/book07/chapter05.htm... 4.
4-0
Converting links in docs_live/gb2312/book08/chapter15.htm... 5.
5-0
Converting links in docs_live/big5/book08/chapter06.htm... 10.
10-0
Converting links in docs_live/gb2312/book07/main.htm... 37.
37-0
Converting links in docs_live/gb2312/book07/chapter31.htm... 6.
6-0
Converting links in docs_live/gb2312/book05/chapter03.htm... 4.
4-0
Converting links in docs_live/big5/book07/chapter22.htm... 4.
4-0
Converting links in docs_live/big5/book06/chapter04.htm... 5.
5-0
Converting links in docs_live/gb2312/book06/chapter13.htm... 25.
25-0
Converting links in docs_live/gb2312/book03/chapter01.htm... 8.
8-0
Converting links in docs_live/big5/book05/chapter20.htm... 4.
4-0
Converting links in docs_live/big5/book04/chapter02.htm... 7.
7-0
Converting links in docs_live/gb2312/book06/top.htm... 1.
1-0
Converting links in docs_live/big5/book07/chapter19.htm... 6.
6-0
Converting links in docs_live/gb2312/book04/chapter11.htm... 6.
6-0
Converting links in docs_live/big5/book06/chapter30.htm... 5.
5-0
Converting links in docs_live/gb2312/book07/chapter28.htm... 5.
5-0
Converting links in docs_live/gb2312/book05/chapter26.htm... 4.
4-0
Converting links in docs_live/gb2312/book06/chapter36.htm... 5.
5-0
Converting links in docs_live/big5/book05/chapter17.htm... 10.
10-0
Converting links in docs_live/gb2312/book04/chapter08.htm... 6.
6-0
Converting links in docs_live/big5/book06/chapter27.htm... 4.
4-0
Converting links in docs_live/big5/book06/corner.htm... 1.
1-0
Converting links in docs_live/big5/book04/main.htm... 34.
34-0
Converting links in docs_live/gb2312/book07/right.htm... nothing to do.
Converting links in docs_live/gb2312/book02/chapter14.htm... 6.
6-0
Converting links in docs_live/gb2312/book03/chapter24.htm... 13.
13-0
Converting links in docs_live/big5/book02/chapter05.htm... 8.
8-0
Converting links in docs_live/big5/book03/chapter15.htm... 4.
4-0
Converting links in docs_live/big5/book04/chapter25.htm... 4.
4-0
Converting links in docs_live/big5/book01/chapter13.htm... 8.
8-0
Converting links in docs_live/big5/link/leftframe.htm... nothing to do.
Converting links in docs_live/gb2312/book10/chapter05.htm... 13.
13-0
Converting links in docs_live/big5/book03/chapter38.htm... 4.
4-0
Converting links in docs_live/gb2312/book06/right.htm... nothing to do.
Converting links in docs_live/gb2312/book10/main.htm... 12.
12-0
Converting links in docs_live/gb2312/book08/chapter05.htm... 4.
4-0
Converting links in docs_live/big5/book09/chapter06.htm... 4.
4-0
Converting links in docs_live/gb2312/book08/left.htm... 17.
17-0
Converting links in docs_live/gb2312/book07/chapter21.htm... 4.
4-0
Converting links in docs_live/big5/book07/chapter12.htm... 4.
4-0
Converting links in docs_live/gb2312/book06/chapter03.htm... 8.
8-0
Converting links in docs_live/gb2312/book07/leftframe.htm... nothing to do.
Converting links in docs_live/gb2312/left.htm... 17.
17-0
Converting links in docs_live/big5/book05/chapter10.htm... 8.
8-0
Converting links in docs_live/gb2312/book04/chapter01.htm... 3.
3-0
Converting links in docs_live/big5/book06/chapter20.htm... 5.
5-0
Converting links in docs_live/gb2312/book07/chapter18.htm... 5.
5-0
Converting links in docs_live/big5/book07/chapter09.htm... 4.
4-0
Converting links in docs_live/big5/book03/left.htm... 17.
17-0
Converting links in docs_live/big5/author/left.htm... 17.
17-0
Converting links in docs_live/gb2312/top.htm... 1.
1-0
Converting links in docs_live/gb2312/book05/chapter16.htm... 8.
8-0
Converting links in docs_live/gb2312/book06/chapter26.htm... 5.
5-0
Converting links in docs_live/big5/book06/chapter17.htm... 5.
5-0
Converting links in docs_live/big5/book01/index.html... 6.
6-0
Converting links in docs_live/big5/book05/chapter07.htm... 5.
5-0
Converting links in docs_live/gb2312/book10/index.html... 6.
6-0
Converting links in docs_live/gb2312/book02/chapter04.htm... 8.
8-0
Converting links in docs_live/gb2312/book03/chapter14.htm... 4.
4-0
Converting links in docs_live/big5/book03/chapter05.htm... 4.
4-0
Converting links in docs_live/big5/book04/chapter15.htm... 6.
6-0
Converting links in docs_live/gb2312/book04/chapter24.htm... 5.
5-0
Converting links in docs_live/big5/book06/chapter43.htm... 10.
10-0
Converting links in docs_live/big5/book09/right.htm... nothing to do.
Converting links in docs_live/big5/book02/chapter21.htm... 4.
4-0
Converting links in docs_live/gb2312/book01/chapter12.htm... 14.
14-0
Converting links in docs_live/big5/book01/chapter03.htm... 16.
16-0
Converting links in docs_live/big5/book03/chapter31.htm... 4.
4-0
Converting links in docs_live/big5/book02/leftframe.htm... nothing to do.
Converting links in docs_live/gb2312/book03/chapter37.htm... 4.
4-0
Converting links in docs_live/big5/book02/chapter18.htm... 5.
5-0
Converting links in docs_live/gb2312/book01/chapter09.htm... 8.
8-0
Converting links in docs_live/big5/book03/chapter28.htm... 7.
7-0
Converting links in docs_live/gb2312/book10/right.htm... nothing to do.
Converting links in docs_live/gb2312/book09/chapter05.htm... 5.
5-0
Converting links in docs_live/gb2312/book10/leftframe.htm... nothing to do.
Converting links in docs_live/gb2312/book07/chapter11.htm... 15.
15-0
Converting links in docs_live/big5/book07/chapter02.htm... 4.
4-0
Converting links in docs_live/big5/book08/chapter12.htm... 6.
6-0
Converting links in docs_live/big5/book03/top.htm... 1.
1-0
Converting links in docs_live/big5/book08/main.htm... 22.
22-0
Converting links in docs_live/big5/book10/chapter09.htm... 3.
3-0
Converting links in docs_live/gb2312/book08/leftframe.htm... nothing to do.
Converting links in docs_live/big5/book05/chapter00.htm... 4.
4-0
Converting links in docs_live/big5/book06/chapter10.htm... 4.
4-0
Converting links in docs_live/gb2312/book07/chapter08.htm... 6.
6-0
Converting links in docs_live/big5/book08/chapter09.htm... 6.
6-0
Converting links in docs_live/guestbook/index.html... 6.
5-1
Converting links in docs_live/big5/book06/index.html... 6.
6-0
Converting links in docs_live/big5/book03/corner.htm... 1.
1-0
Converting links in docs_live/gb2312/book02/index.html... 6.
6-0
Converting links in docs_live/gb2312/book05/chapter06.htm... 6.
6-0
Converting links in docs_live/big5/book06/chapter07.htm... 5.
5-0
Converting links in docs_live/big5/book07/chapter25.htm... 20.
20-0
Converting links in docs_live/gb2312/book06/chapter16.htm... 11.
11-0
Converting links in docs_live/gb2312/book06/chapter42.htm... 6.
6-0
Converting links in docs_live/big5/book05/chapter23.htm... 5.
5-0
Converting links in docs_live/gb2312/book04/chapter14.htm... 5.
5-0
Converting links in docs_live/big5/book06/chapter33.htm... 5.
5-0
Converting links in docs_live/gb2312/book03/chapter04.htm... 13.
13-0
Converting links in docs_live/big5/book04/chapter05.htm... 4.
4-0
Converting links in docs_live/gb2312/book02/chapter20.htm... 6.
6-0
Converting links in docs_live/gb2312/book03/chapter30.htm... 6.
6-0
Converting links in docs_live/big5/book02/chapter11.htm... 4.
4-0
Converting links in docs_live/gb2312/book01/chapter02.htm... 27.
27-0
Converting links in docs_live/big5/book03/chapter21.htm... 5.
5-0
Converting links in docs_live/gb2312/book09/top.htm... 1.
1-0
Converting links in docs_live/gb2312/book06/chapter39.htm... 6.
6-0
Converting links in docs_live/big5/book03/leftframe.htm... nothing to do.
Converting links in docs_live/gb2312/book05/top.htm... 1.
1-0
Converting links in docs_live/index.php?counter=no.html... 17.
17-0
Converting links in docs_live/gb2312/book04/right.htm... nothing to do.
Converting links in docs_live/gb2312/book02/chapter17.htm... 5.
5-0
Converting links in docs_live/gb2312/book03/chapter27.htm... 6.
6-0
Converting links in docs_live/big5/book03/chapter18.htm... 5.
5-0
Converting links in docs_live/big5/book04/chapter28.htm... 4.
4-0
Converting links in docs_live/big5/book02/chapter08.htm... 5.
5-0
Converting links in docs_live/gb2312/book04/main.htm... 34.
34-0
Converting links in docs_live/big5/book07/left.htm... 17.
17-0
Converting links in docs_live/big5/corner.htm... 1.
1-0
Converting links in docs_live/big5/book10/chapter02.htm... 5.
5-0
Converting links in docs_live/gb2312/book07/chapter01.htm... 6.
6-0
Converting links in docs_live/gb2312/book08/chapter11.htm... 5.
5-0
Converting links in docs_live/big5/book08/chapter02.htm... 8.
8-0
Converting links in docs_live/gb2312/book10/chapter08.htm... 6.
6-0
Converting links in docs_live/gb2312/book09/leftframe.htm... nothing to do.
Converting links in docs_live/gb2312/book03/right.htm... nothing to do.
Converted links in 700 files in 0.6 seconds.
